#include <stdint.h>
#pragma once

const uint16_t BlueCar[96] = {
    0x0843, 0x075B, 0xFFFF, 0x0616, 0x0533, 0x0000, 0x0843, 0x0843, 
    0x075B, 0x075B, 0xFFFF, 0x075B, 0x0616, 0x0533, 0x0000, 0x0843, 
    0x075B, 0xFFFF, 0x075B, 0x075B, 0x0616, 0x0533, 0x0000, 0x0843, 
    0x075B, 0xFFFF, 0x0000, 0x0000, 0x0616, 0x0533, 0x0000, 0x0843, 
    0x075B, 0x0000, 0x0000, 0x0000, 0x0000, 0x0533, 0x0000, 0x0000, 
    0x075B, 0x0000, 0x075B, 0x075B, 0x0000, 0x0533, 0x0000, 0x0000, 
    0x075B, 0x0000, 0x075B, 0x075B, 0x0000, 0x0533, 0x0000, 0x0000, 
    0x075B, 0x075B, 0x0000, 0x0000, 0x0533, 0x0533, 0x0000, 0x0000, 
    0x075B, 0x0000, 0x0000, 0x0000, 0x0000, 0x0533, 0x0000, 0x0000, 
    0x075B, 0x075B, 0x075B, 0x075B, 0x0616, 0x0533, 0x0000, 0x0843, 
    0x075B, 0x075B, 0x075B, 0x075B, 0x075B, 0x0533, 0x0000, 0x0843, 
    0x075B, 0x0000, 0x0000, 0x0000, 0x0000, 0x075B, 0x0000, 0x0000, 
};

const uint16_t CarDestroyed[84] = {
    0x0843, 0xC638, 0xC000, 0xC000, 0x0843, 0x0000, 0x0843, 
    0xC000, 0xC638, 0xC000, 0xC000, 0xC000, 0xB000, 0x0000, 
    0xB000, 0xC638, 0xC000, 0xC000, 0xC000, 0xB000, 0x0000, 
    0x0000, 0x0000, 0x0000, 0x0000, 0xC000, 0xB000, 0x0000, 
    0x0000, 0x0000, 0xC638, 0xC000, 0x0000, 0xB000, 0x0843, 
    0x0843, 0x0000, 0xC638, 0xC000, 0xB000, 0x0000, 0x0843, 
    0x0843, 0x0000, 0xC638, 0x0000, 0x0000, 0x0000, 0x0000, 
    0x0000, 0xB000, 0x0000, 0xC000, 0xC000, 0xC000, 0x0843, 
    0xC000, 0x0000, 0x0000, 0x0000, 0x0000, 0xB000, 0x0843, 
    0xC000, 0x0000, 0xC000, 0xC000, 0x0000, 0xB000, 0x0000, 
    0xC000, 0xC638, 0xC000, 0xC000, 0xC000, 0x0000, 0x0000, 
    0xC000, 0x0843, 0xC000, 0xC000, 0x0000, 0x0843, 0x0000, 
};

const uint16_t CarFront[84] = {
    0x0843, 0xFFFF, 0xE000, 0xE000, 0xB000, 0x0000, 0x0843, 
    0xC000, 0xFFFF, 0xF800, 0xF800, 0xE000, 0xB000, 0x0000, 
    0xB000, 0xFFFF, 0xF800, 0xF800, 0xE000, 0xB000, 0x0000, 
    0xB000, 0xFFFF, 0x0000, 0x0000, 0xF800, 0xB000, 0x0000, 
    0xB000, 0x0000, 0xFFFF, 0xF9A3, 0x0000, 0xB000, 0x0000, 
    0x0843, 0xB000, 0xFFFF, 0xF9A3, 0xB000, 0x0000, 0x0000, 
    0x0843, 0xB000, 0xFFFF, 0xF9A3, 0xB000, 0x0000, 0x0000, 
    0xFFFF, 0xB000, 0x061F, 0x0000, 0xC000, 0xC000, 0x0000, 
    0xC000, 0x0000, 0x061F, 0x0000, 0x0000, 0xB000, 0x0000, 
    0xC000, 0x0000, 0xC000, 0xC000, 0x0000, 0xB000, 0x0000, 
    0xF800, 0xFFFF, 0xF800, 0xF800, 0xC000, 0xF800, 0x0000, 
    0xF800, 0xFFFF, 0xF800, 0xF800, 0xF800, 0xF800, 0x0000, 
};

const uint16_t Crash1[156] = {
    0xFFFF, 0xFFFF, 0xFFFF, 0xFFFF, 0xFFFF, 0xFFFF, 0xFFFF, 0xFFFF, 0xFFFF, 0xFFFF, 0xFFFF, 0xFFFF, 
    0xFFFF, 0xFFFF, 0xFFFF, 0xFFFF, 0xFFFF, 0xFFFF, 0xFFFF, 0xFFFF, 0xFFFF, 0xFFFF, 0xFFFF, 0xFFFF, 
    0xFFFF, 0xFFFF, 0xFFFF, 0xFFFF, 0xFFFF, 0xFFFF, 0xD940, 0xFFFF, 0xD940, 0xFFFF, 0xFFFF, 0xD940, 
    0xFFFF, 0xFFFF, 0xFFFF, 0xD940, 0xFFFF, 0xFFFF, 0xFFFF, 0xFFFF, 0xFFFF, 0xFFFF, 0xFFFF, 0xD940, 
    0xFFFF, 0xFFFF, 0xFFFF, 0xFFFF, 0xFFFF, 0x0000, 0xD940, 0xFFFF, 0x0000, 0xFFFF, 0xFFFF, 0xFFFF, 
    0xFFFF, 0xFFFF, 0xFFFF, 0xD940, 0xFFFF, 0xD940, 0xFFFF, 0xFFFF, 0xFFFF, 0xD940, 0xFFFF, 0xFFFF, 
    0xFFFF, 0xFFFF, 0xFFFF, 0xFFFF, 0xD940, 0x0000, 0xD940, 0xFFFF, 0xD940, 0xFFFF, 0xD940, 0xFFFF, 
    0xFFFF, 0xFFFF, 0xFFFF, 0xFFFF, 0xFFFF, 0xD940, 0xFFFF, 0xFFFF, 0xFFFF, 0xFFFF, 0xFFFF, 0xFFFF, 
    0xFFFF, 0xFFFF, 0xFFFF, 0xFFFF, 0xFFFF, 0xFFFF, 0xFFFF, 0xD940, 0xFFFF, 0xFFFF, 0xFFFF, 0xFFFF, 
    0xFFFF, 0xFFFF, 0xFFFF, 0xFFFF, 0xD940, 0xFFFF, 0xFFFF, 0xFFFF, 0xFFFF, 0xD940, 0xFFFF, 0xFFFF, 
    0xFFFF, 0xFFFF, 0xFFFF, 0xFFFF, 0xFFFF, 0xFFFF, 0xFFFF, 0xFFFF, 0xD940, 0xFFFF, 0xFFFF, 0xFFFF, 
    0xFFFF, 0xFFFF, 0xFFFF, 0xD940, 0xFFFF, 0xFFFF, 0xFFFF, 0xFFFF, 0xFFFF, 0xFFFF, 0xD940, 0xFFFF, 
    0xFFFF, 0xFFFF, 0xFFFF, 0xFFFF, 0xFFFF, 0xFFFF, 0xFFFF, 0xFFFF, 0xFFFF, 0xFFFF, 0xFFFF, 0xFFFF, 
};

const uint16_t Crash2[64] = {
    0xFFFF, 0xFFFF, 0x0000, 0xFFFF, 0xFFFF, 0xFFFF, 0xD940, 0xFFFF, 
    0xFFFF, 0xFFFF, 0x0000, 0xFFFF, 0xFFFF, 0x0000, 0xFFFF, 0xFFFF, 
    0xFFFF, 0xFFFF, 0x0000, 0xFFFF, 0xFFFF, 0xFFFF, 0xFFFF, 0x0000, 
    0xFFFF, 0xFFFF, 0xD940, 0x0000, 0xD940, 0xFFFF, 0x0000, 0xFFFF, 
    0xFFFF, 0xFFFF, 0xFFFF, 0xD940, 0xFFFF, 0xD940, 0x0000, 0xFFFF, 
    0xFFFF, 0xFFFF, 0x0000, 0xD940, 0xD940, 0x0000, 0xFFFF, 0xD940, 
    0xFFFF, 0x0000, 0xFFFF, 0x0000, 0xD940, 0xFFFF, 0x0000, 0xFFFF, 
    0xFFFF, 0xFFFF, 0xD940, 0xFFFF, 0xFFFF, 0x0000, 0xFFFF, 0xFFFF, 
};

const uint16_t Crash3[132] = {
    0xFFFF, 0xFFFF, 0xFFFF, 0xD940, 0xFFFF, 0xFFFF, 0xFFFF, 0xFFFF, 0xFFFF, 0xD940, 0xFFFF, 
    0xFFFF, 0xFFFF, 0xFFFF, 0xFFFF, 0xD940, 0xFFFF, 0xFFFF, 0xFFFF, 0xFFFF, 0xFFFF, 0xFFFF, 
    0xFFFF, 0xD940, 0xFFFF, 0xFFFF, 0xFFFF, 0xD940, 0xD940, 0xFFFF, 0xD940, 0xFFFF, 0xFFFF, 
    0xFFFF, 0xFFFF, 0xFFFF, 0xD940, 0xD940, 0xD940, 0xFFFF, 0xD940, 0xFFFF, 0xFFFF, 0xFFFF, 
    0xFFFF, 0xD940, 0xFFFF, 0xFFFF, 0xFFFF, 0xFFFF, 0xD940, 0xFFFF, 0xFFFF, 0xFFFF, 0xD940, 
    0xFFFF, 0xFFFF, 0xFFFF, 0xFFFF, 0xFFFF, 0xFFFF, 0xD940, 0xFFFF, 0xFFFF, 0xFFFF, 0xFFFF, 
    0xFFFF, 0xFFFF, 0xFFFF, 0xFFFF, 0xFFFF, 0xD940, 0xFFFF, 0xFFFF, 0xD940, 0xFFFF, 0xFFFF, 
    0xFFFF, 0xFFFF, 0xFFFF, 0xFFFF, 0xD940, 0xFFFF, 0xD940, 0xFFFF, 0xFFFF, 0xD940, 0xFFFF, 
    0xFFFF, 0xFFFF, 0xFFFF, 0xFFFF, 0xFFFF, 0xFFFF, 0xD940, 0xFFFF, 0xFFFF, 0xFFFF, 0xFFFF, 
    0xFFFF, 0xFFFF, 0xFFFF, 0xFFFF, 0xFFFF, 0xFFFF, 0xFFFF, 0xFFFF, 0xFFFF, 0xFFFF, 0xFFFF, 
    0xFFFF, 0xFFFF, 0xFFFF, 0xFFFF, 0xFFFF, 0xD940, 0xFFFF, 0xFFFF, 0xFFFF, 0xFFFF, 0xFFFF, 
    0xFFFF, 0xFFFF, 0xFFFF, 0xFFFF, 0xFFFF, 0xFFFF, 0xFFFF, 0xFFFF, 0xFFFF, 0xFFFF, 0xFFFF, 
};

const uint16_t GameSelector[4096] = {
    0x0843, 0x0843, 0x0843, 0x0843, 0x0843, 0x0843, 0x0843, 0x0843, 0x0843, 0x0843, 0x0843, 0x0843, 0x0843, 0x0843, 0x0843, 0x0843, 0x0843, 0x0843, 0x0843, 0x0843, 0x0843, 0x0843, 0x0843, 0x0843, 0x0843, 0x0843, 0x0843, 0x0843, 0x0843, 0x0843, 0x0843, 0x0843, 0x0843, 0x0843, 0x0843, 0x0843, 0x0843, 0x0843, 0x0843, 0x0843, 0x0843, 0x0843, 0x0843, 0x0843, 0x0843, 0x0843, 0x0843, 0x0843, 0x0843, 0x0843, 0x0843, 0x0843, 0x0843, 0x0843, 0x0843, 0x0843, 0x0843, 0x0843, 0x0843, 0x0843, 0x0843, 0x0843, 0x0843, 0x0843, 
    0x0843, 0x0843, 0x0843, 0x0843, 0x0843, 0x0843, 0x0843, 0x0843, 0x0843, 0x0843, 0x0843, 0x0843, 0x0843, 0x0843, 0x0843, 0x0843, 0x0843, 0x0843, 0x0843, 0x0843, 0x0843, 0x0843, 0x0843, 0x0843, 0x0843, 0x0843, 0x0843, 0x0843, 0x0843, 0x0843, 0x0843, 0x0843, 0x0843, 0x0843, 0x0843, 0x0843, 0x0843, 0x0843, 0x0843, 0x0843, 0x0843, 0x0843, 0x0843, 0x0843, 0x0843, 0x0843, 0x0843, 0x0843, 0x0843, 0x0843, 0x0843, 0x0843, 0x0843, 0x0843, 0x0843, 0x0843, 0x0843, 0x0843, 0x0843, 0x0843, 0x0843, 0x0843, 0x0843, 0x0843, 
    0x0843, 0x0843, 0x0843, 0x0843, 0x0843, 0x0843, 0x0843, 0x0843, 0x0843, 0x0843, 0x0843, 0x0843, 0x0843, 0x0843, 0x0843, 0x0843, 0x0843, 0x0843, 0x0843, 0x0843, 0x0843, 0x0843, 0x0843, 0x0843, 0x0843, 0x0843, 0x0843, 0x0843, 0x0843, 0x0843, 0x0843, 0x0843, 0x0843, 0x0843, 0x0843, 0x0843, 0x0843, 0x0843, 0x0843, 0x0843, 0x0843, 0x0843, 0x0843, 0x0843, 0x0843, 0x0843, 0x0843, 0x0843, 0x0843, 0x0843, 0x0843, 0x0843, 0x0843, 0x0843, 0x0843, 0x0843, 0x0843, 0x0843, 0x0843, 0x0843, 0x0843, 0x0843, 0x0843, 0x0843, 
    0x0843, 0x0843, 0x0843, 0x0843, 0x0843, 0x0843, 0x0843, 0x0843, 0x0843, 0x0843, 0x0843, 0x0843, 0x0843, 0x0843, 0x0843, 0x0843, 0x0843, 0x0843, 0x0843, 0x0843, 0x0843, 0x0843, 0x0843, 0x0843, 0x0843, 0x0843, 0x0843, 0x0843, 0x0843, 0x0843, 0x0843, 0x0843, 0x0843, 0x0843, 0x0843, 0x0843, 0x0843, 0x0843, 0x0843, 0x0843, 0x0843, 0x0843, 0x0843, 0x0843, 0x0843, 0x0843, 0x0843, 0x0843, 0x0843, 0x0843, 0x0843, 0x0843, 0x0843, 0x0843, 0x0843, 0x0843, 0x0843, 0x0843, 0x0843, 0x0843, 0x0843, 0x0843, 0x0843, 0x0843, 
    0x0843, 0x0843, 0x0843, 0x0843, 0x0843, 0x0843, 0x0843, 0x0843, 0x0843, 0x0843, 0x0843, 0x0843, 0x0843, 0x0843, 0x0843, 0x0843, 0x0843, 0x0843, 0x0843, 0x0843, 0x0843, 0x0843, 0x0843, 0x0843, 0x0843, 0x0843, 0x0843, 0x0843, 0x0843, 0x0843, 0x0843, 0x0843, 0x0843, 0x0843, 0x0843, 0x0843, 0x0843, 0x0843, 0x0843, 0x0843, 0x0843, 0x0843, 0x0843, 0x0843, 0x0843, 0x0843, 0x0843, 0x0843, 0x0843, 0x0843, 0x0843, 0x0843, 0x0843, 0x0843, 0x0843, 0x0843, 0x0843, 0x0843, 0x0843, 0x0843, 0x0843, 0x0843, 0x0843, 0x0843, 
    0x0843, 0x0843, 0x0843, 0x0843, 0x0843, 0x0843, 0x0843, 0x0843, 0x0843, 0x0843, 0x0843, 0x0843, 0x0843, 0x0843, 0x0843, 0x0843, 0x0843, 0x0843, 0x0843, 0x0843, 0x0843, 0x0843, 0x0843, 0x0843, 0x0843, 0x0843, 0x0843, 0x0843, 0x0843, 0x0843, 0x0843, 0x0843, 0x0843, 0x0843, 0x0843, 0x0843, 0x0843, 0x0843, 0x0843, 0x0843, 0x0843, 0x0843, 0x0843, 0x0843, 0x0843, 0x0843, 0x0843, 0x0843, 0x0843, 0x0843, 0x0843, 0x0843, 0x0843, 0x0843, 0x0843, 0x0843, 0x0843, 0x0843, 0x0843, 0x0843, 0x0843, 0x0843, 0x0843, 0x0843, 
    0x0843, 0x0843, 0x0843, 0x0843, 0x0843, 0x0843, 0x0843, 0x0843, 0x0843, 0x0843, 0x0843, 0x0843, 0x0843, 0x0843, 0x0843, 0x0843, 0x0843, 0x0843, 0x0843, 0x0843, 0x0843, 0x0843, 0x0843, 0x0843, 0x0843, 0x0843, 0x0843, 0x0843, 0x0843, 0x0843, 0x0843, 0x0843, 0x0843, 0x0843, 0x0843, 0x0843, 0x0843, 0x0843, 0x0843, 0x0843, 0x0843, 0x0843, 0x0843, 0x0843, 0x0843, 0x0843, 0x0843, 0x0843, 0x0843, 0x0843, 0x0843, 0x0843, 0x0843, 0x0843, 0x0843, 0x0843, 0x0843, 0x0843, 0x0843, 0x0843, 0x0843, 0x0843, 0x0843, 0x0843, 
    0x0843, 0x0843, 0x0843, 0x0843, 0x0843, 0x0843, 0x0843, 0x0843, 0x0843, 0x0843, 0x0843, 0x0843, 0x0843, 0x0843, 0x0843, 0x0843, 0x0843, 0x0843, 0x0843, 0x0843, 0x0843, 0x0843, 0x0843, 0x0843, 0x0843, 0x0843, 0x0843, 0x0843, 0x0843, 0x0843, 0x0843, 0x0843, 0x0843, 0x0843, 0x0843, 0x0843, 0x0843, 0x0843, 0x0843, 0x0843, 0x0843, 0x0843, 0x0843, 0x0843, 0x0843, 0x0843, 0x0843, 0x0843, 0x0843, 0x0843, 0x0843, 0x0843, 0x0843, 0x0843, 0x0843, 0x0843, 0x0843, 0x0843, 0x0843, 0x0843, 0x0843, 0x0843, 0x0843, 0x0843, 
    0x0843, 0x0843, 0x0843, 0x0843, 0x0843, 0x0843, 0x0843, 0x0843, 0x0843, 0x0843, 0x0843, 0x0843, 0x0843, 0x0843, 0x0843, 0x0843, 0x0843, 0x0843, 0x0843, 0x0843, 0x0843, 0x0843, 0x0843, 0x0843, 0x0843, 0x0843, 0x0843, 0x0843, 0x0843, 0x0843, 0x0843, 0x0843, 0x0843, 0x0843, 0x0843, 0x0843, 0x0843, 0x0843, 0x0843, 0x0843, 0x0843, 0x0843, 0x0843, 0x0843, 0x0843, 0x0843, 0x0843, 0x0843, 0x0843, 0x0843, 0x0843, 0x0843, 0x0843, 0x0843, 0x0843, 0x0843, 0x0843, 0x0843, 0x0843, 0x0843, 0x0843, 0x0843, 0x0843, 0x0843, 
    0x0843, 0x0843, 0x0843, 0x0843, 0x0843, 0x0843, 0x0843, 0x0843, 0x0843, 0x0843, 0x0843, 0x0843, 0x0843, 0x0843, 0x0843, 0x0843, 0x0843, 0x0843, 0x0843, 0x0843, 0x0843, 0x0843, 0x0843, 0x0843, 0x0843, 0x0843, 0x0843, 0x0843, 0x0843, 0x0843, 0x0843, 0x0843, 0x0843, 0x0843, 0x0843, 0x0843, 0x0843, 0x0843, 0x0843, 0x0843, 0x0843, 0x0843, 0x0843, 0x0843, 0x0843, 0x0843, 0x0843, 0x0843, 0x0843, 0x0843, 0x0843, 0x0843, 0x0843, 0x0843, 0x0843, 0x0843, 0x0843, 0x0843, 0x0843, 0x0843, 0x0843, 0x0843, 0x0843, 0x0843, 
    0x0843, 0x0843, 0x0843, 0x0843, 0x0843, 0x0843, 0x0843, 0x0843, 0x0843, 0x0843, 0x0843, 0x0843, 0x0843, 0x0843, 0x0843, 0x0843, 0x0843, 0x0843, 0x0843, 0x0843, 0x0843, 0x0843, 0x0843, 0x0843, 0x0843, 0x0843, 0x0843, 0x0843, 0x0843, 0x0843, 0x0843, 0x0843, 0x0843, 0x0843, 0x0843, 0x0843, 0x0843, 0x0843, 0x0843, 0x0843, 0x0843, 0x0843, 0x0843, 0x0843, 0x0843, 0x0843, 0x0843, 0x0843, 0x0843, 0x0843, 0x0843, 0x0843, 0x0843, 0x0843, 0x0843, 0x0843, 0x0843, 0x0843, 0x0843, 0x0843, 0x0843, 0x0843, 0x0843, 0x0843, 
    0x0843, 0x0843, 0x0843, 0x0843, 0x0843, 0x0843, 0x0843, 0x8EC0, 0x8EC0, 0x8EC0, 0x8EC0, 0x8EC0, 0x8EC0, 0x8EC0, 0x8EC0, 0x8EC0, 0x8EC0, 0x632C, 0x632C, 0x632C, 0x632C, 0x632C, 0x632C, 0x632C, 0x632C, 0x632C, 0x632C, 0x632C, 0x632C, 0x632C, 0x632C, 0x0843, 0x0843, 0x0000, 0x0000, 0x0000, 0x0000, 0x0000, 0x0000, 0x0000, 0x0000, 0x0000, 0x0000, 0x0000, 0x0000, 0x0000, 0x0000, 0x0000, 0x0000, 0x0000, 0x0000, 0x0000, 0x0000, 0x0000, 0x0000, 0x0000, 0x0000, 0x0843, 0x0843, 0x0843, 0x0843, 0x0843, 0x0843, 0x0843, 
    0x0843, 0x0843, 0x0843, 0x0843, 0x0843, 0x0843, 0x0843, 0x8EC0, 0x8EC0, 0x8EC0, 0x8EC0, 0x8EC0, 0x8EC0, 0x8EC0, 0x8EC0, 0x8EC0, 0x632C, 0x632C, 0x632C, 0x632C, 0xE061, 0xE061, 0xE061, 0xE061, 0xE061, 0xE061, 0xE061, 0xE061, 0xE061, 0xE061, 0xE061, 0x0843, 0x0843, 0x0000, 0x0000, 0x0000, 0x0000, 0x0000, 0x0000, 0x0000, 0x0000, 0x0000, 0x0000, 0x0000, 0x0000, 0x0000, 0x0000, 0x0000, 0x0000, 0x0000, 0x0000, 0x0000, 0x0000, 0x0000, 0x0000, 0x0000, 0x0000, 0x0843, 0x0843, 0x0843, 0x0843, 0x0843, 0x0843, 0x0843, 
    0x0843, 0x0843, 0x0843, 0x0843, 0x0843, 0x0843, 0x0843, 0x8EC0, 0x8EC0, 0x8EC0, 0x8EC0, 0x8EC0, 0x8EC0, 0x8EC0, 0x8EC0, 0x632C, 0x632C, 0x632C, 0x632C, 0xE061, 0x20E1, 0x39E7, 0x39E7, 0x39E7, 0x39E7, 0x39E7, 0x39E7, 0x39E7, 0x39E7, 0x39E7, 0x39E7, 0x0843, 0x0843, 0x0000, 0x0000, 0x0000, 0x0000, 0x0000, 0x0000, 0x0000, 0x0000, 0x0000, 0x0000, 0x0000, 0x0000, 0x0000, 0x0000, 0x0000, 0x0000, 0x0000, 0x0000, 0x0000, 0x0000, 0x0000, 0x0000, 0x0000, 0x0000, 0x0843, 0x0843, 0x0843, 0x0843, 0x0843, 0x0843, 0x0843, 
    0x0843, 0x0843, 0x0843, 0x0843, 0x0843, 0x0843, 0x0843, 0x8EC0, 0x8EC0, 0x8EC0, 0x8EC0, 0x8EC0, 0x8EC0, 0x8EC0, 0x8EC0, 0x632C, 0x632C, 0x632C, 0xE061, 0x20E1, 0x4A49, 0x4A49, 0x4A49, 0x4A49, 0x4A49, 0x4A49, 0x4A49, 0x4A49, 0x4A49, 0x4A49, 0x4A49, 0x0843, 0x0843, 0x0000, 0x0000, 0x0000, 0x0000, 0x0000, 0x0000, 0x0000, 0x0000, 0x0000, 0x0000, 0x0000, 0x0000, 0x0000, 0x0000, 0x0000, 0x0000, 0x0000, 0x0000, 0x0000, 0x0000, 0x0000, 0x0000, 0x0000, 0x0000, 0x0843, 0x0843, 0x0843, 0x0843, 0x0843, 0x0843, 0x0843, 
    0x0843, 0x0843, 0x0843, 0x0843, 0x0843, 0x0843, 0x0843, 0x8EC0, 0x8EC0, 0x8EC0, 0x8EC0, 0x8EC0, 0x8EC0, 0x8EC0, 0x632C, 0x632C, 0x632C, 0x632C, 0xE061, 0x20E1, 0x52AA, 0x52AA, 0x52AA, 0x52AA, 0x52AA, 0x52AA, 0x52AA, 0x52AA, 0x52AA, 0x52AA, 0x52AA, 0x0843, 0x0843, 0x0000, 0x0000, 0x0000, 0x0000, 0x0000, 0x0000, 0x6DE6, 0x0000, 0x0000, 0x0000, 0x0000, 0x0000, 0x0000, 0x0000, 0x0000, 0x0000, 0x0000, 0x6DE6, 0x0000, 0x0000, 0x0000, 0x0000, 0x0000, 0x0000, 0x0843, 0x0843, 0x0843, 0x0843, 0x0843, 0x0843, 0x0843, 
    0x0843, 0x0843, 0x0843, 0x0843, 0x0843, 0x0843, 0x0843, 0x8EC0, 0x8EC0, 0x8EC0, 0x8EC0, 0x8EC0, 0x8EC0, 0xE061, 0xE061, 0xE061, 0x632C, 0xE061, 0x20E1, 0x39E7, 0x630C, 0x630C, 0x630C, 0x630C, 0x630C, 0x630C, 0x630C, 0x630C, 0x630C, 0x630C, 0x630C, 0x0843, 0x0843, 0x0000, 0x0000, 0x0000, 0x0000, 0x0000, 0x0000, 0x6DE6, 0x6DE6, 0x0000, 0x0000, 0x0000, 0x0000, 0x0000, 0x0000, 0x0000, 0x0000, 0x6DE6, 0x6DE6, 0x0000, 0x0000, 0x0000, 0x0000, 0x0000, 0x0000, 0x0843, 0x0843, 0x0843, 0x0843, 0x0843, 0x0843, 0x0843, 
    0x0843, 0x0843, 0x0843, 0x0843, 0x0843, 0x0843, 0x0843, 0x8EC0, 0x8EC0, 0x8EC0, 0x8EC0, 0x8EC0, 0xE061, 0xE061, 0xE061, 0xE061, 0xE061, 0xE061, 0x20E1, 0x736D, 0x736D, 0x736D, 0x736D, 0x736D, 0x736D, 0x736D, 0x736D, 0x736D, 0x736D, 0x736D, 0x736D, 0x0843, 0x0843, 0x0000, 0x0000, 0x0000, 0x0000, 0x0000, 0x0000, 0x0000, 0x6DE6, 0x6DE6, 0x0000, 0x0000, 0x0000, 0x0000, 0x0000, 0x0000, 0x6DE6, 0x6DE6, 0x0000, 0x0000, 0x0000, 0x0000, 0x0000, 0x0000, 0x0000, 0x0843, 0x0843, 0x0843, 0x0843, 0x0843, 0x0843, 0x0843, 
    0x0843, 0x0843, 0x0843, 0x0843, 0x0843, 0x0843, 0x0843, 0x8EC0, 0x8EC0, 0x8EC0, 0x8EC0, 0x8EC0, 0xE061, 0xE061, 0xE061, 0xE061, 0x6081, 0x20E1, 0x20E1, 0x7BCF, 0x7BCF, 0x7BCF, 0x7BCF, 0x7BCF, 0x7BCF, 0x7BCF, 0x7BCF, 0x7BCF, 0x7BCF, 0x7BCF, 0x7BCF, 0x0843, 0x0843, 0x0000, 0x0000, 0x0000, 0x0000, 0x0000, 0x0000, 0x0000, 0x0000, 0x6DE6, 0x6DE6, 0x0000, 0x0000, 0x0000, 0x0000, 0x6DE6, 0x6DE6, 0x0000, 0x0000, 0x0000, 0x0000, 0x0000, 0x0000, 0x0000, 0x0000, 0x0843, 0x0843, 0x0843, 0x0843, 0x0843, 0x0843, 0x0843, 
    0x0843, 0x0843, 0x0843, 0x0843, 0x0843, 0x0843, 0x0843, 0x8EC0, 0x8EC0, 0x8EC0, 0x8EC0, 0x8EC0, 0x632C, 0x632C, 0x39E7, 0x6081, 0xA986, 0xA986, 0xA986, 0xA986, 0xA986, 0xA986, 0xA986, 0xA986, 0xA986, 0xA986, 0xA986, 0xA986, 0xA986, 0xA986, 0xA986, 0x0843, 0x0843, 0x0000, 0x0000, 0x6DE6, 0x0000, 0x0000, 0x0000, 0x6DE6, 0x6DE6, 0x6DE6, 0x6DE6, 0x6DE6, 0x6DE6, 0x6DE6, 0x6DE6, 0x6DE6, 0x6DE6, 0x6DE6, 0x6DE6, 0x0000, 0x0000, 0x0000, 0x6DE6, 0x0000, 0x0000, 0x0843, 0x0843, 0x0843, 0x0843, 0x0843, 0x0843, 0x0843, 
    0x0843, 0x0843, 0x0843, 0x0843, 0x0843, 0x0843, 0x0843, 0x8EC0, 0x8EC0, 0x8EC0, 0x8EC0, 0x632C, 0x632C, 0x41A6, 0xA986, 0xA986, 0xB924, 0xB924, 0xB924, 0xB924, 0xB924, 0xB924, 0xB924, 0xB924, 0xB924, 0xB924, 0xB924, 0xB924, 0xB924, 0xB924, 0xB924, 0x0843, 0x0843, 0x0000, 0x0000, 0x6DE6, 0x0000, 0x0000, 0x0000, 0x6DE6, 0x6DE6, 0x6DE6, 0x6DE6, 0x6DE6, 0x6DE6, 0x6DE6, 0x6DE6, 0x6DE6, 0x6DE6, 0x6DE6, 0x6DE6, 0x0000, 0x0000, 0x0000, 0x6DE6, 0x0000, 0x0000, 0x0843, 0x0843, 0x0843, 0x0843, 0x0843, 0x0843, 0x0843, 
    0x0843, 0x0843, 0x0843, 0x0843, 0x0843, 0x0843, 0x0843, 0x8EC0, 0x8EC0, 0x8EC0, 0x8EC0, 0x632C, 0x632C, 0xE061, 0xC8C2, 0xC8C2, 0xC8C2, 0xC8C2, 0xC8C2, 0xC8C2, 0xC8C2, 0xC8C2, 0xC8C2, 0xC8C2, 0xC8C2, 0xC8C2, 0xC8C2, 0xC8C2, 0xC8C2, 0xC8C2, 0xC8C2, 0x0843, 0x0843, 0x0000, 0x0000, 0x6DE6, 0x0000, 0x0000, 0x6DE6, 0x6DE6, 0x6DE6, 0x0000, 0x0000, 0x6DE6, 0x6DE6, 0x6DE6, 0x6DE6, 0x0000, 0x0000, 0x6DE6, 0x6DE6, 0x6DE6, 0x0000, 0x0000, 0x6DE6, 0x0000, 0x0000, 0x0843, 0x0843, 0x0843, 0x0843, 0x0843, 0x0843, 0x0843, 
    0x0843, 0x0843, 0x0843, 0x0843, 0x0843, 0x0843, 0x0843, 0x8EC0, 0x8EC0, 0x8EC0, 0x632C, 0x632C, 0xE061, 0xE061, 0xE061, 0xE061, 0xE061, 0xE061, 0xE061, 0xE061, 0xE061, 0xE061, 0xE061, 0xE061, 0xE061, 0xE061, 0xE061, 0xE061, 0xE061, 0xE061, 0xE061, 0x0843, 0x0843, 0x0000, 0x0000, 0x6DE6, 0x6DE6, 0x0000, 0x6DE6, 0x6DE6, 0x6DE6, 0x0000, 0x0000, 0x6DE6, 0x6DE6, 0x6DE6, 0x6DE6, 0x0000, 0x0000, 0x6DE6, 0x6DE6, 0x6DE6, 0x0000, 0x6DE6, 0x6DE6, 0x0000, 0x0000, 0x0843, 0x0843, 0x0843, 0x0843, 0x0843, 0x0843, 0x0843, 
    0x0843, 0x0843, 0x0843, 0x0843, 0x0843, 0x0843, 0x0843, 0x8EC0, 0x8EC0, 0x8EC0, 0x632C, 0x632C, 0xE061, 0xE061, 0x6081, 0x6081, 0x6081, 0x6081, 0x6081, 0x6081, 0x6061, 0x5841, 0x6081, 0x5862, 0xE061, 0x6081, 0x6081, 0x6081, 0x6081, 0x6081, 0x6081, 0x0843, 0x0843, 0x0000, 0x0000, 0x6DE6, 0x6DE6, 0x6DE6, 0x6DE6, 0x6DE6, 0x6DE6, 0x6DE6, 0x6DE6, 0x6DE6, 0x6DE6, 0x6DE6, 0x6DE6, 0x6DE6, 0x6DE6, 0x6DE6, 0x6DE6, 0x6DE6, 0x6DE6, 0x6DE6, 0x6DE6, 0x0000, 0x0000, 0x0843, 0x0843, 0x0843, 0x0843, 0x0843, 0x0843, 0x0843, 
    0x0843, 0x0843, 0x0843, 0x0843, 0x0843, 0x0843, 0x0843, 0x8EC0, 0x8EC0, 0x632C, 0x632C, 0x632C, 0xE061, 0x3986, 0xE4C6, 0x8BA7, 0x8BA7, 0xFF59, 0xF738, 0xF738, 0xF717, 0xF758, 0x7B89, 0xE061, 0xE061, 0xF737, 0x39C7, 0x39C7, 0xEF18, 0x18C1, 0xEF18, 0x0843, 0x0843, 0x0000, 0x0000, 0x0000, 0x6DE6, 0x6DE6, 0x6DE6, 0x6DE6, 0x6DE6, 0x6DE6, 0x6DE6, 0x6DE6, 0x6DE6, 0x6DE6, 0x6DE6, 0x6DE6, 0x6DE6, 0x6DE6, 0x6DE6, 0x6DE6, 0x6DE6, 0x6DE6, 0x0000, 0x0000, 0x0000, 0x0843, 0x0843, 0x0843, 0x0843, 0x0843, 0x0843, 0x0843, 
    0x0843, 0x0843, 0x0843, 0x0843, 0x0843, 0x0843, 0x0843, 0x8EC0, 0x8EC0, 0x632C, 0x632C, 0x632C, 0xE061, 0xFD03, 0xF4E7, 0x93E8, 0x93E8, 0xEF37, 0xF737, 0xF757, 0xEF16, 0xF738, 0x83EB, 0xE061, 0xE061, 0xF738, 0x3186, 0x3186, 0xEF18, 0x20E1, 0xF739, 0x0843, 0x0843, 0x0000, 0x0000, 0x0000, 0x0000, 0x0000, 0x6DE6, 0x6DE6, 0x6DE6, 0x6DE6, 0x6DE6, 0x6DE6, 0x6DE6, 0x6DE6, 0x6DE6, 0x6DE6, 0x6DE6, 0x6DE6, 0x6DE6, 0x6DE6, 0x0000, 0x0000, 0x0000, 0x0000, 0x0000, 0x0843, 0x0843, 0x0843, 0x0843, 0x0843, 0x0843, 0x0843, 
    0x0843, 0x0843, 0x0843, 0x0843, 0x0843, 0x0843, 0x0843, 0x8EC0, 0x632C, 0x632C, 0x632C, 0x632C, 0xE061, 0x6081, 0x6081, 0x6081, 0x6081, 0x6081, 0x6081, 0x6081, 0x6081, 0x6081, 0x6081, 0xE061, 0xE061, 0xE061, 0x39C7, 0x39C7, 0xEF18, 0x18C1, 0xF759, 0x0843, 0x0843, 0x0000, 0x0000, 0x0000, 0x0000, 0x0000, 0x0000, 0x6DE6, 0x6DE6, 0x6DE6, 0x6DE6, 0x6DE6, 0x6DE6, 0x6DE6, 0x6DE6, 0x6DE6, 0x6DE6, 0x6DE6, 0x6DE6, 0x0000, 0x0000, 0x0000, 0x0000, 0x0000, 0x0000, 0x0843, 0x0843, 0x0843, 0x0843, 0x0843, 0x0843, 0x0843, 
    0x0843, 0x0843, 0x0843, 0x0843, 0x0843, 0x0843, 0x0843, 0x8EC0, 0x632C, 0x632C, 0x632C, 0x632C, 0xE061, 0xE061, 0xE061, 0xE061, 0xE061, 0xE061, 0xE061, 0xE061, 0xE061, 0xE061, 0xE061, 0xE061, 0xE061, 0xE061, 0xE061, 0xE061, 0xE061, 0xE061, 0xE061, 0x0843, 0x0843, 0x0000, 0x0000, 0x0000, 0x0000, 0x0000, 0x0000, 0x0000, 0x6DE6, 0x6DE6, 0x6DE6, 0x6DE6, 0x6DE6, 0x6DE6, 0x6DE6, 0x6DE6, 0x6DE6, 0x6DE6, 0x0000, 0x0000, 0x0000, 0x0000, 0x0000, 0x0000, 0x0000, 0x0843, 0x0843, 0x0843, 0x0843, 0x0843, 0x0843, 0x0843, 
    0x0843, 0x0843, 0x0843, 0x0843, 0x0843, 0x0843, 0x0843, 0x632C, 0x632C, 0x632C, 0x632C, 0x632C, 0xE061, 0xE061, 0x39E7, 0x39E7, 0x39E7, 0x39E7, 0x39E7, 0x39E7, 0x39E7, 0x39E7, 0x39E7, 0x39E7, 0x39E7, 0x39E7, 0x39E7, 0x39E7, 0x39E7, 0x39E7, 0x39E7, 0x0843, 0x0843, 0x0000, 0x0000, 0x0000, 0x0000, 0x0000, 0x0000, 0x0000, 0x6DE6, 0x6DE6, 0x0000, 0x0000, 0x0000, 0x0000, 0x0000, 0x0000, 0x6DE6, 0x6DE6, 0x0000, 0x0000, 0x0000, 0x0000, 0x0000, 0x0000, 0x0000, 0x0843, 0x0843, 0x0843, 0x0843, 0x0843, 0x0843, 0x0843, 
    0x0843, 0x0843, 0x0843, 0x0843, 0x0843, 0x0843, 0x0843, 0x632C, 0x632C, 0x632C, 0x632C, 0x632C, 0xE061, 0xE061, 0xE061, 0xE061, 0xE061, 0xE061, 0xE061, 0xE061, 0xE061, 0xE061, 0xE061, 0xE061, 0xE061, 0xE061, 0xE061, 0x39E7, 0x39E7, 0x39E7, 0x39E7, 0x0843, 0x0843, 0x0000, 0x0000, 0x0000, 0x0000, 0x0000, 0x0000, 0x6DE6, 0x6DE6, 0x0000, 0x0000, 0x0000, 0x0000, 0x0000, 0x0000, 0x0000, 0x0000, 0x6DE6, 0x6DE6, 0x0000, 0x0000, 0x0000, 0x0000, 0x0000, 0x0000, 0x0843, 0x0843, 0x0843, 0x0843, 0x0843, 0x0843, 0x0843, 
    0x0843, 0x0843, 0x0843, 0x0843, 0x0843, 0x0843, 0x0843, 0x632C, 0x632C, 0x632C, 0x632C, 0x632C, 0xE061, 0xE061, 0xE061, 0xE061, 0xE061, 0xE061, 0xE061, 0xE061, 0xE061, 0xE061, 0xE061, 0x39E7, 0x39E7, 0x39E7, 0x39E7, 0x39E7, 0x39E7, 0x39E7, 0x39E7, 0x0843, 0x0843, 0x0000, 0x0000, 0x0000, 0x0000, 0x0000, 0x6DE6, 0x6DE6, 0x6DE6, 0x0000, 0x0000, 0x0000, 0x0000, 0x0000, 0x0000, 0x0000, 0x0000, 0x6DE6, 0x6DE6, 0x6DE6, 0x0000, 0x0000, 0x0000, 0x0000, 0x0000, 0x0843, 0x0843, 0x0843, 0x0843, 0x0843, 0x0843, 0x0843, 
    0x0843, 0x0843, 0x0843, 0x0843, 0x0843, 0x0843, 0x0843, 0x632C, 0x632C, 0x632C, 0x632C, 0x632C, 0xE061, 0xE061, 0x39E7, 0x39E7, 0x39E7, 0x39E7, 0x39E7, 0xE061, 0x39E7, 0x39E7, 0xE061, 0x39E7, 0x39E7, 0x39E7, 0x39E7, 0x39E7, 0x39E7, 0x39E7, 0x39E7, 0x0843, 0x0843, 0x0000, 0x0000, 0x0000, 0x0000, 0x0000, 0x6DE6, 0x0000, 0x0000, 0x0000, 0x0000, 0x0000, 0x0000, 0x0000, 0x0000, 0x0000, 0x0000, 0x0000, 0x0000, 0x6DE6, 0x0000, 0x0000, 0x0000, 0x0000, 0x0000, 0x0843, 0x0843, 0x0843, 0x0843, 0x0843, 0x0843, 0x0843, 
    0x0843, 0x0843, 0x0843, 0x0843, 0x0843, 0x0843, 0x0843, 0x632C, 0x632C, 0x632C, 0x632C, 0x632C, 0x41A7, 0xE061, 0x39E7, 0x39E7, 0x39E7, 0x39E7, 0x39E7, 0xE061, 0x39E7, 0x39E7, 0xE061, 0x39E7, 0x39E7, 0x39E7, 0x39E7, 0x39E7, 0x39E7, 0x39E7, 0x39E7, 0x0843, 0x0843, 0x0000, 0x0000, 0x0000, 0x0000, 0x0000, 0x0000, 0x0000, 0x0000, 0x0000, 0x0000, 0x0000, 0x0000, 0x0000, 0x0000, 0x0000, 0x0000, 0x0000, 0x0000, 0x0000, 0x0000, 0x0000, 0x0000, 0x0000, 0x0000, 0x0843, 0x0843, 0x0843, 0x0843, 0x0843, 0x0843, 0x0843, 
    0x0843, 0x0843, 0x0843, 0x0843, 0x0843, 0x0843, 0x0843, 0x632C, 0x632C, 0x632C, 0x632C, 0x632C, 0x39C7, 0x39C7, 0xE061, 0xE061, 0xE061, 0xE061, 0xE061, 0xE061, 0xE061, 0xE061, 0xE061, 0xE061, 0xE061, 0xE061, 0xE061, 0xE061, 0xE061, 0xE061, 0xE061, 0x0843, 0x0843, 0x0000, 0x0000, 0x0000, 0x0000, 0x0000, 0x0000, 0x0000, 0x0000, 0x0000, 0x0000, 0x0000, 0x0000, 0x0000, 0x0000, 0x0000, 0x0000, 0x0000, 0x0000, 0x0000, 0x0000, 0x0000, 0x0000, 0x0000, 0x0000, 0x0843, 0x0843, 0x0843, 0x0843, 0x0843, 0x0843, 0x0843, 
    0x0843, 0x0843, 0x0843, 0x0843, 0x0843, 0x0843, 0x0843, 0x632C, 0x632C, 0x632C, 0x632C, 0x632C, 0x39C7, 0x39C7, 0x31A6, 0x2945, 0x2945, 0x632C, 0x632C, 0x632C, 0x632C, 0x632C, 0x632C, 0x632C, 0x632C, 0x632C, 0x632C, 0x632C, 0x632C, 0x632C, 0x632C, 0x0843, 0x0843, 0x0000, 0x0000, 0x0000, 0x0000, 0x0000, 0x0000, 0x0000, 0x0000, 0x0000, 0x0000, 0x0000, 0x0000, 0x0000, 0x0000, 0x0000, 0x0000, 0x0000, 0x0000, 0x0000, 0x0000, 0x0000, 0x0000, 0x0000, 0x0000, 0x0843, 0x0843, 0x0843, 0x0843, 0x0843, 0x0843, 0x0843, 
    0x0843, 0x0843, 0x0843, 0x0843, 0x0843, 0x0843, 0x0843, 0x0843, 0x0843, 0x0843, 0x0843, 0x0843, 0x0843, 0x0843, 0x0843, 0x0843, 0x0843, 0x0843, 0x0843, 0x0843, 0x0843, 0x0843, 0x0843, 0x0843, 0x0843, 0x0843, 0x0843, 0x0843, 0x0843, 0x0843, 0x0843, 0x0843, 0x0843, 0x0843, 0x0843, 0x0843, 0x0843, 0x0843, 0x0843, 0x0843, 0x0843, 0x0843, 0x0843, 0x0843, 0x0843, 0x0843, 0x0843, 0x0843, 0x0843, 0x0843, 0x0843, 0x0843, 0x0843, 0x0843, 0x0843, 0x0843, 0x0843, 0x0843, 0x0843, 0x0843, 0x0843, 0x0843, 0x0843, 0x0843, 
    0x0843, 0x0843, 0x0843, 0x0843, 0x0843, 0x0843, 0x0843, 0x0843, 0x0843, 0x0843, 0x0843, 0x0843, 0x0843, 0x0843, 0x0843, 0x0843, 0x0843, 0x0843, 0x0843, 0x0843, 0x0843, 0x0843, 0x0843, 0x0843, 0x0843, 0x0843, 0x0843, 0x0843, 0x0843, 0x0843, 0x0843, 0x0843, 0x0843, 0x0843, 0x0843, 0x0843, 0x0843, 0x0843, 0x0843, 0x0843, 0x0843, 0x0843, 0x0843, 0x0843, 0x0843, 0x0843, 0x0843, 0x0843, 0x0843, 0x0843, 0x0843, 0x0843, 0x0843, 0x0843, 0x0843, 0x0843, 0x0843, 0x0843, 0x0843, 0x0843, 0x0843, 0x0843, 0x0843, 0x0843, 
    0x0843, 0x0843, 0x0843, 0x0843, 0x0843, 0x0843, 0x0843, 0x5E7C, 0x5E7C, 0x5E7C, 0x5E7C, 0x5E7C, 0x5E7C, 0x5E7C, 0x5E7C, 0x5E7C, 0x5E7C, 0x5E7C, 0x5E7C, 0x5E7C, 0x5E7C, 0x5E7C, 0x5E7C, 0x5E7C, 0x5E7C, 0x5E7C, 0x5E7C, 0x5E7C, 0x5E7C, 0x5E7C, 0x5E7C, 0x0843, 0x0843, 0x3310, 0x3310, 0x3310, 0x3310, 0x3310, 0x3310, 0x3310, 0x3310, 0x3310, 0x3310, 0x3310, 0x3310, 0x3310, 0x3310, 0x3310, 0x3310, 0x3310, 0x3310, 0x3310, 0x3310, 0x3310, 0x3310, 0x3310, 0x3310, 0x0843, 0x0843, 0x0843, 0x0843, 0x0843, 0x0843, 0x0843, 
    0x0843, 0x0843, 0x0843, 0x0843, 0x0843, 0x0843, 0x0843, 0x5E7C, 0x5E7C, 0x5E7C, 0x5E7C, 0x5E7C, 0x5E7C, 0x5E7C, 0x5E7C, 0x5E7C, 0x5E7C, 0x5E7C, 0x5E7C, 0x5E7C, 0x5E7C, 0x5E7C, 0x5E7C, 0x5E7C, 0x5E7C, 0x5E7C, 0x5E7C, 0x5E7C, 0x5E7C, 0x5E7C, 0x5E7C, 0x0843, 0x0843, 0x3310, 0x3310, 0x3310, 0x3310, 0x3310, 0x3310, 0x3310, 0x3310, 0x3310, 0x3310, 0x3310, 0x3310, 0x3310, 0x3310, 0x3310, 0x3310, 0x3310, 0x3310, 0x3310, 0x3310, 0x3310, 0x3310, 0x3310, 0x3310, 0x0843, 0x0843, 0x0843, 0x0843, 0x0843, 0x0843, 0x0843, 
    0x0843, 0x0843, 0x0843, 0x0843, 0x0843, 0x0843, 0x0843, 0x5E7C, 0x5E7C, 0x5E7C, 0x5E7C, 0x5E7C, 0x5E7C, 0x5E7C, 0x0000, 0x0000, 0x0000, 0x5E7C, 0x5E7C, 0x5E7C, 0x0000, 0x0000, 0x0000, 0x5E7C, 0x5E7C, 0x5E7C, 0x5E7C, 0x5E7C, 0x5E7C, 0x5E7C, 0x5E7C, 0x0843, 0x0843, 0x3310, 0x3310, 0x3310, 0x3310, 0x3310, 0x3310, 0x3310, 0x3310, 0x3310, 0x3310, 0x3310, 0x3310, 0x3310, 0x3310, 0x3310, 0x3310, 0x3310, 0x3310, 0x3310, 0x3310, 0x3310, 0x3310, 0x3310, 0x3310, 0x0843, 0x0843, 0x0843, 0x0843, 0x0843, 0x0843, 0x0843, 
    0x0843, 0x0843, 0x0843, 0x0843, 0x0843, 0x0843, 0x0843, 0x5E7C, 0x5E7C, 0x5E7C, 0x5E7C, 0x5E7C, 0x5E7C, 0x0000, 0x8EC0, 0x8EC0, 0x8EC0, 0x0000, 0x0000, 0x0000, 0x8EC0, 0x8EC0, 0x8EC0, 0x0000, 0x5E7C, 0x5E7C, 0x5E7C, 0x5E7C, 0x5E7C, 0x5E7C, 0x5E7C, 0x0843, 0x0843, 0x3310, 0x3310, 0x3310, 0x3310, 0x3310, 0x3310, 0x3310, 0x3310, 0x3310, 0x3310, 0x3310, 0x3310, 0x3310, 0x3310, 0x3310, 0x3310, 0x3310, 0x3310, 0x3310, 0x3310, 0x3310, 0x3310, 0x3310, 0x3310, 0x0843, 0x0843, 0x0843, 0x0843, 0x0843, 0x0843, 0x0843, 
    0x0843, 0x0843, 0x0843, 0x0843, 0x0843, 0x0843, 0x0843, 0x5E7C, 0x5E7C, 0x5E7C, 0x5E7C, 0x5E7C, 0x5E7C, 0x0000, 0x8EC0, 0xFFFF, 0x0000, 0x8EC0, 0x8EC0, 0x8EC0, 0xFFFF, 0x0000, 0x8EC0, 0x8EC0, 0x0000, 0x5E7C, 0x5E7C, 0x5E7C, 0x5E7C, 0x5E7C, 0x5E7C, 0x0843, 0x0843, 0x3310, 0x3310, 0x3310, 0x3310, 0x3310, 0x3310, 0x3310, 0x3310, 0x3310, 0x3310, 0x3310, 0x3310, 0x3310, 0x3310, 0x3310, 0x3310, 0x3310, 0x3310, 0x3310, 0x3310, 0x3310, 0x3310, 0x3310, 0x3310, 0x0843, 0x0843, 0x0843, 0x0843, 0x0843, 0x0843, 0x0843, 
    0x0843, 0x0843, 0x0843, 0x0843, 0x0843, 0x0843, 0x0843, 0x5E7C, 0x5E7C, 0x5E7C, 0x5E7C, 0x5E7C, 0x0000, 0x8EC0, 0x8EC0, 0x0000, 0x0000, 0x8EC0, 0x8EC0, 0x8EC0, 0x0000, 0x0000, 0x8EC0, 0x8EC0, 0x0000, 0x5E7C, 0x5E7C, 0x5E7C, 0x5E7C, 0x5E7C, 0x5E7C, 0x0843, 0x0843, 0x3310, 0x0000, 0x0000, 0x0000, 0x0000, 0x3310, 0x3310, 0x3310, 0x3310, 0x3310, 0x3310, 0x0000, 0x0000, 0x3310, 0x3310, 0x3310, 0x0000, 0x3310, 0x0000, 0x0000, 0x0000, 0x0000, 0x0000, 0x3310, 0x0843, 0x0843, 0x0843, 0x0843, 0x0843, 0x0843, 0x0843, 
    0x0843, 0x0843, 0x0843, 0x0843, 0x0843, 0x0843, 0x0843, 0x5E7C, 0x5E7C, 0x5E7C, 0x5E7C, 0x5E7C, 0x0000, 0x8EC0, 0x8EC0, 0x8EC0, 0x8EC0, 0x0000, 0x8EC0, 0x0000, 0x8EC0, 0x8EC0, 0x8EC0, 0x8EC0, 0x0000, 0x5E7C, 0x5E7C, 0x5E7C, 0x5E7C, 0x5E7C, 0x5E7C, 0x0843, 0x0843, 0x3310, 0x0000, 0x3310, 0x3310, 0x3310, 0x0000, 0x3310, 0x3310, 0x3310, 0x3310, 0x3310, 0x0000, 0x3310, 0x0000, 0x3310, 0x3310, 0x0000, 0x3310, 0x0000, 0x3310, 0x3310, 0x3310, 0x3310, 0x3310, 0x0843, 0x0843, 0x0843, 0x0843, 0x0843, 0x0843, 0x0843, 
    0x0843, 0x0843, 0x0843, 0x0843, 0x0843, 0x0843, 0x0843, 0x5E7C, 0x5E7C, 0x5E7C, 0x5E7C, 0x5E7C, 0x0000, 0xEE13, 0xEE13, 0x0000, 0xEE13, 0xEE13, 0xEE13, 0xEE13, 0xEE13, 0x0000, 0xEE13, 0xEE13, 0x0000, 0x5E7C, 0x5E7C, 0x5E7C, 0x5E7C, 0x5E7C, 0x5E7C, 0x0843, 0x0843, 0x3310, 0x0000, 0x3310, 0x3310, 0x3310, 0x0000, 0x3310, 0x3310, 0x3310, 0x3310, 0x3310, 0x0000, 0x3310, 0x0000, 0x3310, 0x3310, 0x0000, 0x3310, 0x0000, 0x3310, 0x3310, 0x3310, 0x3310, 0x3310, 0x0843, 0x0843, 0x0843, 0x0843, 0x0843, 0x0843, 0x0843, 
    0x0843, 0x0843, 0x0843, 0x0843, 0x0843, 0x0843, 0x0843, 0x5E7C, 0x5E7C, 0x5E7C, 0x5E7C, 0x5E7C, 0x0000, 0xEE13, 0xEE13, 0xEE13, 0x0000, 0x0000, 0x0000, 0x0000, 0x0000, 0xEE13, 0xEE13, 0xEE13, 0x0000, 0x5E7C, 0x5E7C, 0x5E7C, 0x5E7C, 0x5E7C, 0x5E7C, 0x0843, 0x0843, 0x3310, 0x0000, 0x3310, 0x3310, 0x3310, 0x0000, 0x3310, 0x3310, 0x3310, 0x3310, 0x3310, 0x0000, 0x3310, 0x3310, 0x0000, 0x3310, 0x0000, 0x3310, 0x0000, 0x3310, 0x3310, 0x3310, 0x3310, 0x3310, 0x0843, 0x0843, 0x0843, 0x0843, 0x0843, 0x0843, 0x0843, 
    0x0843, 0x0843, 0x0843, 0x0843, 0x0843, 0x0843, 0x0843, 0x5E7C, 0x5E7C, 0x5E7C, 0x5E7C, 0x5E7C, 0x5E7C, 0x0000, 0xEE13, 0xEE13, 0xEE13, 0x0000, 0xA986, 0x0000, 0xEE13, 0xEE13, 0x0000, 0x0000, 0x5E7C, 0x5E7C, 0x5E7C, 0x5E7C, 0x5E7C, 0x5E7C, 0x5E7C, 0x0843, 0x0843, 0x3310, 0x0000, 0x0000, 0x0000, 0x0000, 0x3310, 0x3310, 0x3310, 0x3310, 0x3310, 0x3310, 0x0000, 0x3310, 0x3310, 0x3310, 0x0000, 0x0000, 0x3310, 0x0000, 0x3310, 0x3310, 0x3310, 0x3310, 0x3310, 0x0843, 0x0843, 0x0843, 0x0843, 0x0843, 0x0843, 0x0843, 
    0x0843, 0x0843, 0x0843, 0x0843, 0x0843, 0x0843, 0x0843, 0x5E7C, 0x5E7C, 0x5E7C, 0x5E7C, 0x5E7C, 0x5E7C, 0x5E7C, 0x0000, 0x0000, 0x0000, 0x0000, 0xA986, 0x0000, 0x0000, 0x0000, 0x5E7C, 0x5E7C, 0x5E7C, 0x0000, 0x5E7C, 0x5E7C, 0x5E7C, 0x5E7C, 0x5E7C, 0x0843, 0x0843, 0x3310, 0x0000, 0x3310, 0x3310, 0x3310, 0x3310, 0x0000, 0x0000, 0x0000, 0x0000, 0x3310, 0x0000, 0x3310, 0x3310, 0x3310, 0x0000, 0x0000, 0x3310, 0x0000, 0x3310, 0x0000, 0x0000, 0x0000, 0x3310, 0x0843, 0x0843, 0x0843, 0x0843, 0x0843, 0x0843, 0x0843, 
    0x0843, 0x0843, 0x0843, 0x0843, 0x0843, 0x0843, 0x0843, 0x5E7C, 0x5E7C, 0x5E7C, 0x5E7C, 0x5E7C, 0x5E7C, 0x5E7C, 0x5E7C, 0x0000, 0xEE13, 0x0000, 0xA986, 0x0000, 0x8EC0, 0x0000, 0x5E7C, 0x5E7C, 0x0000, 0x8EC0, 0x0000, 0x5E7C, 0x5E7C, 0x5E7C, 0x5E7C, 0x0843, 0x0843, 0x3310, 0x0000, 0x3310, 0x3310, 0x3310, 0x0000, 0x3310, 0x3310, 0x3310, 0x3310, 0x0000, 0x3310, 0x3310, 0x3310, 0x3310, 0x3310, 0x0000, 0x3310, 0x0000, 0x3310, 0x3310, 0x3310, 0x0000, 0x3310, 0x0843, 0x0843, 0x0843, 0x0843, 0x0843, 0x0843, 0x0843, 
    0x0843, 0x0843, 0x0843, 0x0843, 0x0843, 0x0843, 0x0843, 0x5E7C, 0x5E7C, 0x5E7C, 0x5E7C, 0x5E7C, 0x5E7C, 0x5E7C, 0x5E7C, 0x0000, 0xEE13, 0xEE13, 0x0000, 0x8EC0, 0x0000, 0x5E7C, 0x5E7C, 0x0000, 0x8EC0, 0x8EC0, 0x0000, 0x5E7C, 0x5E7C, 0x5E7C, 0x5E7C, 0x0843, 0x0843, 0x3310, 0x0000, 0x3310, 0x3310, 0x3310, 0x0000, 0x3310, 0x3310, 0x3310, 0x3310, 0x0000, 0x3310, 0x3310, 0x3310, 0x3310, 0x3310, 0x0000, 0x3310, 0x0000, 0x3310, 0x3310, 0x3310, 0x0000, 0x3310, 0x0843, 0x0843, 0x0843, 0x0843, 0x0843, 0x0843, 0x0843, 
    0x0843, 0x0843, 0x0843, 0x0843, 0x0843, 0x0843, 0x0843, 0x5E7C, 0x5E7C, 0x5E7C, 0x5E7C, 0x0000, 0x0000, 0x0000, 0x5E7C, 0x0000, 0xEE13, 0xEE13, 0x8EC0, 0x8EC0, 0x0000, 0x5E7C, 0x0000, 0x8EC0, 0x0000, 0x0000, 0x0000, 0x0000, 0x5E7C, 0x5E7C, 0x5E7C, 0x0843, 0x0843, 0x3310, 0x0000, 0x3310, 0x3310, 0x3310, 0x0000, 0x3310, 0x3310, 0x3310, 0x3310, 0x0000, 0x3310, 0x3310, 0x3310, 0x3310, 0x3310, 0x0000, 0x3310, 0x0000, 0x0000, 0x0000, 0x0000, 0x0000, 0x3310, 0x0843, 0x0843, 0x0843, 0x0843, 0x0843, 0x0843, 0x0843, 
    0x0843, 0x0843, 0x0843, 0x0843, 0x0843, 0x0843, 0x0843, 0x5E7C, 0x5E7C, 0x5E7C, 0x0000, 0x8EC0, 0x43A3, 0x43A3, 0x0000, 0xDD0C, 0xEE13, 0x8EC0, 0x8EC0, 0x0000, 0x0000, 0x0000, 0x0000, 0x0000, 0x43A3, 0x8EC0, 0x43A3, 0x0000, 0x5E7C, 0x5E7C, 0x5E7C, 0x0843, 0x0843, 0x3310, 0x3310, 0x3310, 0x3310, 0x3310, 0x0000, 0x3310, 0x3310, 0x3310, 0x3310, 0x0000, 0x3310, 0x3310, 0x3310, 0x3310, 0x3310, 0x3310, 0x3310, 0x3310, 0x3310, 0x3310, 0x3310, 0x3310, 0x3310, 0x0843, 0x0843, 0x0843, 0x0843, 0x0843, 0x0843, 0x0843, 
    0x0843, 0x0843, 0x0843, 0x0843, 0x0843, 0x0843, 0x0843, 0x5E7C, 0x5E7C, 0x5E7C, 0x0000, 0x8EC0, 0x8EC0, 0x8EC0, 0x0000, 0xEE13, 0xDD0C, 0x8EC0, 0x43A3, 0x0000, 0x43A3, 0x43A3, 0x8EC0, 0x8EC0, 0x8EC0, 0x8EC0, 0x8EC0, 0x0000, 0x5E7C, 0x5E7C, 0x5E7C, 0x0843, 0x0843, 0x3310, 0x3310, 0x3310, 0x3310, 0x3310, 0x0000, 0x3310, 0xFF86, 0x3310, 0x3310, 0x0000, 0x3310, 0x3310, 0x3310, 0x3310, 0x3310, 0x3310, 0x3310, 0x3310, 0x3310, 0x3310, 0x3310, 0x3310, 0x3310, 0x0843, 0x0843, 0x0843, 0x0843, 0x0843, 0x0843, 0x0843, 
    0x0843, 0x0843, 0x0843, 0x0843, 0x0843, 0x0843, 0x0843, 0x5E7C, 0x5E7C, 0x0000, 0x0000, 0x0000, 0x0000, 0x8EC0, 0x0000, 0xEE13, 0xEE13, 0x8EC0, 0x43A3, 0x0000, 0x8EC0, 0x8EC0, 0x8EC0, 0x8EC0, 0x0000, 0x0000, 0x0000, 0x0000, 0x5E7C, 0x5E7C, 0x5E7C, 0x0843, 0x0843, 0x3310, 0x3310, 0x3310, 0xFF86, 0x3310, 0x0000, 0x3310, 0xFF86, 0x3310, 0x3310, 0x0000, 0x3310, 0xFF86, 0x3310, 0x3310, 0x3310, 0x3310, 0x3310, 0x3310, 0x3310, 0x3310, 0x3310, 0x3310, 0x3310, 0x0843, 0x0843, 0x0843, 0x0843, 0x0843, 0x0843, 0x0843, 
    0x0843, 0x0843, 0x0843, 0x0843, 0x0843, 0x0843, 0x0843, 0x5E7C, 0x0000, 0x8EC0, 0x43A3, 0x43A3, 0x8EC0, 0x0000, 0x0000, 0xEE13, 0xEE13, 0x8EC0, 0x8EC0, 0x43A3, 0x0000, 0x0000, 0x0000, 0x0000, 0x8EC0, 0x43A3, 0x8EC0, 0x8EC0, 0x0000, 0x5E7C, 0x5E7C, 0x0843, 0x0843, 0x3310, 0x3310, 0x3310, 0x3310, 0xFF86, 0x0000, 0xFF86, 0xFF86, 0x3310, 0xFF86, 0x0000, 0xFF86, 0x3310, 0x3310, 0x3310, 0x3310, 0x3310, 0x3310, 0x3310, 0x3310, 0x3310, 0x3310, 0x3310, 0x3310, 0x0843, 0x0843, 0x0843, 0x0843, 0x0843, 0x0843, 0x0843, 
    0x0843, 0x0843, 0x0843, 0x0843, 0x0843, 0x0843, 0x0843, 0x5E7C, 0x0000, 0x8EC0, 0x8EC0, 0x8EC0, 0xDD0C, 0x8EC0, 0x0000, 0xEE13, 0xEE13, 0xDD0C, 0x8EC0, 0x8EC0, 0x8EC0, 0x43A3, 0x43A3, 0x8EC0, 0x8EC0, 0x8EC0, 0xEE13, 0xEE13, 0x0000, 0x5E7C, 0x5E7C, 0x0843, 0x0843, 0x3310, 0x3310, 0x3310, 0x3310, 0x3310, 0xFF86, 0xE061, 0xFF86, 0xE061, 0xE061, 0xFF86, 0x3310, 0x3310, 0x3310, 0x3310, 0x3310, 0x3310, 0x3310, 0x3310, 0x3310, 0x3310, 0x3310, 0x3310, 0x3310, 0x0843, 0x0843, 0x0843, 0x0843, 0x0843, 0x0843, 0x0843, 
    0x0843, 0x0843, 0x0843, 0x0843, 0x0843, 0x0843, 0x0843, 0x5E7C, 0x5E7C, 0x0000, 0xEE13, 0xDD0C, 0xEE13, 0xEE13, 0xEE13, 0x0000, 0xDD0C, 0xEE13, 0xEE13, 0xEE13, 0xEE13, 0xDD0C, 0xEE13, 0xEE13, 0xEE13, 0xDD0C, 0xEE13, 0x0000, 0x5E7C, 0x5E7C, 0x5E7C, 0x0843, 0x0843, 0x3310, 0x3310, 0xFFFF, 0xFFFF, 0xFFFF, 0xFFFF, 0xFF86, 0xE061, 0xFF86, 0xFFFF, 0xFFFF, 0xFFFF, 0xFFFF, 0xFFFF, 0xFFFF, 0xFFFF, 0xFFFF, 0xFFFF, 0xFFFF, 0xFFFF, 0xFFFF, 0xFFFF, 0x3310, 0x3310, 0x0843, 0x0843, 0x0843, 0x0843, 0x0843, 0x0843, 0x0843, 
    0x0843, 0x0843, 0x0843, 0x0843, 0x0843, 0x0843, 0x0843, 0x5E7C, 0x5E7C, 0x5E7C, 0x0000, 0x0000, 0x0000, 0x0000, 0x0000, 0x5E7C, 0x0000, 0x0000, 0x0000, 0x0000, 0x0000, 0x0000, 0x0000, 0x0000, 0x0000, 0x0000, 0x0000, 0x5E7C, 0x5E7C, 0x5E7C, 0x5E7C, 0x0843, 0x0843, 0x3310, 0xFFFF, 0xFFFF, 0xFFFF, 0xFFFF, 0xFFFF, 0xFFFF, 0xFFFF, 0xFFFF, 0xFFFF, 0xFFFF, 0xFFFF, 0xFFFF, 0xFFFF, 0xFFFF, 0xFFFF, 0xFFFF, 0xFFFF, 0xFFFF, 0xFFFF, 0xFFFF, 0xFFFF, 0xFFFF, 0x3310, 0x0843, 0x0843, 0x0843, 0x0843, 0x0843, 0x0843, 0x0843, 
    0x0843, 0x0843, 0x0843, 0x0843, 0x0843, 0x0843, 0x0843, 0x5E7C, 0x5E7C, 0x5E7C, 0x5E7C, 0x5E7C, 0x5E7C, 0x5E7C, 0x5E7C, 0x5E7C, 0x5E7C, 0x5E7C, 0x5E7C, 0x5E7C, 0x5E7C, 0x5E7C, 0x5E7C, 0x5E7C, 0x5E7C, 0x5E7C, 0x5E7C, 0x5E7C, 0x5E7C, 0x5E7C, 0x5E7C, 0x0843, 0x0843, 0x3310, 0x3310, 0x3310, 0x3310, 0x3310, 0x3310, 0x3310, 0x3310, 0x3310, 0x3310, 0x3310, 0x3310, 0x3310, 0x3310, 0x3310, 0x3310, 0x3310, 0x3310, 0x3310, 0x3310, 0x3310, 0x3310, 0x3310, 0x3310, 0x0843, 0x0843, 0x0843, 0x0843, 0x0843, 0x0843, 0x0843, 
    0x0843, 0x0843, 0x0843, 0x0843, 0x0843, 0x0843, 0x0843, 0x5E7C, 0x5E7C, 0x5E7C, 0x5E7C, 0x5E7C, 0x5E7C, 0x5E7C, 0x5E7C, 0x5E7C, 0x5E7C, 0x5E7C, 0x5E7C, 0x5E7C, 0x5E7C, 0x5E7C, 0x5E7C, 0x5E7C, 0x5E7C, 0x5E7C, 0x5E7C, 0x5E7C, 0x5E7C, 0x5E7C, 0x5E7C, 0x0843, 0x0843, 0x3310, 0x3310, 0x3310, 0x3310, 0x3310, 0x3310, 0x3310, 0x3310, 0x3310, 0x3310, 0x3310, 0x3310, 0x3310, 0x3310, 0x3310, 0x3310, 0x3310, 0x3310, 0x3310, 0x3310, 0x3310, 0x3310, 0x3310, 0x3310, 0x0843, 0x0843, 0x0843, 0x0843, 0x0843, 0x0843, 0x0843, 
    0x0843, 0x0843, 0x0843, 0x0843, 0x0843, 0x0843, 0x0843, 0x5E7C, 0x5E7C, 0x5E7C, 0x5E7C, 0x5E7C, 0x5E7C, 0x5E7C, 0x5E7C, 0x5E7C, 0x5E7C, 0x5E7C, 0x5E7C, 0x5E7C, 0x5E7C, 0x5E7C, 0x5E7C, 0x5E7C, 0x5E7C, 0x5E7C, 0x5E7C, 0x5E7C, 0x5E7C, 0x5E7C, 0x5E7C, 0x0843, 0x0843, 0x3310, 0x3310, 0x3310, 0x3310, 0x3310, 0x3310, 0x3310, 0x3310, 0x3310, 0x3310, 0x3310, 0x3310, 0x3310, 0x3310, 0x3310, 0x3310, 0x3310, 0x3310, 0x3310, 0x3310, 0x3310, 0x3310, 0x3310, 0x3310, 0x0843, 0x0843, 0x0843, 0x0843, 0x0843, 0x0843, 0x0843, 
    0x0843, 0x0843, 0x0843, 0x0843, 0x0843, 0x0843, 0x0843, 0x0843, 0x0843, 0x0843, 0x0843, 0x0843, 0x0843, 0x0843, 0x0843, 0x0843, 0x0843, 0x0843, 0x0843, 0x0843, 0x0843, 0x0843, 0x0843, 0x0843, 0x0843, 0x0843, 0x0843, 0x0843, 0x0843, 0x0843, 0x0843, 0x0843, 0x0843, 0x0843, 0x0843, 0x0843, 0x0843, 0x0843, 0x0843, 0x0843, 0x0843, 0x0843, 0x0843, 0x0843, 0x0843, 0x0843, 0x0843, 0x0843, 0x0843, 0x0843, 0x0843, 0x0843, 0x0843, 0x0843, 0x0843, 0x0843, 0x0843, 0x0843, 0x0843, 0x0843, 0x0843, 0x0843, 0x0843, 0x0843, 
    0x0843, 0x0843, 0x0843, 0x0843, 0x0843, 0x0843, 0x0843, 0x0843, 0x0843, 0x0843, 0x0843, 0x0843, 0x0843, 0x0843, 0x0843, 0x0843, 0x0843, 0x0843, 0x0843, 0x0843, 0x0843, 0x0843, 0x0843, 0x0843, 0x0843, 0x0843, 0x0843, 0x0843, 0x0843, 0x0843, 0x0843, 0x0843, 0x0843, 0x0843, 0x0843, 0x0843, 0x0843, 0x0843, 0x0843, 0x0843, 0x0843, 0x0843, 0x0843, 0x0843, 0x0843, 0x0843, 0x0843, 0x0843, 0x0843, 0x0843, 0x0843, 0x0843, 0x0843, 0x0843, 0x0843, 0x0843, 0x0843, 0x0843, 0x0843, 0x0843, 0x0843, 0x0843, 0x0843, 0x0843, 
    0x0843, 0x0843, 0x0843, 0x0843, 0x0843, 0x0843, 0x0843, 0x0843, 0x0843, 0x0843, 0x0843, 0x0843, 0x0843, 0x0843, 0x0843, 0x0843, 0x0843, 0x0843, 0x0843, 0x0843, 0x0843, 0x0843, 0x0843, 0x0843, 0x0843, 0x0843, 0x0843, 0x0843, 0x0843, 0x0843, 0x0843, 0x0843, 0x0843, 0x0843, 0x0843, 0x0843, 0x0843, 0x0843, 0x0843, 0x0843, 0x0843, 0x0843, 0x0843, 0x0843, 0x0843, 0x0843, 0x0843, 0x0843, 0x0843, 0x0843, 0x0843, 0x0843, 0x0843, 0x0843, 0x0843, 0x0843, 0x0843, 0x0843, 0x0843, 0x0843, 0x0843, 0x0843, 0x0843, 0x0843, 
};

const uint16_t RedCar[96] = {
    0x0843, 0xD940, 0xD940, 0xD940, 0xD940, 0x0000, 0x0843, 0x0843, 
    0xD940, 0xFFFF, 0xD940, 0xD940, 0xFFFF, 0xD940, 0x0000, 0x0843, 
    0x0000, 0xD940, 0xD940, 0xD940, 0xD940, 0x0000, 0x0000, 0x0843, 
    0x0000, 0xD940, 0xD940, 0xD940, 0xD940, 0x0000, 0x0000, 0x0843, 
    0xD940, 0xD940, 0xFFFF, 0x0000, 0xD940, 0xD940, 0x0000, 0x0000, 
    0xD940, 0xFFFF, 0x0000, 0x0000, 0x0000, 0xD940, 0x0000, 0x0000, 
    0xD940, 0xFFFF, 0xD940, 0xD940, 0x0000, 0xD940, 0x0000, 0x0000, 
    0xD940, 0xFFFF, 0xD940, 0xD940, 0x0000, 0xD940, 0x0000, 0x0000, 
    0xD940, 0xFFFF, 0xD940, 0xD940, 0x0000, 0xD940, 0x0000, 0x0000, 
    0xD940, 0xD940, 0xD940, 0xD940, 0xD940, 0xD940, 0x0000, 0x0843, 
    0x0000, 0xD940, 0x0000, 0x0000, 0xD940, 0x0000, 0x0000, 0x0843, 
    0xD940, 0xD940, 0xD940, 0xD940, 0xD940, 0xD940, 0x0000, 0x0843, 
};

const uint16_t Road[4096] = {
    0x8EC0, 0x8EC0, 0x8EC0, 0x8EC0, 0x8EC0, 0x8EC0, 0x8EC0, 0x8EC0, 0x8EC0, 0x8EC0, 0x8EC0, 0x8EC0, 0xFFFF, 0x632C, 0x0000, 0x632C, 0x632C, 0x632C, 0x632C, 0x632C, 0x632C, 0x632C, 0x632C, 0x632C, 0x632C, 0x632C, 0x632C, 0x632C, 0x632C, 0x632C, 0x632C, 0x632C, 0xFFFF, 0x632C, 0x632C, 0x632C, 0x632C, 0x632C, 0x632C, 0x632C, 0x632C, 0x632C, 0x632C, 0x632C, 0x632C, 0x632C, 0x632C, 0x632C, 0x632C, 0x632C, 0x632C, 0x632C, 0xFFFF, 0x8EC0, 0x8EC0, 0x0000, 0x8EC0, 0x8EC0, 0x8EC0, 0x8EC0, 0x8EC0, 0x8EC0, 0x8EC0, 0x8EC0, 
    0x8EC0, 0x8EC0, 0x8EC0, 0x8EC0, 0x8EC0, 0x8EC0, 0x8EC0, 0x8EC0, 0x8EC0, 0x8EC0, 0x8EC0, 0xFFFF, 0xFFFF, 0x0000, 0x0000, 0x632C, 0x632C, 0x632C, 0x632C, 0x632C, 0x632C, 0x632C, 0x632C, 0x632C, 0x632C, 0x632C, 0x632C, 0x632C, 0x632C, 0x632C, 0x632C, 0x632C, 0xFFFF, 0x632C, 0x632C, 0x632C, 0x632C, 0x632C, 0x632C, 0x632C, 0x632C, 0x632C, 0x632C, 0x632C, 0x632C, 0x632C, 0x632C, 0x632C, 0x632C, 0x632C, 0x632C, 0x632C, 0xFFFF, 0xFFFF, 0x0000, 0x0000, 0x8EC0, 0x8EC0, 0x8EC0, 0x8EC0, 0x8EC0, 0x8EC0, 0x8EC0, 0x8EC0, 
    0x8EC0, 0x8EC0, 0x8EC0, 0x8EC0, 0x8EC0, 0x8EC0, 0x8EC0, 0x8EC0, 0x8EC0, 0x8EC0, 0x8EC0, 0x8EC0, 0xFFFF, 0x632C, 0x0000, 0x632C, 0x632C, 0x632C, 0x632C, 0x632C, 0x632C, 0x632C, 0x632C, 0x632C, 0x632C, 0x632C, 0x632C, 0x632C, 0x632C, 0x632C, 0x632C, 0x632C, 0xFFFF, 0x632C, 0x632C, 0x632C, 0x632C, 0x632C, 0x632C, 0x632C, 0x632C, 0x632C, 0x632C, 0x632C, 0x632C, 0x632C, 0x632C, 0x632C, 0x632C, 0x632C, 0x632C, 0x632C, 0xFFFF, 0x8EC0, 0x8EC0, 0x0000, 0x8EC0, 0x8EC0, 0x8EC0, 0x8EC0, 0x8EC0, 0x8EC0, 0x8EC0, 0x8EC0, 
    0x8EC0, 0x8EC0, 0x8EC0, 0x8EC0, 0x8EC0, 0x8EC0, 0x8EC0, 0x8EC0, 0x8EC0, 0x8EC0, 0x8EC0, 0x8EC0, 0xFFFF, 0x632C, 0x0000, 0x632C, 0x632C, 0x632C, 0x632C, 0x632C, 0x632C, 0x632C, 0x632C, 0x632C, 0x632C, 0x632C, 0x632C, 0x632C, 0x632C, 0x632C, 0x632C, 0x632C, 0xFFFF, 0x632C, 0x632C, 0x632C, 0x632C, 0x632C, 0x632C, 0x632C, 0x632C, 0x632C, 0x632C, 0x632C, 0x632C, 0x632C, 0x632C, 0x632C, 0x632C, 0x632C, 0x632C, 0x632C, 0xFFFF, 0x8EC0, 0x8EC0, 0x0000, 0x8EC0, 0x8EC0, 0x8EC0, 0x8EC0, 0x8EC0, 0x8EC0, 0x8EC0, 0x8EC0, 
    0x8EC0, 0x8EC0, 0x8EC0, 0x8EC0, 0x8EC0, 0x8EC0, 0x8EC0, 0x8EC0, 0x8EC0, 0x8EC0, 0x8EC0, 0x8EC0, 0xFFFF, 0x632C, 0x0000, 0x632C, 0x632C, 0x632C, 0x632C, 0x632C, 0x632C, 0x632C, 0x632C, 0x632C, 0x632C, 0x632C, 0x632C, 0x632C, 0x632C, 0x632C, 0x632C, 0x632C, 0xFFFF, 0x632C, 0x632C, 0x632C, 0x632C, 0x632C, 0x632C, 0x632C, 0x632C, 0x632C, 0x632C, 0x632C, 0x632C, 0x632C, 0x632C, 0x632C, 0x632C, 0x632C, 0x632C, 0x632C, 0xFFFF, 0x8EC0, 0x8EC0, 0x0000, 0x8EC0, 0x8EC0, 0x8EC0, 0x8EC0, 0x8EC0, 0x8EC0, 0x8EC0, 0x8EC0, 
    0x8EC0, 0x8EC0, 0x8EC0, 0x8EC0, 0x8EC0, 0x8EC0, 0x8EC0, 0x8EC0, 0x8EC0, 0x8EC0, 0x8EC0, 0x8EC0, 0xFFFF, 0x632C, 0x0000, 0x632C, 0x632C, 0x632C, 0x632C, 0x632C, 0x632C, 0x632C, 0x632C, 0x632C, 0x632C, 0x632C, 0x632C, 0x632C, 0x632C, 0x632C, 0x632C, 0x632C, 0xFFFF, 0x632C, 0x632C, 0x632C, 0x632C, 0x632C, 0x632C, 0x632C, 0x632C, 0x632C, 0x632C, 0x632C, 0x632C, 0x632C, 0x632C, 0x632C, 0x632C, 0x632C, 0x632C, 0x632C, 0xFFFF, 0x8EC0, 0x8EC0, 0x0000, 0x8EC0, 0x8EC0, 0x8EC0, 0x8EC0, 0x8EC0, 0x8EC0, 0x8EC0, 0x8EC0, 
    0x8EC0, 0x8EC0, 0x8EC0, 0x8EC0, 0x8EC0, 0x8EC0, 0x8EC0, 0x8EC0, 0x8EC0, 0x8EC0, 0x8EC0, 0x8EC0, 0xFFFF, 0x632C, 0x0000, 0x632C, 0x632C, 0x632C, 0x632C, 0x632C, 0x632C, 0x632C, 0x632C, 0x632C, 0x632C, 0x632C, 0x632C, 0x632C, 0x632C, 0x632C, 0x632C, 0x632C, 0xFFFF, 0x632C, 0x632C, 0x632C, 0x632C, 0x632C, 0x632C, 0x632C, 0x632C, 0x632C, 0x632C, 0x632C, 0x632C, 0x632C, 0x632C, 0x632C, 0x632C, 0x632C, 0x632C, 0x632C, 0xFFFF, 0x8EC0, 0x8EC0, 0x0000, 0x8EC0, 0x8EC0, 0x8EC0, 0x8EC0, 0x8EC0, 0x8EC0, 0x8EC0, 0x8EC0, 
    0x8EC0, 0x8EC0, 0x8EC0, 0x8EC0, 0x8EC0, 0x8EC0, 0x8EC0, 0x8EC0, 0x8EC0, 0x8EC0, 0x8EC0, 0xFFFF, 0xFFFF, 0x0000, 0x0000, 0x632C, 0x632C, 0x632C, 0x632C, 0x632C, 0x632C, 0x632C, 0x632C, 0x632C, 0x632C, 0x632C, 0x632C, 0x632C, 0x632C, 0x632C, 0x632C, 0x632C, 0xFFFF, 0x632C, 0x632C, 0x632C, 0x632C, 0x632C, 0x632C, 0x632C, 0x632C, 0x632C, 0x632C, 0x632C, 0x632C, 0x632C, 0x632C, 0x632C, 0x632C, 0x632C, 0x632C, 0x632C, 0xFFFF, 0xFFFF, 0x0000, 0x0000, 0x8EC0, 0x8EC0, 0x8EC0, 0x8EC0, 0x8EC0, 0x8EC0, 0x8EC0, 0x8EC0, 
    0x8EC0, 0x8EC0, 0x8EC0, 0x8EC0, 0x8EC0, 0x8EC0, 0x8EC0, 0x8EC0, 0x8EC0, 0x8EC0, 0x8EC0, 0x8EC0, 0xFFFF, 0x632C, 0x0000, 0x632C, 0x632C, 0x632C, 0x632C, 0x632C, 0x632C, 0x632C, 0x632C, 0x632C, 0x632C, 0x632C, 0x632C, 0x632C, 0x632C, 0x632C, 0x632C, 0x632C, 0x632C, 0x632C, 0x632C, 0x632C, 0x632C, 0x632C, 0x632C, 0x632C, 0x632C, 0x632C, 0x632C, 0x632C, 0x632C, 0x632C, 0x632C, 0x632C, 0x632C, 0x632C, 0x632C, 0x632C, 0xFFFF, 0x8EC0, 0x8EC0, 0x0000, 0x8EC0, 0x8EC0, 0x8EC0, 0x8EC0, 0x8EC0, 0x8EC0, 0x8EC0, 0x8EC0, 
    0x8EC0, 0x8EC0, 0x8EC0, 0x8EC0, 0x8EC0, 0x8EC0, 0x8EC0, 0x8EC0, 0x8EC0, 0x8EC0, 0x8EC0, 0x8EC0, 0xFFFF, 0x632C, 0x0000, 0x632C, 0x632C, 0x632C, 0x632C, 0x632C, 0x632C, 0x632C, 0x632C, 0x632C, 0x632C, 0x632C, 0x632C, 0x632C, 0x632C, 0x632C, 0x632C, 0x632C, 0x632C, 0x632C, 0x632C, 0x632C, 0x632C, 0x632C, 0x632C, 0x632C, 0x632C, 0x632C, 0x632C, 0x632C, 0x632C, 0x632C, 0x632C, 0x632C, 0x632C, 0x632C, 0x632C, 0x632C, 0xFFFF, 0x8EC0, 0x8EC0, 0x0000, 0x8EC0, 0x8EC0, 0x8EC0, 0x8EC0, 0x8EC0, 0x8EC0, 0x8EC0, 0x8EC0, 
    0x8EC0, 0x8EC0, 0x8EC0, 0x8EC0, 0x8EC0, 0x8EC0, 0x8EC0, 0x8EC0, 0x8EC0, 0x8EC0, 0x8EC0, 0x8EC0, 0xFFFF, 0x632C, 0x0000, 0x632C, 0x632C, 0x632C, 0x632C, 0x632C, 0x632C, 0x632C, 0x632C, 0x632C, 0x632C, 0x632C, 0x632C, 0x632C, 0x632C, 0x632C, 0x632C, 0x632C, 0x632C, 0x632C, 0x632C, 0x632C, 0x632C, 0x632C, 0x632C, 0x632C, 0x632C, 0x632C, 0x632C, 0x632C, 0x632C, 0x632C, 0x632C, 0x632C, 0x632C, 0x632C, 0x632C, 0x632C, 0xFFFF, 0x8EC0, 0x8EC0, 0x0000, 0x8EC0, 0x8EC0, 0x8EC0, 0x8EC0, 0x8EC0, 0x8EC0, 0x8EC0, 0x8EC0, 
    0x8EC0, 0x8EC0, 0x8EC0, 0x8EC0, 0x8EC0, 0x8EC0, 0x8EC0, 0x8EC0, 0x8EC0, 0x8EC0, 0x8EC0, 0x8EC0, 0xFFFF, 0x632C, 0x0000, 0x632C, 0x632C, 0x632C, 0x632C, 0x632C, 0x632C, 0x632C, 0x632C, 0x632C, 0x632C, 0x632C, 0x632C, 0x632C, 0x632C, 0x632C, 0x632C, 0x632C, 0x632C, 0x632C, 0x632C, 0x632C, 0x632C, 0x632C, 0x632C, 0x632C, 0x632C, 0x632C, 0x632C, 0x632C, 0x632C, 0x632C, 0x632C, 0x632C, 0x632C, 0x632C, 0x632C, 0x632C, 0xFFFF, 0x8EC0, 0x8EC0, 0x0000, 0x8EC0, 0x8EC0, 0x8EC0, 0x8EC0, 0x8EC0, 0x8EC0, 0x8EC0, 0x8EC0, 
    0x8EC0, 0x8EC0, 0x8EC0, 0x8EC0, 0x8EC0, 0x8EC0, 0x8EC0, 0x8EC0, 0x8EC0, 0x8EC0, 0x8EC0, 0x8EC0, 0xFFFF, 0x632C, 0x0000, 0x632C, 0x632C, 0x632C, 0x632C, 0x632C, 0x632C, 0x632C, 0x632C, 0x632C, 0x632C, 0x632C, 0x632C, 0x632C, 0x632C, 0x632C, 0x632C, 0x632C, 0x632C, 0x632C, 0x632C, 0x632C, 0x632C, 0x632C, 0x632C, 0x632C, 0x632C, 0x632C, 0x632C, 0x632C, 0x632C, 0x632C, 0x632C, 0x632C, 0x632C, 0x632C, 0x632C, 0x632C, 0xFFFF, 0x8EC0, 0x8EC0, 0x0000, 0x8EC0, 0x8EC0, 0x8EC0, 0x8EC0, 0x8EC0, 0x8EC0, 0x8EC0, 0x8EC0, 
    0x8EC0, 0x8EC0, 0x8EC0, 0x8EC0, 0x8EC0, 0x8EC0, 0x8EC0, 0x8EC0, 0x8EC0, 0x8EC0, 0x8EC0, 0xFFFF, 0xFFFF, 0x0000, 0x0000, 0x632C, 0x632C, 0x632C, 0x632C, 0x632C, 0x632C, 0x632C, 0x632C, 0x632C, 0x632C, 0x632C, 0x632C, 0x632C, 0x632C, 0x632C, 0x632C, 0x632C, 0x632C, 0x632C, 0x632C, 0x632C, 0x632C, 0x632C, 0x632C, 0x632C, 0x632C, 0x632C, 0x632C, 0x632C, 0x632C, 0x632C, 0x632C, 0x632C, 0x632C, 0x632C, 0x632C, 0x632C, 0xFFFF, 0xFFFF, 0x0000, 0x0000, 0x8EC0, 0x8EC0, 0x8EC0, 0x8EC0, 0x8EC0, 0x8EC0, 0x8EC0, 0x8EC0, 
    0x8EC0, 0x8EC0, 0x8EC0, 0x8EC0, 0x8EC0, 0x8EC0, 0x8EC0, 0x8EC0, 0x8EC0, 0x8EC0, 0x8EC0, 0x8EC0, 0xFFFF, 0x632C, 0x0000, 0x632C, 0x632C, 0x632C, 0x632C, 0x632C, 0x632C, 0x632C, 0x632C, 0x632C, 0x632C, 0x632C, 0x632C, 0x632C, 0x632C, 0x632C, 0x632C, 0x632C, 0x632C, 0x632C, 0x632C, 0x632C, 0x632C, 0x632C, 0x632C, 0x632C, 0x632C, 0x632C, 0x632C, 0x632C, 0x632C, 0x632C, 0x632C, 0x632C, 0x632C, 0x632C, 0x632C, 0x632C, 0xFFFF, 0x8EC0, 0x8EC0, 0x0000, 0x8EC0, 0x8EC0, 0x8EC0, 0x8EC0, 0x8EC0, 0x8EC0, 0x8EC0, 0x8EC0, 
    0x8EC0, 0x8EC0, 0x8EC0, 0x8EC0, 0x8EC0, 0x8EC0, 0x8EC0, 0x8EC0, 0x8EC0, 0x8EC0, 0x8EC0, 0x8EC0, 0xFFFF, 0x632C, 0x0000, 0x632C, 0x632C, 0x632C, 0x632C, 0x632C, 0x632C, 0x632C, 0x632C, 0x632C, 0x632C, 0x632C, 0x632C, 0x632C, 0x632C, 0x632C, 0x632C, 0x632C, 0x632C, 0x632C, 0x632C, 0x632C, 0x632C, 0x632C, 0x632C, 0x632C, 0x632C, 0x632C, 0x632C, 0x632C, 0x632C, 0x632C, 0x632C, 0x632C, 0x632C, 0x632C, 0x632C, 0x632C, 0xFFFF, 0x8EC0, 0x8EC0, 0x0000, 0x8EC0, 0x8EC0, 0x8EC0, 0x8EC0, 0x8EC0, 0x8EC0, 0x8EC0, 0x8EC0, 
    0x8EC0, 0x8EC0, 0x8EC0, 0x8EC0, 0x8EC0, 0x8EC0, 0x8EC0, 0x8EC0, 0x8EC0, 0x8EC0, 0x8EC0, 0x8EC0, 0xFFFF, 0x632C, 0x0000, 0x632C, 0x632C, 0x632C, 0x632C, 0x632C, 0x632C, 0x632C, 0x632C, 0x632C, 0x632C, 0x632C, 0x632C, 0x632C, 0x632C, 0x632C, 0x632C, 0x632C, 0xFFFF, 0x632C, 0x632C, 0x632C, 0x632C, 0x632C, 0x632C, 0x632C, 0x632C, 0x632C, 0x632C, 0x632C, 0x632C, 0x632C, 0x632C, 0x632C, 0x632C, 0x632C, 0x632C, 0x632C, 0xFFFF, 0x8EC0, 0x8EC0, 0x0000, 0x8EC0, 0x8EC0, 0x8EC0, 0x8EC0, 0x8EC0, 0x8EC0, 0x8EC0, 0x8EC0, 
    0x8EC0, 0x8EC0, 0x8EC0, 0x8EC0, 0x8EC0, 0x8EC0, 0x8EC0, 0x8EC0, 0x8EC0, 0x8EC0, 0x8EC0, 0x8EC0, 0xFFFF, 0x632C, 0x0000, 0x632C, 0x632C, 0x632C, 0x632C, 0x632C, 0x632C, 0x632C, 0x632C, 0x632C, 0x632C, 0x632C, 0x632C, 0x632C, 0x632C, 0x632C, 0x632C, 0x632C, 0xFFFF, 0x632C, 0x632C, 0x632C, 0x632C, 0x632C, 0x632C, 0x632C, 0x632C, 0x632C, 0x632C, 0x632C, 0x632C, 0x632C, 0x632C, 0x632C, 0x632C, 0x632C, 0x632C, 0x632C, 0xFFFF, 0x8EC0, 0x8EC0, 0x0000, 0x8EC0, 0x8EC0, 0x8EC0, 0x8EC0, 0x8EC0, 0x8EC0, 0x8EC0, 0x8EC0, 
    0x8EC0, 0x8EC0, 0x8EC0, 0x8EC0, 0x8EC0, 0x8EC0, 0x8EC0, 0x8EC0, 0x8EC0, 0x8EC0, 0x8EC0, 0x8EC0, 0xFFFF, 0x632C, 0x0000, 0x632C, 0x632C, 0x632C, 0x632C, 0x632C, 0x632C, 0x632C, 0x632C, 0x632C, 0x632C, 0x632C, 0x632C, 0x632C, 0x632C, 0x632C, 0x632C, 0x632C, 0xFFFF, 0x632C, 0x632C, 0x632C, 0x632C, 0x632C, 0x632C, 0x632C, 0x632C, 0x632C, 0x632C, 0x632C, 0x632C, 0x632C, 0x632C, 0x632C, 0x632C, 0x632C, 0x632C, 0x632C, 0xFFFF, 0x8EC0, 0x8EC0, 0x0000, 0x8EC0, 0x8EC0, 0x8EC0, 0x8EC0, 0x8EC0, 0x8EC0, 0x8EC0, 0x8EC0, 
    0x8EC0, 0x8EC0, 0x8EC0, 0x8EC0, 0x8EC0, 0x8EC0, 0x8EC0, 0x8EC0, 0x8EC0, 0x8EC0, 0x8EC0, 0xFFFF, 0xFFFF, 0x0000, 0x0000, 0x632C, 0x632C, 0x632C, 0x632C, 0x632C, 0x632C, 0x632C, 0x632C, 0x632C, 0x632C, 0x632C, 0x632C, 0x632C, 0x632C, 0x632C, 0x632C, 0x632C, 0xFFFF, 0x632C, 0x632C, 0x632C, 0x632C, 0x632C, 0x632C, 0x632C, 0x632C, 0x632C, 0x632C, 0x632C, 0x632C, 0x632C, 0x632C, 0x632C, 0x632C, 0x632C, 0x632C, 0x632C, 0xFFFF, 0xFFFF, 0x0000, 0x0000, 0x8EC0, 0x8EC0, 0x8EC0, 0x8EC0, 0x8EC0, 0x8EC0, 0x8EC0, 0x8EC0, 
    0x8EC0, 0x8EC0, 0x8EC0, 0x8EC0, 0x8EC0, 0x8EC0, 0x8EC0, 0x8EC0, 0x8EC0, 0x8EC0, 0x8EC0, 0x8EC0, 0xFFFF, 0x632C, 0x0000, 0x632C, 0x632C, 0x632C, 0x632C, 0x632C, 0x632C, 0x632C, 0x632C, 0x632C, 0x632C, 0x632C, 0x632C, 0x632C, 0x632C, 0x632C, 0x632C, 0x632C, 0xFFFF, 0x632C, 0x632C, 0x632C, 0x632C, 0x632C, 0x632C, 0x632C, 0x632C, 0x632C, 0x632C, 0x632C, 0x632C, 0x632C, 0x632C, 0x632C, 0x632C, 0x632C, 0x632C, 0x632C, 0xFFFF, 0x8EC0, 0x8EC0, 0x0000, 0x8EC0, 0x8EC0, 0x8EC0, 0x8EC0, 0x8EC0, 0x8EC0, 0x8EC0, 0x8EC0, 
    0x8EC0, 0x8EC0, 0x8EC0, 0x8EC0, 0x8EC0, 0x8EC0, 0x8EC0, 0x8EC0, 0x8EC0, 0x8EC0, 0x8EC0, 0x8EC0, 0xFFFF, 0x632C, 0x0000, 0x632C, 0x632C, 0x632C, 0x632C, 0x632C, 0x632C, 0x632C, 0x632C, 0x632C, 0x632C, 0x632C, 0x632C, 0x632C, 0x632C, 0x632C, 0x632C, 0x632C, 0xFFFF, 0x632C, 0x632C, 0x632C, 0x632C, 0x632C, 0x632C, 0x632C, 0x632C, 0x632C, 0x632C, 0x632C, 0x632C, 0x632C, 0x632C, 0x632C, 0x632C, 0x632C, 0x632C, 0x632C, 0xFFFF, 0x8EC0, 0x8EC0, 0x0000, 0x8EC0, 0x8EC0, 0x8EC0, 0x8EC0, 0x8EC0, 0x8EC0, 0x8EC0, 0x8EC0, 
    0x8EC0, 0x8EC0, 0x8EC0, 0x8EC0, 0x8EC0, 0x8EC0, 0x8EC0, 0x8EC0, 0x8EC0, 0x8EC0, 0x8EC0, 0x8EC0, 0xFFFF, 0x632C, 0x0000, 0x632C, 0x632C, 0x632C, 0x632C, 0x632C, 0x632C, 0x632C, 0x632C, 0x632C, 0x632C, 0x632C, 0x632C, 0x632C, 0x632C, 0x632C, 0x632C, 0x632C, 0xFFFF, 0x632C, 0x632C, 0x632C, 0x632C, 0x632C, 0x632C, 0x632C, 0x632C, 0x632C, 0x632C, 0x632C, 0x632C, 0x632C, 0x632C, 0x632C, 0x632C, 0x632C, 0x632C, 0x632C, 0xFFFF, 0x8EC0, 0x8EC0, 0x0000, 0x8EC0, 0x8EC0, 0x8EC0, 0x8EC0, 0x8EC0, 0x8EC0, 0x8EC0, 0x8EC0, 
    0x8EC0, 0x8EC0, 0x8EC0, 0x8EC0, 0x8EC0, 0x8EC0, 0x8EC0, 0x8EC0, 0x8EC0, 0x8EC0, 0x8EC0, 0x8EC0, 0xFFFF, 0x632C, 0x0000, 0x632C, 0x632C, 0x632C, 0x632C, 0x632C, 0x632C, 0x632C, 0x632C, 0x632C, 0x632C, 0x632C, 0x632C, 0x632C, 0x632C, 0x632C, 0x632C, 0x632C, 0xFFFF, 0x632C, 0x632C, 0x632C, 0x632C, 0x632C, 0x632C, 0x632C, 0x632C, 0x632C, 0x632C, 0x632C, 0x632C, 0x632C, 0x632C, 0x632C, 0x632C, 0x632C, 0x632C, 0x632C, 0xFFFF, 0x8EC0, 0x8EC0, 0x0000, 0x8EC0, 0x8EC0, 0x8EC0, 0x8EC0, 0x8EC0, 0x8EC0, 0x8EC0, 0x8EC0, 
    0x8EC0, 0x8EC0, 0x8EC0, 0x8EC0, 0x8EC0, 0x8EC0, 0x8EC0, 0x8EC0, 0x8EC0, 0x8EC0, 0x8EC0, 0x8EC0, 0xFFFF, 0x632C, 0x0000, 0x632C, 0x632C, 0x632C, 0x632C, 0x632C, 0x632C, 0x632C, 0x632C, 0x632C, 0x632C, 0x632C, 0x632C, 0x632C, 0x632C, 0x632C, 0x632C, 0x632C, 0xFFFF, 0x632C, 0x632C, 0x632C, 0x632C, 0x632C, 0x632C, 0x632C, 0x632C, 0x632C, 0x632C, 0x632C, 0x632C, 0x632C, 0x632C, 0x632C, 0x632C, 0x632C, 0x632C, 0x632C, 0xFFFF, 0x8EC0, 0x8EC0, 0x0000, 0x8EC0, 0x8EC0, 0x8EC0, 0x8EC0, 0x8EC0, 0x8EC0, 0x8EC0, 0x8EC0, 
    0x8EC0, 0x8EC0, 0x8EC0, 0x8EC0, 0x8EC0, 0x8EC0, 0x8EC0, 0x8EC0, 0x8EC0, 0x8EC0, 0x8EC0, 0xFFFF, 0xFFFF, 0x0000, 0x0000, 0x632C, 0x632C, 0x632C, 0x632C, 0x632C, 0x632C, 0x632C, 0x632C, 0x632C, 0x632C, 0x632C, 0x632C, 0x632C, 0x632C, 0x632C, 0x632C, 0x632C, 0xFFFF, 0x632C, 0x632C, 0x632C, 0x632C, 0x632C, 0x632C, 0x632C, 0x632C, 0x632C, 0x632C, 0x632C, 0x632C, 0x632C, 0x632C, 0x632C, 0x632C, 0x632C, 0x632C, 0x632C, 0xFFFF, 0xFFFF, 0x0000, 0x0000, 0x8EC0, 0x8EC0, 0x8EC0, 0x8EC0, 0x8EC0, 0x8EC0, 0x8EC0, 0x8EC0, 
    0x8EC0, 0x8EC0, 0x8EC0, 0x8EC0, 0x8EC0, 0x8EC0, 0x8EC0, 0x8EC0, 0x8EC0, 0x8EC0, 0x8EC0, 0x8EC0, 0xFFFF, 0x632C, 0x0000, 0x632C, 0x632C, 0x632C, 0x632C, 0x632C, 0x632C, 0x632C, 0x632C, 0x632C, 0x632C, 0x632C, 0x632C, 0x632C, 0x632C, 0x632C, 0x632C, 0x632C, 0x632C, 0x632C, 0x632C, 0x632C, 0x632C, 0x632C, 0x632C, 0x632C, 0x632C, 0x632C, 0x632C, 0x632C, 0x632C, 0x632C, 0x632C, 0x632C, 0x632C, 0x632C, 0x632C, 0x632C, 0xFFFF, 0x8EC0, 0x8EC0, 0x0000, 0x8EC0, 0x8EC0, 0x8EC0, 0x8EC0, 0x8EC0, 0x8EC0, 0x8EC0, 0x8EC0, 
    0x8EC0, 0x8EC0, 0x8EC0, 0x8EC0, 0x8EC0, 0x8EC0, 0x8EC0, 0x8EC0, 0x8EC0, 0x8EC0, 0x8EC0, 0x8EC0, 0xFFFF, 0x632C, 0x0000, 0x632C, 0x632C, 0x632C, 0x632C, 0x632C, 0x632C, 0x632C, 0x632C, 0x632C, 0x632C, 0x632C, 0x632C, 0x632C, 0x632C, 0x632C, 0x632C, 0x632C, 0x632C, 0x632C, 0x632C, 0x632C, 0x632C, 0x632C, 0x632C, 0x632C, 0x632C, 0x632C, 0x632C, 0x632C, 0x632C, 0x632C, 0x632C, 0x632C, 0x632C, 0x632C, 0x632C, 0x632C, 0xFFFF, 0x8EC0, 0x8EC0, 0x0000, 0x8EC0, 0x8EC0, 0x8EC0, 0x8EC0, 0x8EC0, 0x8EC0, 0x8EC0, 0x8EC0, 
    0x8EC0, 0x8EC0, 0x8EC0, 0x8EC0, 0x8EC0, 0x8EC0, 0x8EC0, 0x8EC0, 0x8EC0, 0x8EC0, 0x8EC0, 0x8EC0, 0xFFFF, 0x632C, 0x0000, 0x632C, 0x632C, 0x632C, 0x632C, 0x632C, 0x632C, 0x632C, 0x632C, 0x632C, 0x632C, 0x632C, 0x632C, 0x632C, 0x632C, 0x632C, 0x632C, 0x632C, 0x632C, 0x632C, 0x632C, 0x632C, 0x632C, 0x632C, 0x632C, 0x632C, 0x632C, 0x632C, 0x632C, 0x632C, 0x632C, 0x632C, 0x632C, 0x632C, 0x632C, 0x632C, 0x632C, 0x632C, 0xFFFF, 0x8EC0, 0x8EC0, 0x0000, 0x8EC0, 0x8EC0, 0x8EC0, 0x8EC0, 0x8EC0, 0x8EC0, 0x8EC0, 0x8EC0, 
    0x8EC0, 0x8EC0, 0x8EC0, 0x8EC0, 0x8EC0, 0x8EC0, 0x8EC0, 0x8EC0, 0x8EC0, 0x8EC0, 0x8EC0, 0x8EC0, 0xFFFF, 0x632C, 0x0000, 0x632C, 0x632C, 0x632C, 0x632C, 0x632C, 0x632C, 0x632C, 0x632C, 0x632C, 0x632C, 0x632C, 0x632C, 0x632C, 0x632C, 0x632C, 0x632C, 0x632C, 0x632C, 0x632C, 0x632C, 0x632C, 0x632C, 0x632C, 0x632C, 0x632C, 0x632C, 0x632C, 0x632C, 0x632C, 0x632C, 0x632C, 0x632C, 0x632C, 0x632C, 0x632C, 0x632C, 0x632C, 0xFFFF, 0x8EC0, 0x8EC0, 0x0000, 0x8EC0, 0x8EC0, 0x8EC0, 0x8EC0, 0x8EC0, 0x8EC0, 0x8EC0, 0x8EC0, 
    0x8EC0, 0x8EC0, 0x8EC0, 0x8EC0, 0x8EC0, 0x8EC0, 0x8EC0, 0x8EC0, 0x8EC0, 0x8EC0, 0x8EC0, 0x8EC0, 0xFFFF, 0x632C, 0x0000, 0x632C, 0x632C, 0x632C, 0x632C, 0x632C, 0x632C, 0x632C, 0x632C, 0x632C, 0x632C, 0x632C, 0x632C, 0x632C, 0x632C, 0x632C, 0x632C, 0x632C, 0x632C, 0x632C, 0x632C, 0x632C, 0x632C, 0x632C, 0x632C, 0x632C, 0x632C, 0x632C, 0x632C, 0x632C, 0x632C, 0x632C, 0x632C, 0x632C, 0x632C, 0x632C, 0x632C, 0x632C, 0xFFFF, 0x8EC0, 0x8EC0, 0x0000, 0x8EC0, 0x8EC0, 0x8EC0, 0x8EC0, 0x8EC0, 0x8EC0, 0x8EC0, 0x8EC0, 
    0x8EC0, 0x8EC0, 0x8EC0, 0x8EC0, 0x8EC0, 0x8EC0, 0x8EC0, 0x8EC0, 0x8EC0, 0x8EC0, 0x8EC0, 0xFFFF, 0xFFFF, 0x0000, 0x0000, 0x632C, 0x632C, 0x632C, 0x632C, 0x632C, 0x632C, 0x632C, 0x632C, 0x632C, 0x632C, 0x632C, 0x632C, 0x632C, 0x632C, 0x632C, 0x632C, 0x632C, 0x632C, 0x632C, 0x632C, 0x632C, 0x632C, 0x632C, 0x632C, 0x632C, 0x632C, 0x632C, 0x632C, 0x632C, 0x632C, 0x632C, 0x632C, 0x632C, 0x632C, 0x632C, 0x632C, 0x632C, 0xFFFF, 0xFFFF, 0x0000, 0x0000, 0x8EC0, 0x8EC0, 0x8EC0, 0x8EC0, 0x8EC0, 0x8EC0, 0x8EC0, 0x8EC0, 
    0x8EC0, 0x8EC0, 0x8EC0, 0x8EC0, 0x8EC0, 0x8EC0, 0x8EC0, 0x8EC0, 0x8EC0, 0x8EC0, 0x8EC0, 0x8EC0, 0xFFFF, 0x632C, 0x0000, 0x632C, 0x632C, 0x632C, 0x632C, 0x632C, 0x632C, 0x632C, 0x632C, 0x632C, 0x632C, 0x632C, 0x632C, 0x632C, 0x632C, 0x632C, 0x632C, 0x632C, 0x632C, 0x632C, 0x632C, 0x632C, 0x632C, 0x632C, 0x632C, 0x632C, 0x632C, 0x632C, 0x632C, 0x632C, 0x632C, 0x632C, 0x632C, 0x632C, 0x632C, 0x632C, 0x632C, 0x632C, 0xFFFF, 0x8EC0, 0x8EC0, 0x0000, 0x8EC0, 0x8EC0, 0x8EC0, 0x8EC0, 0x8EC0, 0x8EC0, 0x8EC0, 0x8EC0, 
    0x8EC0, 0x8EC0, 0x8EC0, 0x8EC0, 0x8EC0, 0x8EC0, 0x8EC0, 0x8EC0, 0x8EC0, 0x8EC0, 0x8EC0, 0x8EC0, 0xFFFF, 0x632C, 0x0000, 0x632C, 0x632C, 0x632C, 0x632C, 0x632C, 0x632C, 0x632C, 0x632C, 0x632C, 0x632C, 0x632C, 0x632C, 0x632C, 0x632C, 0x632C, 0x632C, 0x632C, 0x632C, 0x632C, 0x632C, 0x632C, 0x632C, 0x632C, 0x632C, 0x632C, 0x632C, 0x632C, 0x632C, 0x632C, 0x632C, 0x632C, 0x632C, 0x632C, 0x632C, 0x632C, 0x632C, 0x632C, 0xFFFF, 0x8EC0, 0x8EC0, 0x0000, 0x8EC0, 0x8EC0, 0x8EC0, 0x8EC0, 0x8EC0, 0x8EC0, 0x8EC0, 0x8EC0, 
    0x8EC0, 0x8EC0, 0x8EC0, 0x8EC0, 0x8EC0, 0x8EC0, 0x8EC0, 0x8EC0, 0x8EC0, 0x8EC0, 0x8EC0, 0x8EC0, 0xFFFF, 0x632C, 0x0000, 0x632C, 0x632C, 0x632C, 0x632C, 0x632C, 0x632C, 0x632C, 0x632C, 0x632C, 0x632C, 0x632C, 0x632C, 0x632C, 0x632C, 0x632C, 0x632C, 0x632C, 0x632C, 0x632C, 0x632C, 0x632C, 0x632C, 0x632C, 0x632C, 0x632C, 0x632C, 0x632C, 0x632C, 0x632C, 0x632C, 0x632C, 0x632C, 0x632C, 0x632C, 0x632C, 0x632C, 0x632C, 0xFFFF, 0x8EC0, 0x8EC0, 0x0000, 0x8EC0, 0x8EC0, 0x8EC0, 0x8EC0, 0x8EC0, 0x8EC0, 0x8EC0, 0x8EC0, 
    0x8EC0, 0x8EC0, 0x8EC0, 0x8EC0, 0x8EC0, 0x8EC0, 0x8EC0, 0x8EC0, 0x8EC0, 0x8EC0, 0x8EC0, 0x8EC0, 0xFFFF, 0x632C, 0x0000, 0x632C, 0x632C, 0x632C, 0x632C, 0x632C, 0x632C, 0x632C, 0x632C, 0x632C, 0x632C, 0x632C, 0x632C, 0x632C, 0x632C, 0x632C, 0x632C, 0x632C, 0x632C, 0x632C, 0x632C, 0x632C, 0x632C, 0x632C, 0x632C, 0x632C, 0x632C, 0x632C, 0x632C, 0x632C, 0x632C, 0x632C, 0x632C, 0x632C, 0x632C, 0x632C, 0x632C, 0x632C, 0xFFFF, 0x8EC0, 0x8EC0, 0x0000, 0x8EC0, 0x8EC0, 0x8EC0, 0x8EC0, 0x8EC0, 0x8EC0, 0x8EC0, 0x8EC0, 
    0x8EC0, 0x8EC0, 0x8EC0, 0x8EC0, 0x8EC0, 0x8EC0, 0x8EC0, 0x8EC0, 0x8EC0, 0x8EC0, 0x8EC0, 0x8EC0, 0xFFFF, 0x632C, 0x0000, 0x632C, 0x632C, 0x632C, 0x632C, 0x632C, 0x632C, 0x632C, 0x632C, 0x632C, 0x632C, 0x632C, 0x632C, 0x632C, 0x632C, 0x632C, 0x632C, 0x632C, 0xFFFF, 0x632C, 0x632C, 0x632C, 0x632C, 0x632C, 0x632C, 0x632C, 0x632C, 0x632C, 0x632C, 0x632C, 0x632C, 0x632C, 0x632C, 0x632C, 0x632C, 0x632C, 0x632C, 0x632C, 0xFFFF, 0x8EC0, 0x8EC0, 0x0000, 0x8EC0, 0x8EC0, 0x8EC0, 0x8EC0, 0x8EC0, 0x8EC0, 0x8EC0, 0x8EC0, 
    0x8EC0, 0x8EC0, 0x8EC0, 0x8EC0, 0x8EC0, 0x8EC0, 0x8EC0, 0x8EC0, 0x8EC0, 0x8EC0, 0x8EC0, 0xFFFF, 0xFFFF, 0x0000, 0x0000, 0x632C, 0x632C, 0x632C, 0x632C, 0x632C, 0x632C, 0x632C, 0x632C, 0x632C, 0x632C, 0x632C, 0x632C, 0x632C, 0x632C, 0x632C, 0x632C, 0x632C, 0xFFFF, 0x632C, 0x632C, 0x632C, 0x632C, 0x632C, 0x632C, 0x632C, 0x632C, 0x632C, 0x632C, 0x632C, 0x632C, 0x632C, 0x632C, 0x632C, 0x632C, 0x632C, 0x632C, 0x632C, 0xFFFF, 0xFFFF, 0x0000, 0x0000, 0x8EC0, 0x8EC0, 0x8EC0, 0x8EC0, 0x8EC0, 0x8EC0, 0x8EC0, 0x8EC0, 
    0x8EC0, 0x8EC0, 0x8EC0, 0x8EC0, 0x8EC0, 0x8EC0, 0x8EC0, 0x8EC0, 0x8EC0, 0x8EC0, 0x8EC0, 0x8EC0, 0xFFFF, 0x632C, 0x0000, 0x632C, 0x632C, 0x632C, 0x632C, 0x632C, 0x632C, 0x632C, 0x632C, 0x632C, 0x632C, 0x632C, 0x632C, 0x632C, 0x632C, 0x632C, 0x632C, 0x632C, 0xFFFF, 0x632C, 0x632C, 0x632C, 0x632C, 0x632C, 0x632C, 0x632C, 0x632C, 0x632C, 0x632C, 0x632C, 0x632C, 0x632C, 0x632C, 0x632C, 0x632C, 0x632C, 0x632C, 0x632C, 0xFFFF, 0x8EC0, 0x8EC0, 0x0000, 0x8EC0, 0x8EC0, 0x8EC0, 0x8EC0, 0x8EC0, 0x8EC0, 0x8EC0, 0x8EC0, 
    0x8EC0, 0x8EC0, 0x8EC0, 0x8EC0, 0x8EC0, 0x8EC0, 0x8EC0, 0x8EC0, 0x8EC0, 0x8EC0, 0x8EC0, 0x8EC0, 0xFFFF, 0x632C, 0x0000, 0x632C, 0x632C, 0x632C, 0x632C, 0x632C, 0x632C, 0x632C, 0x632C, 0x632C, 0x632C, 0x632C, 0x632C, 0x632C, 0x632C, 0x632C, 0x632C, 0x632C, 0xFFFF, 0x632C, 0x632C, 0x632C, 0x632C, 0x632C, 0x632C, 0x632C, 0x632C, 0x632C, 0x632C, 0x632C, 0x632C, 0x632C, 0x632C, 0x632C, 0x632C, 0x632C, 0x632C, 0x632C, 0xFFFF, 0x8EC0, 0x8EC0, 0x0000, 0x8EC0, 0x8EC0, 0x8EC0, 0x8EC0, 0x8EC0, 0x8EC0, 0x8EC0, 0x8EC0, 
    0x8EC0, 0x8EC0, 0x8EC0, 0x8EC0, 0x8EC0, 0x8EC0, 0x8EC0, 0x8EC0, 0x8EC0, 0x8EC0, 0x8EC0, 0x8EC0, 0xFFFF, 0x632C, 0x0000, 0x632C, 0x632C, 0x632C, 0x632C, 0x632C, 0x632C, 0x632C, 0x632C, 0x632C, 0x632C, 0x632C, 0x632C, 0x632C, 0x632C, 0x632C, 0x632C, 0x632C, 0xFFFF, 0x632C, 0x632C, 0x632C, 0x632C, 0x632C, 0x632C, 0x632C, 0x632C, 0x632C, 0x632C, 0x632C, 0x632C, 0x632C, 0x632C, 0x632C, 0x632C, 0x632C, 0x632C, 0x632C, 0xFFFF, 0x8EC0, 0x8EC0, 0x0000, 0x8EC0, 0x8EC0, 0x8EC0, 0x8EC0, 0x8EC0, 0x8EC0, 0x8EC0, 0x8EC0, 
    0x8EC0, 0x8EC0, 0x8EC0, 0x8EC0, 0x8EC0, 0x8EC0, 0x8EC0, 0x8EC0, 0x8EC0, 0x8EC0, 0x8EC0, 0x8EC0, 0xFFFF, 0x632C, 0x0000, 0x632C, 0x632C, 0x632C, 0x632C, 0x632C, 0x632C, 0x632C, 0x632C, 0x632C, 0x632C, 0x632C, 0x632C, 0x632C, 0x632C, 0x632C, 0x632C, 0x632C, 0xFFFF, 0x632C, 0x632C, 0x632C, 0x632C, 0x632C, 0x632C, 0x632C, 0x632C, 0x632C, 0x632C, 0x632C, 0x632C, 0x632C, 0x632C, 0x632C, 0x632C, 0x632C, 0x632C, 0x632C, 0xFFFF, 0x8EC0, 0x8EC0, 0x0000, 0x8EC0, 0x8EC0, 0x8EC0, 0x8EC0, 0x8EC0, 0x8EC0, 0x8EC0, 0x8EC0, 
    0x8EC0, 0x8EC0, 0x8EC0, 0x8EC0, 0x8EC0, 0x8EC0, 0x8EC0, 0x8EC0, 0x8EC0, 0x8EC0, 0x8EC0, 0x8EC0, 0xFFFF, 0x632C, 0x0000, 0x632C, 0x632C, 0x632C, 0x632C, 0x632C, 0x632C, 0x632C, 0x632C, 0x632C, 0x632C, 0x632C, 0x632C, 0x632C, 0x632C, 0x632C, 0x632C, 0x632C, 0xFFFF, 0x632C, 0x632C, 0x632C, 0x632C, 0x632C, 0x632C, 0x632C, 0x632C, 0x632C, 0x632C, 0x632C, 0x632C, 0x632C, 0x632C, 0x632C, 0x632C, 0x632C, 0x632C, 0x632C, 0xFFFF, 0x8EC0, 0x8EC0, 0x0000, 0x8EC0, 0x8EC0, 0x8EC0, 0x8EC0, 0x8EC0, 0x8EC0, 0x8EC0, 0x8EC0, 
    0x8EC0, 0x8EC0, 0x8EC0, 0x8EC0, 0x8EC0, 0x8EC0, 0x8EC0, 0x8EC0, 0x8EC0, 0x8EC0, 0x8EC0, 0xFFFF, 0xFFFF, 0x0000, 0x0000, 0x632C, 0x632C, 0x632C, 0x632C, 0x632C, 0x632C, 0x632C, 0x632C, 0x632C, 0x632C, 0x632C, 0x632C, 0x632C, 0x632C, 0x632C, 0x632C, 0x632C, 0xFFFF, 0x632C, 0x632C, 0x632C, 0x632C, 0x632C, 0x632C, 0x632C, 0x632C, 0x632C, 0x632C, 0x632C, 0x632C, 0x632C, 0x632C, 0x632C, 0x632C, 0x632C, 0x632C, 0x632C, 0xFFFF, 0xFFFF, 0x0000, 0x0000, 0x8EC0, 0x8EC0, 0x8EC0, 0x8EC0, 0x8EC0, 0x8EC0, 0x8EC0, 0x8EC0, 
    0x8EC0, 0x8EC0, 0x8EC0, 0x8EC0, 0x8EC0, 0x8EC0, 0x8EC0, 0x8EC0, 0x8EC0, 0x8EC0, 0x8EC0, 0x8EC0, 0xFFFF, 0x632C, 0x0000, 0x632C, 0x632C, 0x632C, 0x632C, 0x632C, 0x632C, 0x632C, 0x632C, 0x632C, 0x632C, 0x632C, 0x632C, 0x632C, 0x632C, 0x632C, 0x632C, 0x632C, 0xFFFF, 0x632C, 0x632C, 0x632C, 0x632C, 0x632C, 0x632C, 0x632C, 0x632C, 0x632C, 0x632C, 0x632C, 0x632C, 0x632C, 0x632C, 0x632C, 0x632C, 0x632C, 0x632C, 0x632C, 0xFFFF, 0x8EC0, 0x8EC0, 0x0000, 0x8EC0, 0x8EC0, 0x8EC0, 0x8EC0, 0x8EC0, 0x8EC0, 0x8EC0, 0x8EC0, 
    0x8EC0, 0x8EC0, 0x8EC0, 0x8EC0, 0x8EC0, 0x8EC0, 0x8EC0, 0x8EC0, 0x8EC0, 0x8EC0, 0x8EC0, 0x8EC0, 0xFFFF, 0x632C, 0x0000, 0x632C, 0x632C, 0x632C, 0x632C, 0x632C, 0x632C, 0x632C, 0x632C, 0x632C, 0x632C, 0x632C, 0x632C, 0x632C, 0x632C, 0x632C, 0x632C, 0x632C, 0xFFFF, 0x632C, 0x632C, 0x632C, 0x632C, 0x632C, 0x632C, 0x632C, 0x632C, 0x632C, 0x632C, 0x632C, 0x632C, 0x632C, 0x632C, 0x632C, 0x632C, 0x632C, 0x632C, 0x632C, 0xFFFF, 0x8EC0, 0x8EC0, 0x0000, 0x8EC0, 0x8EC0, 0x8EC0, 0x8EC0, 0x8EC0, 0x8EC0, 0x8EC0, 0x8EC0, 
    0x8EC0, 0x8EC0, 0x8EC0, 0x8EC0, 0x8EC0, 0x8EC0, 0x8EC0, 0x8EC0, 0x8EC0, 0x8EC0, 0x8EC0, 0x8EC0, 0xFFFF, 0x632C, 0x0000, 0x632C, 0x632C, 0x632C, 0x632C, 0x632C, 0x632C, 0x632C, 0x632C, 0x632C, 0x632C, 0x632C, 0x632C, 0x632C, 0x632C, 0x632C, 0x632C, 0x632C, 0xFFFF, 0x632C, 0x632C, 0x632C, 0x632C, 0x632C, 0x632C, 0x632C, 0x632C, 0x632C, 0x632C, 0x632C, 0x632C, 0x632C, 0x632C, 0x632C, 0x632C, 0x632C, 0x632C, 0x632C, 0xFFFF, 0x8EC0, 0x8EC0, 0x0000, 0x8EC0, 0x8EC0, 0x8EC0, 0x8EC0, 0x8EC0, 0x8EC0, 0x8EC0, 0x8EC0, 
    0x8EC0, 0x8EC0, 0x8EC0, 0x8EC0, 0x8EC0, 0x8EC0, 0x8EC0, 0x8EC0, 0x8EC0, 0x8EC0, 0x8EC0, 0x8EC0, 0xFFFF, 0x632C, 0x0000, 0x632C, 0x632C, 0x632C, 0x632C, 0x632C, 0x632C, 0x632C, 0x632C, 0x632C, 0x632C, 0x632C, 0x632C, 0x632C, 0x632C, 0x632C, 0x632C, 0x632C, 0x632C, 0x632C, 0x632C, 0x632C, 0x632C, 0x632C, 0x632C, 0x632C, 0x632C, 0x632C, 0x632C, 0x632C, 0x632C, 0x632C, 0x632C, 0x632C, 0x632C, 0x632C, 0x632C, 0x632C, 0xFFFF, 0x8EC0, 0x8EC0, 0x0000, 0x8EC0, 0x8EC0, 0x8EC0, 0x8EC0, 0x8EC0, 0x8EC0, 0x8EC0, 0x8EC0, 
    0x8EC0, 0x8EC0, 0x8EC0, 0x8EC0, 0x8EC0, 0x8EC0, 0x8EC0, 0x8EC0, 0x8EC0, 0x8EC0, 0x8EC0, 0x8EC0, 0xFFFF, 0x632C, 0x0000, 0x632C, 0x632C, 0x632C, 0x632C, 0x632C, 0x632C, 0x632C, 0x632C, 0x632C, 0x632C, 0x632C, 0x632C, 0x632C, 0x632C, 0x632C, 0x632C, 0x632C, 0x632C, 0x632C, 0x632C, 0x632C, 0x632C, 0x632C, 0x632C, 0x632C, 0x632C, 0x632C, 0x632C, 0x632C, 0x632C, 0x632C, 0x632C, 0x632C, 0x632C, 0x632C, 0x632C, 0x632C, 0xFFFF, 0x8EC0, 0x8EC0, 0x0000, 0x8EC0, 0x8EC0, 0x8EC0, 0x8EC0, 0x8EC0, 0x8EC0, 0x8EC0, 0x8EC0, 
    0x8EC0, 0x8EC0, 0x8EC0, 0x8EC0, 0x8EC0, 0x8EC0, 0x8EC0, 0x8EC0, 0x8EC0, 0x8EC0, 0x8EC0, 0xFFFF, 0xFFFF, 0x0000, 0x0000, 0x632C, 0x632C, 0x632C, 0x632C, 0x632C, 0x632C, 0x632C, 0x632C, 0x632C, 0x632C, 0x632C, 0x632C, 0x632C, 0x632C, 0x632C, 0x632C, 0x632C, 0x632C, 0x632C, 0x632C, 0x632C, 0x632C, 0x632C, 0x632C, 0x632C, 0x632C, 0x632C, 0x632C, 0x632C, 0x632C, 0x632C, 0x632C, 0x632C, 0x632C, 0x632C, 0x632C, 0x632C, 0xFFFF, 0xFFFF, 0x0000, 0x0000, 0x8EC0, 0x8EC0, 0x8EC0, 0x8EC0, 0x8EC0, 0x8EC0, 0x8EC0, 0x8EC0, 
    0x8EC0, 0x8EC0, 0x8EC0, 0x8EC0, 0x8EC0, 0x8EC0, 0x8EC0, 0x8EC0, 0x8EC0, 0x8EC0, 0x8EC0, 0x8EC0, 0xFFFF, 0x632C, 0x0000, 0x632C, 0x632C, 0x632C, 0x632C, 0x632C, 0x632C, 0x632C, 0x632C, 0x632C, 0x632C, 0x632C, 0x632C, 0x632C, 0x632C, 0x632C, 0x632C, 0x632C, 0x632C, 0x632C, 0x632C, 0x632C, 0x632C, 0x632C, 0x632C, 0x632C, 0x632C, 0x632C, 0x632C, 0x632C, 0x632C, 0x632C, 0x632C, 0x632C, 0x632C, 0x632C, 0x632C, 0x632C, 0xFFFF, 0x8EC0, 0x8EC0, 0x0000, 0x8EC0, 0x8EC0, 0x8EC0, 0x8EC0, 0x8EC0, 0x8EC0, 0x8EC0, 0x8EC0, 
    0x8EC0, 0x8EC0, 0x8EC0, 0x8EC0, 0x8EC0, 0x8EC0, 0x8EC0, 0x8EC0, 0x8EC0, 0x8EC0, 0x8EC0, 0x8EC0, 0xFFFF, 0x632C, 0x0000, 0x632C, 0x632C, 0x632C, 0x632C, 0x632C, 0x632C, 0x632C, 0x632C, 0x632C, 0x632C, 0x632C, 0x632C, 0x632C, 0x632C, 0x632C, 0x632C, 0x632C, 0x632C, 0x632C, 0x632C, 0x632C, 0x632C, 0x632C, 0x632C, 0x632C, 0x632C, 0x632C, 0x632C, 0x632C, 0x632C, 0x632C, 0x632C, 0x632C, 0x632C, 0x632C, 0x632C, 0x632C, 0xFFFF, 0x8EC0, 0x8EC0, 0x0000, 0x8EC0, 0x8EC0, 0x8EC0, 0x8EC0, 0x8EC0, 0x8EC0, 0x8EC0, 0x8EC0, 
    0x8EC0, 0x8EC0, 0x8EC0, 0x8EC0, 0x8EC0, 0x8EC0, 0x8EC0, 0x8EC0, 0x8EC0, 0x8EC0, 0x8EC0, 0x8EC0, 0xFFFF, 0x632C, 0x0000, 0x632C, 0x632C, 0x632C, 0x632C, 0x632C, 0x632C, 0x632C, 0x632C, 0x632C, 0x632C, 0x632C, 0x632C, 0x632C, 0x632C, 0x632C, 0x632C, 0x632C, 0x632C, 0x632C, 0x632C, 0x632C, 0x632C, 0x632C, 0x632C, 0x632C, 0x632C, 0x632C, 0x632C, 0x632C, 0x632C, 0x632C, 0x632C, 0x632C, 0x632C, 0x632C, 0x632C, 0x632C, 0xFFFF, 0x8EC0, 0x8EC0, 0x0000, 0x8EC0, 0x8EC0, 0x8EC0, 0x8EC0, 0x8EC0, 0x8EC0, 0x8EC0, 0x8EC0, 
    0x8EC0, 0x8EC0, 0x8EC0, 0x8EC0, 0x8EC0, 0x8EC0, 0x8EC0, 0x8EC0, 0x8EC0, 0x8EC0, 0x8EC0, 0x8EC0, 0xFFFF, 0x632C, 0x0000, 0x632C, 0x632C, 0x632C, 0x632C, 0x632C, 0x632C, 0x632C, 0x632C, 0x632C, 0x632C, 0x632C, 0x632C, 0x632C, 0x632C, 0x632C, 0x632C, 0x632C, 0x632C, 0x632C, 0x632C, 0x632C, 0x632C, 0x632C, 0x632C, 0x632C, 0x632C, 0x632C, 0x632C, 0x632C, 0x632C, 0x632C, 0x632C, 0x632C, 0x632C, 0x632C, 0x632C, 0x632C, 0xFFFF, 0x8EC0, 0x8EC0, 0x0000, 0x8EC0, 0x8EC0, 0x8EC0, 0x8EC0, 0x8EC0, 0x8EC0, 0x8EC0, 0x8EC0, 
    0x8EC0, 0x8EC0, 0x8EC0, 0x8EC0, 0x8EC0, 0x8EC0, 0x8EC0, 0x8EC0, 0x8EC0, 0x8EC0, 0x8EC0, 0x8EC0, 0xFFFF, 0x632C, 0x0000, 0x632C, 0x632C, 0x632C, 0x632C, 0x632C, 0x632C, 0x632C, 0x632C, 0x632C, 0x632C, 0x632C, 0x632C, 0x632C, 0x632C, 0x632C, 0x632C, 0x632C, 0x632C, 0x632C, 0x632C, 0x632C, 0x632C, 0x632C, 0x632C, 0x632C, 0x632C, 0x632C, 0x632C, 0x632C, 0x632C, 0x632C, 0x632C, 0x632C, 0x632C, 0x632C, 0x632C, 0x632C, 0xFFFF, 0x8EC0, 0x8EC0, 0x0000, 0x8EC0, 0x8EC0, 0x8EC0, 0x8EC0, 0x8EC0, 0x8EC0, 0x8EC0, 0x8EC0, 
    0x8EC0, 0x8EC0, 0x8EC0, 0x8EC0, 0x8EC0, 0x8EC0, 0x8EC0, 0x8EC0, 0x8EC0, 0x8EC0, 0x8EC0, 0xFFFF, 0xFFFF, 0x0000, 0x0000, 0x632C, 0x632C, 0x632C, 0x632C, 0x632C, 0x632C, 0x632C, 0x632C, 0x632C, 0x632C, 0x632C, 0x632C, 0x632C, 0x632C, 0x632C, 0x632C, 0x632C, 0x632C, 0x632C, 0x632C, 0x632C, 0x632C, 0x632C, 0x632C, 0x632C, 0x632C, 0x632C, 0x632C, 0x632C, 0x632C, 0x632C, 0x632C, 0x632C, 0x632C, 0x632C, 0x632C, 0x632C, 0xFFFF, 0xFFFF, 0x0000, 0x0000, 0x8EC0, 0x8EC0, 0x8EC0, 0x8EC0, 0x8EC0, 0x8EC0, 0x8EC0, 0x8EC0, 
    0x8EC0, 0x8EC0, 0x8EC0, 0x8EC0, 0x8EC0, 0x8EC0, 0x8EC0, 0x8EC0, 0x8EC0, 0x8EC0, 0x8EC0, 0x8EC0, 0xFFFF, 0x632C, 0x0000, 0x632C, 0x632C, 0x632C, 0x632C, 0x632C, 0x632C, 0x632C, 0x632C, 0x632C, 0x632C, 0x632C, 0x632C, 0x632C, 0x632C, 0x632C, 0x632C, 0x632C, 0xFFFF, 0x632C, 0x632C, 0x632C, 0x632C, 0x632C, 0x632C, 0x632C, 0x632C, 0x632C, 0x632C, 0x632C, 0x632C, 0x632C, 0x632C, 0x632C, 0x632C, 0x632C, 0x632C, 0x632C, 0xFFFF, 0x8EC0, 0x8EC0, 0x0000, 0x8EC0, 0x8EC0, 0x8EC0, 0x8EC0, 0x8EC0, 0x8EC0, 0x8EC0, 0x8EC0, 
    0x8EC0, 0x8EC0, 0x8EC0, 0x8EC0, 0x8EC0, 0x8EC0, 0x8EC0, 0x8EC0, 0x8EC0, 0x8EC0, 0x8EC0, 0x8EC0, 0xFFFF, 0x632C, 0x0000, 0x632C, 0x632C, 0x632C, 0x632C, 0x632C, 0x632C, 0x632C, 0x632C, 0x632C, 0x632C, 0x632C, 0x632C, 0x632C, 0x632C, 0x632C, 0x632C, 0x632C, 0xFFFF, 0x632C, 0x632C, 0x632C, 0x632C, 0x632C, 0x632C, 0x632C, 0x632C, 0x632C, 0x632C, 0x632C, 0x632C, 0x632C, 0x632C, 0x632C, 0x632C, 0x632C, 0x632C, 0x632C, 0xFFFF, 0x8EC0, 0x8EC0, 0x0000, 0x8EC0, 0x8EC0, 0x8EC0, 0x8EC0, 0x8EC0, 0x8EC0, 0x8EC0, 0x8EC0, 
    0x8EC0, 0x8EC0, 0x8EC0, 0x8EC0, 0x8EC0, 0x8EC0, 0x8EC0, 0x8EC0, 0x8EC0, 0x8EC0, 0x8EC0, 0x8EC0, 0xFFFF, 0x632C, 0x0000, 0x632C, 0x632C, 0x632C, 0x632C, 0x632C, 0x632C, 0x632C, 0x632C, 0x632C, 0x632C, 0x632C, 0x632C, 0x632C, 0x632C, 0x632C, 0x632C, 0x632C, 0xFFFF, 0x632C, 0x632C, 0x632C, 0x632C, 0x632C, 0x632C, 0x632C, 0x632C, 0x632C, 0x632C, 0x632C, 0x632C, 0x632C, 0x632C, 0x632C, 0x632C, 0x632C, 0x632C, 0x632C, 0xFFFF, 0x8EC0, 0x8EC0, 0x0000, 0x8EC0, 0x8EC0, 0x8EC0, 0x8EC0, 0x8EC0, 0x8EC0, 0x8EC0, 0x8EC0, 
    0x8EC0, 0x8EC0, 0x8EC0, 0x8EC0, 0x8EC0, 0x8EC0, 0x8EC0, 0x8EC0, 0x8EC0, 0x8EC0, 0x8EC0, 0x8EC0, 0xFFFF, 0x632C, 0x0000, 0x632C, 0x632C, 0x632C, 0x632C, 0x632C, 0x632C, 0x632C, 0x632C, 0x632C, 0x632C, 0x632C, 0x632C, 0x632C, 0x632C, 0x632C, 0x632C, 0x632C, 0xFFFF, 0x632C, 0x632C, 0x632C, 0x632C, 0x632C, 0x632C, 0x632C, 0x632C, 0x632C, 0x632C, 0x632C, 0x632C, 0x632C, 0x632C, 0x632C, 0x632C, 0x632C, 0x632C, 0x632C, 0xFFFF, 0x8EC0, 0x8EC0, 0x0000, 0x8EC0, 0x8EC0, 0x8EC0, 0x8EC0, 0x8EC0, 0x8EC0, 0x8EC0, 0x8EC0, 
    0x8EC0, 0x8EC0, 0x8EC0, 0x8EC0, 0x8EC0, 0x8EC0, 0x8EC0, 0x8EC0, 0x8EC0, 0x8EC0, 0x8EC0, 0x8EC0, 0xFFFF, 0x632C, 0x0000, 0x632C, 0x632C, 0x632C, 0x632C, 0x632C, 0x632C, 0x632C, 0x632C, 0x632C, 0x632C, 0x632C, 0x632C, 0x632C, 0x632C, 0x632C, 0x632C, 0x632C, 0xFFFF, 0x632C, 0x632C, 0x632C, 0x632C, 0x632C, 0x632C, 0x632C, 0x632C, 0x632C, 0x632C, 0x632C, 0x632C, 0x632C, 0x632C, 0x632C, 0x632C, 0x632C, 0x632C, 0x632C, 0xFFFF, 0x8EC0, 0x8EC0, 0x0000, 0x8EC0, 0x8EC0, 0x8EC0, 0x8EC0, 0x8EC0, 0x8EC0, 0x8EC0, 0x8EC0, 
    0x8EC0, 0x8EC0, 0x8EC0, 0x8EC0, 0x8EC0, 0x8EC0, 0x8EC0, 0x8EC0, 0x8EC0, 0x8EC0, 0x8EC0, 0xFFFF, 0xFFFF, 0x0000, 0x0000, 0x632C, 0x632C, 0x632C, 0x632C, 0x632C, 0x632C, 0x632C, 0x632C, 0x632C, 0x632C, 0x632C, 0x632C, 0x632C, 0x632C, 0x632C, 0x632C, 0x632C, 0xFFFF, 0x632C, 0x632C, 0x632C, 0x632C, 0x632C, 0x632C, 0x632C, 0x632C, 0x632C, 0x632C, 0x632C, 0x632C, 0x632C, 0x632C, 0x632C, 0x632C, 0x632C, 0x632C, 0x632C, 0xFFFF, 0xFFFF, 0x0000, 0x0000, 0x8EC0, 0x8EC0, 0x8EC0, 0x8EC0, 0x8EC0, 0x8EC0, 0x8EC0, 0x8EC0, 
    0x8EC0, 0x8EC0, 0x8EC0, 0x8EC0, 0x8EC0, 0x8EC0, 0x8EC0, 0x8EC0, 0x8EC0, 0x8EC0, 0x8EC0, 0x8EC0, 0xFFFF, 0x632C, 0x0000, 0x632C, 0x632C, 0x632C, 0x632C, 0x632C, 0x632C, 0x632C, 0x632C, 0x632C, 0x632C, 0x632C, 0x632C, 0x632C, 0x632C, 0x632C, 0x632C, 0x632C, 0xFFFF, 0x632C, 0x632C, 0x632C, 0x632C, 0x632C, 0x632C, 0x632C, 0x632C, 0x632C, 0x632C, 0x632C, 0x632C, 0x632C, 0x632C, 0x632C, 0x632C, 0x632C, 0x632C, 0x632C, 0xFFFF, 0x8EC0, 0x8EC0, 0x0000, 0x8EC0, 0x8EC0, 0x8EC0, 0x8EC0, 0x8EC0, 0x8EC0, 0x8EC0, 0x8EC0, 
    0x8EC0, 0x8EC0, 0x8EC0, 0x8EC0, 0x8EC0, 0x8EC0, 0x8EC0, 0x8EC0, 0x8EC0, 0x8EC0, 0x8EC0, 0x8EC0, 0xFFFF, 0x632C, 0x0000, 0x632C, 0x632C, 0x632C, 0x632C, 0x632C, 0x632C, 0x632C, 0x632C, 0x632C, 0x632C, 0x632C, 0x632C, 0x632C, 0x632C, 0x632C, 0x632C, 0x632C, 0xFFFF, 0x632C, 0x632C, 0x632C, 0x632C, 0x632C, 0x632C, 0x632C, 0x632C, 0x632C, 0x632C, 0x632C, 0x632C, 0x632C, 0x632C, 0x632C, 0x632C, 0x632C, 0x632C, 0x632C, 0xFFFF, 0x8EC0, 0x8EC0, 0x0000, 0x8EC0, 0x8EC0, 0x8EC0, 0x8EC0, 0x8EC0, 0x8EC0, 0x8EC0, 0x8EC0, 
};

const uint16_t Selector[576] = {
    0xFFFF, 0x0843, 0x0843, 0x0843, 0x0843, 0x0843, 0x0843, 0x0843, 0x0843, 0x0843, 0x0843, 0x0843, 0x0843, 0x0843, 0x0843, 0x0843, 0x0843, 0x0843, 0x0843, 0x0843, 0x0843, 0x0843, 0x0843, 0x0843, 
    0xFFFF, 0x0843, 0x0843, 0x0843, 0x0843, 0x0843, 0x0843, 0x0843, 0x0843, 0x0843, 0x0843, 0x0843, 0x0843, 0x0843, 0x0843, 0x0843, 0x0843, 0x0843, 0x0843, 0x0843, 0x0843, 0x0843, 0x0843, 0x0843, 
    0xFFFF, 0x0843, 0x0843, 0x0843, 0x0843, 0x0843, 0x0843, 0x0843, 0x0843, 0x0843, 0x0843, 0x0843, 0x0843, 0x0843, 0x0843, 0x0843, 0x0843, 0x0843, 0x0843, 0x0843, 0x0843, 0x0843, 0x0843, 0x0843, 
    0xFFFF, 0x0843, 0x0843, 0x0843, 0x0843, 0x0843, 0x0843, 0x0843, 0x0843, 0x0843, 0x0843, 0x0843, 0x0843, 0x0843, 0x0843, 0x0843, 0x0843, 0x0843, 0x0843, 0x0843, 0x0843, 0x0843, 0x0843, 0x0843, 
    0xFFFF, 0x0843, 0x0843, 0x0843, 0x0843, 0x0843, 0x0843, 0x0843, 0x0843, 0x0843, 0x0843, 0x0843, 0x0843, 0x0843, 0x0843, 0x0843, 0x0843, 0x0843, 0x0843, 0x0843, 0x0843, 0x0843, 0x0843, 0x0843, 
    0xFFFF, 0x0843, 0x0843, 0x0843, 0x0843, 0x0843, 0x0843, 0x0843, 0x0843, 0x0843, 0x0843, 0x0843, 0x0843, 0x0843, 0x0843, 0x0843, 0x0843, 0x0843, 0x0843, 0x0843, 0x0843, 0x0843, 0x0843, 0x0843, 
    0xFFFF, 0x0843, 0x0843, 0x0843, 0x0843, 0x0843, 0x0843, 0x0843, 0x0843, 0x0843, 0x0843, 0x0843, 0x0843, 0x0843, 0x0843, 0x0843, 0x0843, 0x0843, 0x0843, 0x0843, 0x0843, 0x0843, 0x0843, 0x0843, 
    0xFFFF, 0x0843, 0x0843, 0x0843, 0x0843, 0x0843, 0x0843, 0x0843, 0x0843, 0x0843, 0x0843, 0x0843, 0x0843, 0x0843, 0x0843, 0x0843, 0x0843, 0x0843, 0x0843, 0x0843, 0x0843, 0x0843, 0x0843, 0x0843, 
    0xFFFF, 0x0843, 0x0843, 0x0843, 0x0843, 0x0843, 0x0843, 0x0843, 0x0843, 0x0843, 0x0843, 0x0843, 0x0843, 0x0843, 0x0843, 0x0843, 0x0843, 0x0843, 0x0843, 0x0843, 0x0843, 0x0843, 0x0843, 0x0843, 
    0xFFFF, 0x0843, 0x0843, 0x0843, 0x0843, 0x0843, 0x0843, 0x0843, 0x0843, 0x0843, 0x0843, 0x0843, 0x0843, 0x0843, 0x0843, 0x0843, 0x0843, 0x0843, 0x0843, 0x0843, 0x0843, 0x0843, 0x0843, 0x0843, 
    0xFFFF, 0x0843, 0x0843, 0x0843, 0x0843, 0x0843, 0x0843, 0x0843, 0x0843, 0x0843, 0x0843, 0x0843, 0x0843, 0x0843, 0x0843, 0x0843, 0x0843, 0x0843, 0x0843, 0x0843, 0x0843, 0x0843, 0x0843, 0x0843, 
    0xFFFF, 0x0843, 0x0843, 0x0843, 0x0843, 0x0843, 0x0843, 0x0843, 0x0843, 0x0843, 0x0843, 0x0843, 0x0843, 0x0843, 0x0843, 0x0843, 0x0843, 0x0843, 0x0843, 0x0843, 0x0843, 0x0843, 0x0843, 0x0843, 
    0xFFFF, 0x0843, 0x0843, 0x0843, 0x0843, 0x0843, 0x0843, 0x0843, 0x0843, 0x0843, 0x0843, 0x0843, 0x0843, 0x0843, 0x0843, 0x0843, 0x0843, 0x0843, 0x0843, 0x0843, 0x0843, 0x0843, 0x0843, 0x0843, 
    0xFFFF, 0x0843, 0x0843, 0x0843, 0x0843, 0x0843, 0x0843, 0x0843, 0x0843, 0x0843, 0x0843, 0x0843, 0x0843, 0x0843, 0x0843, 0x0843, 0x0843, 0x0843, 0x0843, 0x0843, 0x0843, 0x0843, 0x0843, 0x0843, 
    0xFFFF, 0x0843, 0x0843, 0x0843, 0x0843, 0x0843, 0x0843, 0x0843, 0x0843, 0x0843, 0x0843, 0x0843, 0x0843, 0x0843, 0x0843, 0x0843, 0x0843, 0x0843, 0x0843, 0x0843, 0x0843, 0x0843, 0x0843, 0x0843, 
    0xFFFF, 0x0843, 0x0843, 0x0843, 0x0843, 0x0843, 0x0843, 0x0843, 0x0843, 0x0843, 0x0843, 0x0843, 0x0843, 0x0843, 0x0843, 0x0843, 0x0843, 0x0843, 0x0843, 0x0843, 0x0843, 0x0843, 0x0843, 0x0843, 
    0xFFFF, 0x0843, 0x0843, 0x0843, 0x0843, 0x0843, 0x0843, 0x0843, 0x0843, 0x0843, 0x0843, 0x0843, 0x0843, 0x0843, 0x0843, 0x0843, 0x0843, 0x0843, 0x0843, 0x0843, 0x0843, 0x0843, 0x0843, 0x0843, 
    0xFFFF, 0x0843, 0x0843, 0x0843, 0x0843, 0x0843, 0x0843, 0x0843, 0x0843, 0x0843, 0x0843, 0x0843, 0x0843, 0x0843, 0x0843, 0x0843, 0x0843, 0x0843, 0x0843, 0x0843, 0x0843, 0x0843, 0x0843, 0x0843, 
    0xFFFF, 0x0843, 0x0843, 0x0843, 0x0843, 0x0843, 0x0843, 0x0843, 0x0843, 0x0843, 0x0843, 0x0843, 0x0843, 0x0843, 0x0843, 0x0843, 0x0843, 0x0843, 0x0843, 0x0843, 0x0843, 0x0843, 0x0843, 0x0843, 
    0xFFFF, 0x0843, 0x0843, 0x0843, 0x0843, 0x0843, 0x0843, 0x0843, 0x0843, 0x0843, 0x0843, 0x0843, 0x0843, 0x0843, 0x0843, 0x0843, 0x0843, 0x0843, 0x0843, 0x0843, 0x0843, 0x0843, 0x0843, 0x0843, 
    0xFFFF, 0x0843, 0x0843, 0x0843, 0x0843, 0x0843, 0x0843, 0x0843, 0x0843, 0x0843, 0x0843, 0x0843, 0x0843, 0x0843, 0x0843, 0x0843, 0x0843, 0x0843, 0x0843, 0x0843, 0x0843, 0x0843, 0x0843, 0x0843, 
    0xFFFF, 0x0843, 0x0843, 0x0843, 0x0843, 0x0843, 0x0843, 0x0843, 0x0843, 0x0843, 0x0843, 0x0843, 0x0843, 0x0843, 0x0843, 0x0843, 0x0843, 0x0843, 0x0843, 0x0843, 0x0843, 0x0843, 0x0843, 0x0843, 
    0xFFFF, 0x0843, 0x0843, 0x0843, 0x0843, 0x0843, 0x0843, 0x0843, 0x0843, 0x0843, 0x0843, 0x0843, 0x0843, 0x0843, 0x0843, 0x0843, 0x0843, 0x0843, 0x0843, 0x0843, 0x0843, 0x0843, 0x0843, 0x0843, 
    0xFFFF, 0xFFFF, 0xFFFF, 0xFFFF, 0xFFFF, 0xFFFF, 0xFFFF, 0xFFFF, 0xFFFF, 0xFFFF, 0xFFFF, 0xFFFF, 0xFFFF, 0xFFFF, 0xFFFF, 0xFFFF, 0xFFFF, 0xFFFF, 0xFFFF, 0xFFFF, 0xFFFF, 0xFFFF, 0xFFFF, 0xFFFF, 
};

const uint16_t SimplerRoad[4096] = {
    0x8EC0, 0x8EC0, 0x8EC0, 0x8EC0, 0x8EC0, 0x8EC0, 0x8EC0, 0x8EC0, 0x8EC0, 0x8EC0, 0x8EC0, 0x8EC0, 0xFFFF, 0x632C, 0x632C, 0x632C, 0x632C, 0x632C, 0x632C, 0x632C, 0x632C, 0x632C, 0x632C, 0x632C, 0x632C, 0x632C, 0x632C, 0x632C, 0x632C, 0x632C, 0x632C, 0x632C, 0xFFFF, 0x632C, 0x632C, 0x632C, 0x632C, 0x632C, 0x632C, 0x632C, 0x632C, 0x632C, 0x632C, 0x632C, 0x632C, 0x632C, 0x632C, 0x632C, 0x632C, 0x632C, 0x632C, 0x632C, 0xFFFF, 0x8EC0, 0x8EC0, 0x8EC0, 0x8EC0, 0x8EC0, 0x8EC0, 0x8EC0, 0x8EC0, 0x8EC0, 0x8EC0, 0x8EC0, 
    0x8EC0, 0x8EC0, 0x8EC0, 0x8EC0, 0x8EC0, 0x8EC0, 0x8EC0, 0x8EC0, 0x8EC0, 0x8EC0, 0x8EC0, 0x8EC0, 0xFFFF, 0x632C, 0x632C, 0x632C, 0x632C, 0x632C, 0x632C, 0x632C, 0x632C, 0x632C, 0x632C, 0x632C, 0x632C, 0x632C, 0x632C, 0x632C, 0x632C, 0x632C, 0x632C, 0x632C, 0xFFFF, 0x632C, 0x632C, 0x632C, 0x632C, 0x632C, 0x632C, 0x632C, 0x632C, 0x632C, 0x632C, 0x632C, 0x632C, 0x632C, 0x632C, 0x632C, 0x632C, 0x632C, 0x632C, 0x632C, 0xFFFF, 0x8EC0, 0x8EC0, 0x8EC0, 0x8EC0, 0x8EC0, 0x8EC0, 0x8EC0, 0x8EC0, 0x8EC0, 0x8EC0, 0x8EC0, 
    0x8EC0, 0x8EC0, 0x8EC0, 0x8EC0, 0x8EC0, 0x8EC0, 0x8EC0, 0x8EC0, 0x8EC0, 0x8EC0, 0x8EC0, 0x8EC0, 0xFFFF, 0x632C, 0x632C, 0x632C, 0x632C, 0x632C, 0x632C, 0x632C, 0x632C, 0x632C, 0x632C, 0x632C, 0x632C, 0x632C, 0x632C, 0x632C, 0x632C, 0x632C, 0x632C, 0x632C, 0xFFFF, 0x632C, 0x632C, 0x632C, 0x632C, 0x632C, 0x632C, 0x632C, 0x632C, 0x632C, 0x632C, 0x632C, 0x632C, 0x632C, 0x632C, 0x632C, 0x632C, 0x632C, 0x632C, 0x632C, 0xFFFF, 0x8EC0, 0x8EC0, 0x8EC0, 0x8EC0, 0x8EC0, 0x8EC0, 0x8EC0, 0x8EC0, 0x8EC0, 0x8EC0, 0x8EC0, 
    0x8EC0, 0x8EC0, 0x8EC0, 0x8EC0, 0x8EC0, 0x8EC0, 0x8EC0, 0x8EC0, 0x8EC0, 0x8EC0, 0x8EC0, 0x8EC0, 0xFFFF, 0x632C, 0x632C, 0x632C, 0x632C, 0x632C, 0x632C, 0x632C, 0x632C, 0x632C, 0x632C, 0x632C, 0x632C, 0x632C, 0x632C, 0x632C, 0x632C, 0x632C, 0x632C, 0x632C, 0xFFFF, 0x632C, 0x632C, 0x632C, 0x632C, 0x632C, 0x632C, 0x632C, 0x632C, 0x632C, 0x632C, 0x632C, 0x632C, 0x632C, 0x632C, 0x632C, 0x632C, 0x632C, 0x632C, 0x632C, 0xFFFF, 0x8EC0, 0x8EC0, 0x8EC0, 0x8EC0, 0x8EC0, 0x8EC0, 0x8EC0, 0x8EC0, 0x8EC0, 0x8EC0, 0x8EC0, 
    0x8EC0, 0x8EC0, 0x8EC0, 0x8EC0, 0x8EC0, 0x8EC0, 0x8EC0, 0x8EC0, 0x8EC0, 0x8EC0, 0x8EC0, 0x8EC0, 0xFFFF, 0x632C, 0x632C, 0x632C, 0x632C, 0x632C, 0x632C, 0x632C, 0x632C, 0x632C, 0x632C, 0x632C, 0x632C, 0x632C, 0x632C, 0x632C, 0x632C, 0x632C, 0x632C, 0x632C, 0xFFFF, 0x632C, 0x632C, 0x632C, 0x632C, 0x632C, 0x632C, 0x632C, 0x632C, 0x632C, 0x632C, 0x632C, 0x632C, 0x632C, 0x632C, 0x632C, 0x632C, 0x632C, 0x632C, 0x632C, 0xFFFF, 0x8EC0, 0x8EC0, 0x8EC0, 0x8EC0, 0x8EC0, 0x8EC0, 0x8EC0, 0x8EC0, 0x8EC0, 0x8EC0, 0x8EC0, 
    0x8EC0, 0x8EC0, 0x8EC0, 0x8EC0, 0x8EC0, 0x8EC0, 0x8EC0, 0x8EC0, 0x8EC0, 0x8EC0, 0x8EC0, 0x8EC0, 0xFFFF, 0x632C, 0x632C, 0x632C, 0x632C, 0x632C, 0x632C, 0x632C, 0x632C, 0x632C, 0x632C, 0x632C, 0x632C, 0x632C, 0x632C, 0x632C, 0x632C, 0x632C, 0x632C, 0x632C, 0xFFFF, 0x632C, 0x632C, 0x632C, 0x632C, 0x632C, 0x632C, 0x632C, 0x632C, 0x632C, 0x632C, 0x632C, 0x632C, 0x632C, 0x632C, 0x632C, 0x632C, 0x632C, 0x632C, 0x632C, 0xFFFF, 0x8EC0, 0x8EC0, 0x8EC0, 0x8EC0, 0x8EC0, 0x8EC0, 0x8EC0, 0x8EC0, 0x8EC0, 0x8EC0, 0x8EC0, 
    0x8EC0, 0x8EC0, 0x8EC0, 0x8EC0, 0x8EC0, 0x8EC0, 0x8EC0, 0x8EC0, 0x8EC0, 0x8EC0, 0x8EC0, 0x8EC0, 0xFFFF, 0x632C, 0x632C, 0x632C, 0x632C, 0x632C, 0x632C, 0x632C, 0x632C, 0x632C, 0x632C, 0x632C, 0x632C, 0x632C, 0x632C, 0x632C, 0x632C, 0x632C, 0x632C, 0x632C, 0xFFFF, 0x632C, 0x632C, 0x632C, 0x632C, 0x632C, 0x632C, 0x632C, 0x632C, 0x632C, 0x632C, 0x632C, 0x632C, 0x632C, 0x632C, 0x632C, 0x632C, 0x632C, 0x632C, 0x632C, 0xFFFF, 0x8EC0, 0x8EC0, 0x8EC0, 0x8EC0, 0x8EC0, 0x8EC0, 0x8EC0, 0x8EC0, 0x8EC0, 0x8EC0, 0x8EC0, 
    0x8EC0, 0x8EC0, 0x8EC0, 0x8EC0, 0x8EC0, 0x8EC0, 0x8EC0, 0x8EC0, 0x8EC0, 0x8EC0, 0x8EC0, 0x8EC0, 0xFFFF, 0x632C, 0x632C, 0x632C, 0x632C, 0x632C, 0x632C, 0x632C, 0x632C, 0x632C, 0x632C, 0x632C, 0x632C, 0x632C, 0x632C, 0x632C, 0x632C, 0x632C, 0x632C, 0x632C, 0xFFFF, 0x632C, 0x632C, 0x632C, 0x632C, 0x632C, 0x632C, 0x632C, 0x632C, 0x632C, 0x632C, 0x632C, 0x632C, 0x632C, 0x632C, 0x632C, 0x632C, 0x632C, 0x632C, 0x632C, 0xFFFF, 0x8EC0, 0x8EC0, 0x8EC0, 0x8EC0, 0x8EC0, 0x8EC0, 0x8EC0, 0x8EC0, 0x8EC0, 0x8EC0, 0x8EC0, 
    0x8EC0, 0x8EC0, 0x8EC0, 0x8EC0, 0x8EC0, 0x8EC0, 0x8EC0, 0x8EC0, 0x8EC0, 0x8EC0, 0x8EC0, 0x8EC0, 0xFFFF, 0x632C, 0x632C, 0x632C, 0x632C, 0x632C, 0x632C, 0x632C, 0x632C, 0x632C, 0x632C, 0x632C, 0x632C, 0x632C, 0x632C, 0x632C, 0x632C, 0x632C, 0x632C, 0x632C, 0x632C, 0x632C, 0x632C, 0x632C, 0x632C, 0x632C, 0x632C, 0x632C, 0x632C, 0x632C, 0x632C, 0x632C, 0x632C, 0x632C, 0x632C, 0x632C, 0x632C, 0x632C, 0x632C, 0x632C, 0xFFFF, 0x8EC0, 0x8EC0, 0x8EC0, 0x8EC0, 0x8EC0, 0x8EC0, 0x8EC0, 0x8EC0, 0x8EC0, 0x8EC0, 0x8EC0, 
    0x8EC0, 0x8EC0, 0x8EC0, 0x8EC0, 0x8EC0, 0x8EC0, 0x8EC0, 0x8EC0, 0x8EC0, 0x8EC0, 0x8EC0, 0x8EC0, 0xFFFF, 0x632C, 0x632C, 0x632C, 0x632C, 0x632C, 0x632C, 0x632C, 0x632C, 0x632C, 0x632C, 0x632C, 0x632C, 0x632C, 0x632C, 0x632C, 0x632C, 0x632C, 0x632C, 0x632C, 0x632C, 0x632C, 0x632C, 0x632C, 0x632C, 0x632C, 0x632C, 0x632C, 0x632C, 0x632C, 0x632C, 0x632C, 0x632C, 0x632C, 0x632C, 0x632C, 0x632C, 0x632C, 0x632C, 0x632C, 0xFFFF, 0x8EC0, 0x8EC0, 0x8EC0, 0x8EC0, 0x8EC0, 0x8EC0, 0x8EC0, 0x8EC0, 0x8EC0, 0x8EC0, 0x8EC0, 
    0x8EC0, 0x8EC0, 0x8EC0, 0x8EC0, 0x8EC0, 0x8EC0, 0x8EC0, 0x8EC0, 0x8EC0, 0x8EC0, 0x8EC0, 0x8EC0, 0xFFFF, 0x632C, 0x632C, 0x632C, 0x632C, 0x632C, 0x632C, 0x632C, 0x632C, 0x632C, 0x632C, 0x632C, 0x632C, 0x632C, 0x632C, 0x632C, 0x632C, 0x632C, 0x632C, 0x632C, 0x632C, 0x632C, 0x632C, 0x632C, 0x632C, 0x632C, 0x632C, 0x632C, 0x632C, 0x632C, 0x632C, 0x632C, 0x632C, 0x632C, 0x632C, 0x632C, 0x632C, 0x632C, 0x632C, 0x632C, 0xFFFF, 0x8EC0, 0x8EC0, 0x8EC0, 0x8EC0, 0x8EC0, 0x8EC0, 0x8EC0, 0x8EC0, 0x8EC0, 0x8EC0, 0x8EC0, 
    0x8EC0, 0x8EC0, 0x8EC0, 0x8EC0, 0x8EC0, 0x8EC0, 0x8EC0, 0x8EC0, 0x8EC0, 0x8EC0, 0x8EC0, 0x8EC0, 0xFFFF, 0x632C, 0x632C, 0x632C, 0x632C, 0x632C, 0x632C, 0x632C, 0x632C, 0x632C, 0x632C, 0x632C, 0x632C, 0x632C, 0x632C, 0x632C, 0x632C, 0x632C, 0x632C, 0x632C, 0x632C, 0x632C, 0x632C, 0x632C, 0x632C, 0x632C, 0x632C, 0x632C, 0x632C, 0x632C, 0x632C, 0x632C, 0x632C, 0x632C, 0x632C, 0x632C, 0x632C, 0x632C, 0x632C, 0x632C, 0xFFFF, 0x8EC0, 0x8EC0, 0x8EC0, 0x8EC0, 0x8EC0, 0x8EC0, 0x8EC0, 0x8EC0, 0x8EC0, 0x8EC0, 0x8EC0, 
    0x8EC0, 0x8EC0, 0x8EC0, 0x8EC0, 0x8EC0, 0x8EC0, 0x8EC0, 0x8EC0, 0x8EC0, 0x8EC0, 0x8EC0, 0x8EC0, 0xFFFF, 0x632C, 0x632C, 0x632C, 0x632C, 0x632C, 0x632C, 0x632C, 0x632C, 0x632C, 0x632C, 0x632C, 0x632C, 0x632C, 0x632C, 0x632C, 0x632C, 0x632C, 0x632C, 0x632C, 0x632C, 0x632C, 0x632C, 0x632C, 0x632C, 0x632C, 0x632C, 0x632C, 0x632C, 0x632C, 0x632C, 0x632C, 0x632C, 0x632C, 0x632C, 0x632C, 0x632C, 0x632C, 0x632C, 0x632C, 0xFFFF, 0x8EC0, 0x8EC0, 0x8EC0, 0x8EC0, 0x8EC0, 0x8EC0, 0x8EC0, 0x8EC0, 0x8EC0, 0x8EC0, 0x8EC0, 
    0x8EC0, 0x8EC0, 0x8EC0, 0x8EC0, 0x8EC0, 0x8EC0, 0x8EC0, 0x8EC0, 0x8EC0, 0x8EC0, 0x8EC0, 0x8EC0, 0xFFFF, 0x632C, 0x632C, 0x632C, 0x632C, 0x632C, 0x632C, 0x632C, 0x632C, 0x632C, 0x632C, 0x632C, 0x632C, 0x632C, 0x632C, 0x632C, 0x632C, 0x632C, 0x632C, 0x632C, 0x632C, 0x632C, 0x632C, 0x632C, 0x632C, 0x632C, 0x632C, 0x632C, 0x632C, 0x632C, 0x632C, 0x632C, 0x632C, 0x632C, 0x632C, 0x632C, 0x632C, 0x632C, 0x632C, 0x632C, 0xFFFF, 0x8EC0, 0x8EC0, 0x8EC0, 0x8EC0, 0x8EC0, 0x8EC0, 0x8EC0, 0x8EC0, 0x8EC0, 0x8EC0, 0x8EC0, 
    0x8EC0, 0x8EC0, 0x8EC0, 0x8EC0, 0x8EC0, 0x8EC0, 0x8EC0, 0x8EC0, 0x8EC0, 0x8EC0, 0x8EC0, 0x8EC0, 0xFFFF, 0x632C, 0x632C, 0x632C, 0x632C, 0x632C, 0x632C, 0x632C, 0x632C, 0x632C, 0x632C, 0x632C, 0x632C, 0x632C, 0x632C, 0x632C, 0x632C, 0x632C, 0x632C, 0x632C, 0x632C, 0x632C, 0x632C, 0x632C, 0x632C, 0x632C, 0x632C, 0x632C, 0x632C, 0x632C, 0x632C, 0x632C, 0x632C, 0x632C, 0x632C, 0x632C, 0x632C, 0x632C, 0x632C, 0x632C, 0xFFFF, 0x8EC0, 0x8EC0, 0x8EC0, 0x8EC0, 0x8EC0, 0x8EC0, 0x8EC0, 0x8EC0, 0x8EC0, 0x8EC0, 0x8EC0, 
    0x8EC0, 0x8EC0, 0x8EC0, 0x8EC0, 0x8EC0, 0x8EC0, 0x8EC0, 0x8EC0, 0x8EC0, 0x8EC0, 0x8EC0, 0x8EC0, 0xFFFF, 0x632C, 0x632C, 0x632C, 0x632C, 0x632C, 0x632C, 0x632C, 0x632C, 0x632C, 0x632C, 0x632C, 0x632C, 0x632C, 0x632C, 0x632C, 0x632C, 0x632C, 0x632C, 0x632C, 0x632C, 0x632C, 0x632C, 0x632C, 0x632C, 0x632C, 0x632C, 0x632C, 0x632C, 0x632C, 0x632C, 0x632C, 0x632C, 0x632C, 0x632C, 0x632C, 0x632C, 0x632C, 0x632C, 0x632C, 0xFFFF, 0x8EC0, 0x8EC0, 0x8EC0, 0x8EC0, 0x8EC0, 0x8EC0, 0x8EC0, 0x8EC0, 0x8EC0, 0x8EC0, 0x8EC0, 
    0x8EC0, 0x8EC0, 0x8EC0, 0x8EC0, 0x8EC0, 0x8EC0, 0x8EC0, 0x8EC0, 0x8EC0, 0x8EC0, 0x8EC0, 0x8EC0, 0xFFFF, 0x632C, 0x632C, 0x632C, 0x632C, 0x632C, 0x632C, 0x632C, 0x632C, 0x632C, 0x632C, 0x632C, 0x632C, 0x632C, 0x632C, 0x632C, 0x632C, 0x632C, 0x632C, 0x632C, 0xFFFF, 0x632C, 0x632C, 0x632C, 0x632C, 0x632C, 0x632C, 0x632C, 0x632C, 0x632C, 0x632C, 0x632C, 0x632C, 0x632C, 0x632C, 0x632C, 0x632C, 0x632C, 0x632C, 0x632C, 0xFFFF, 0x8EC0, 0x8EC0, 0x8EC0, 0x8EC0, 0x8EC0, 0x8EC0, 0x8EC0, 0x8EC0, 0x8EC0, 0x8EC0, 0x8EC0, 
    0x8EC0, 0x8EC0, 0x8EC0, 0x8EC0, 0x8EC0, 0x8EC0, 0x8EC0, 0x8EC0, 0x8EC0, 0x8EC0, 0x8EC0, 0x8EC0, 0xFFFF, 0x632C, 0x632C, 0x632C, 0x632C, 0x632C, 0x632C, 0x632C, 0x632C, 0x632C, 0x632C, 0x632C, 0x632C, 0x632C, 0x632C, 0x632C, 0x632C, 0x632C, 0x632C, 0x632C, 0xFFFF, 0x632C, 0x632C, 0x632C, 0x632C, 0x632C, 0x632C, 0x632C, 0x632C, 0x632C, 0x632C, 0x632C, 0x632C, 0x632C, 0x632C, 0x632C, 0x632C, 0x632C, 0x632C, 0x632C, 0xFFFF, 0x8EC0, 0x8EC0, 0x8EC0, 0x8EC0, 0x8EC0, 0x8EC0, 0x8EC0, 0x8EC0, 0x8EC0, 0x8EC0, 0x8EC0, 
    0x8EC0, 0x8EC0, 0x8EC0, 0x8EC0, 0x8EC0, 0x8EC0, 0x8EC0, 0x8EC0, 0x8EC0, 0x8EC0, 0x8EC0, 0x8EC0, 0xFFFF, 0x632C, 0x632C, 0x632C, 0x632C, 0x632C, 0x632C, 0x632C, 0x632C, 0x632C, 0x632C, 0x632C, 0x632C, 0x632C, 0x632C, 0x632C, 0x632C, 0x632C, 0x632C, 0x632C, 0xFFFF, 0x632C, 0x632C, 0x632C, 0x632C, 0x632C, 0x632C, 0x632C, 0x632C, 0x632C, 0x632C, 0x632C, 0x632C, 0x632C, 0x632C, 0x632C, 0x632C, 0x632C, 0x632C, 0x632C, 0xFFFF, 0x8EC0, 0x8EC0, 0x8EC0, 0x8EC0, 0x8EC0, 0x8EC0, 0x8EC0, 0x8EC0, 0x8EC0, 0x8EC0, 0x8EC0, 
    0x8EC0, 0x8EC0, 0x8EC0, 0x8EC0, 0x8EC0, 0x8EC0, 0x8EC0, 0x8EC0, 0x8EC0, 0x8EC0, 0x8EC0, 0x8EC0, 0xFFFF, 0x632C, 0x632C, 0x632C, 0x632C, 0x632C, 0x632C, 0x632C, 0x632C, 0x632C, 0x632C, 0x632C, 0x632C, 0x632C, 0x632C, 0x632C, 0x632C, 0x632C, 0x632C, 0x632C, 0xFFFF, 0x632C, 0x632C, 0x632C, 0x632C, 0x632C, 0x632C, 0x632C, 0x632C, 0x632C, 0x632C, 0x632C, 0x632C, 0x632C, 0x632C, 0x632C, 0x632C, 0x632C, 0x632C, 0x632C, 0xFFFF, 0x8EC0, 0x8EC0, 0x8EC0, 0x8EC0, 0x8EC0, 0x8EC0, 0x8EC0, 0x8EC0, 0x8EC0, 0x8EC0, 0x8EC0, 
    0x8EC0, 0x8EC0, 0x8EC0, 0x8EC0, 0x8EC0, 0x8EC0, 0x8EC0, 0x8EC0, 0x8EC0, 0x8EC0, 0x8EC0, 0x8EC0, 0xFFFF, 0x632C, 0x632C, 0x632C, 0x632C, 0x632C, 0x632C, 0x632C, 0x632C, 0x632C, 0x632C, 0x632C, 0x632C, 0x632C, 0x632C, 0x632C, 0x632C, 0x632C, 0x632C, 0x632C, 0xFFFF, 0x632C, 0x632C, 0x632C, 0x632C, 0x632C, 0x632C, 0x632C, 0x632C, 0x632C, 0x632C, 0x632C, 0x632C, 0x632C, 0x632C, 0x632C, 0x632C, 0x632C, 0x632C, 0x632C, 0xFFFF, 0x8EC0, 0x8EC0, 0x8EC0, 0x8EC0, 0x8EC0, 0x8EC0, 0x8EC0, 0x8EC0, 0x8EC0, 0x8EC0, 0x8EC0, 
    0x8EC0, 0x8EC0, 0x8EC0, 0x8EC0, 0x8EC0, 0x8EC0, 0x8EC0, 0x8EC0, 0x8EC0, 0x8EC0, 0x8EC0, 0x8EC0, 0xFFFF, 0x632C, 0x632C, 0x632C, 0x632C, 0x632C, 0x632C, 0x632C, 0x632C, 0x632C, 0x632C, 0x632C, 0x632C, 0x632C, 0x632C, 0x632C, 0x632C, 0x632C, 0x632C, 0x632C, 0xFFFF, 0x632C, 0x632C, 0x632C, 0x632C, 0x632C, 0x632C, 0x632C, 0x632C, 0x632C, 0x632C, 0x632C, 0x632C, 0x632C, 0x632C, 0x632C, 0x632C, 0x632C, 0x632C, 0x632C, 0xFFFF, 0x8EC0, 0x8EC0, 0x8EC0, 0x8EC0, 0x8EC0, 0x8EC0, 0x8EC0, 0x8EC0, 0x8EC0, 0x8EC0, 0x8EC0, 
    0x8EC0, 0x8EC0, 0x8EC0, 0x8EC0, 0x8EC0, 0x8EC0, 0x8EC0, 0x8EC0, 0x8EC0, 0x8EC0, 0x8EC0, 0x8EC0, 0xFFFF, 0x632C, 0x632C, 0x632C, 0x632C, 0x632C, 0x632C, 0x632C, 0x632C, 0x632C, 0x632C, 0x632C, 0x632C, 0x632C, 0x632C, 0x632C, 0x632C, 0x632C, 0x632C, 0x632C, 0xFFFF, 0x632C, 0x632C, 0x632C, 0x632C, 0x632C, 0x632C, 0x632C, 0x632C, 0x632C, 0x632C, 0x632C, 0x632C, 0x632C, 0x632C, 0x632C, 0x632C, 0x632C, 0x632C, 0x632C, 0xFFFF, 0x8EC0, 0x8EC0, 0x8EC0, 0x8EC0, 0x8EC0, 0x8EC0, 0x8EC0, 0x8EC0, 0x8EC0, 0x8EC0, 0x8EC0, 
    0x8EC0, 0x8EC0, 0x8EC0, 0x8EC0, 0x8EC0, 0x8EC0, 0x8EC0, 0x8EC0, 0x8EC0, 0x8EC0, 0x8EC0, 0x8EC0, 0xFFFF, 0x632C, 0x632C, 0x632C, 0x632C, 0x632C, 0x632C, 0x632C, 0x632C, 0x632C, 0x632C, 0x632C, 0x632C, 0x632C, 0x632C, 0x632C, 0x632C, 0x632C, 0x632C, 0x632C, 0xFFFF, 0x632C, 0x632C, 0x632C, 0x632C, 0x632C, 0x632C, 0x632C, 0x632C, 0x632C, 0x632C, 0x632C, 0x632C, 0x632C, 0x632C, 0x632C, 0x632C, 0x632C, 0x632C, 0x632C, 0xFFFF, 0x8EC0, 0x8EC0, 0x8EC0, 0x8EC0, 0x8EC0, 0x8EC0, 0x8EC0, 0x8EC0, 0x8EC0, 0x8EC0, 0x8EC0, 
    0x8EC0, 0x8EC0, 0x8EC0, 0x8EC0, 0x8EC0, 0x8EC0, 0x8EC0, 0x8EC0, 0x8EC0, 0x8EC0, 0x8EC0, 0x8EC0, 0xFFFF, 0x632C, 0x632C, 0x632C, 0x632C, 0x632C, 0x632C, 0x632C, 0x632C, 0x632C, 0x632C, 0x632C, 0x632C, 0x632C, 0x632C, 0x632C, 0x632C, 0x632C, 0x632C, 0x632C, 0xFFFF, 0x632C, 0x632C, 0x632C, 0x632C, 0x632C, 0x632C, 0x632C, 0x632C, 0x632C, 0x632C, 0x632C, 0x632C, 0x632C, 0x632C, 0x632C, 0x632C, 0x632C, 0x632C, 0x632C, 0xFFFF, 0x8EC0, 0x8EC0, 0x8EC0, 0x8EC0, 0x8EC0, 0x8EC0, 0x8EC0, 0x8EC0, 0x8EC0, 0x8EC0, 0x8EC0, 
    0x8EC0, 0x8EC0, 0x8EC0, 0x8EC0, 0x8EC0, 0x8EC0, 0x8EC0, 0x8EC0, 0x8EC0, 0x8EC0, 0x8EC0, 0x8EC0, 0xFFFF, 0x632C, 0x632C, 0x632C, 0x632C, 0x632C, 0x632C, 0x632C, 0x632C, 0x632C, 0x632C, 0x632C, 0x632C, 0x632C, 0x632C, 0x632C, 0x632C, 0x632C, 0x632C, 0x632C, 0xFFFF, 0x632C, 0x632C, 0x632C, 0x632C, 0x632C, 0x632C, 0x632C, 0x632C, 0x632C, 0x632C, 0x632C, 0x632C, 0x632C, 0x632C, 0x632C, 0x632C, 0x632C, 0x632C, 0x632C, 0xFFFF, 0x8EC0, 0x8EC0, 0x8EC0, 0x8EC0, 0x8EC0, 0x8EC0, 0x8EC0, 0x8EC0, 0x8EC0, 0x8EC0, 0x8EC0, 
    0x8EC0, 0x8EC0, 0x8EC0, 0x8EC0, 0x8EC0, 0x8EC0, 0x8EC0, 0x8EC0, 0x8EC0, 0x8EC0, 0x8EC0, 0x8EC0, 0xFFFF, 0x632C, 0x632C, 0x632C, 0x632C, 0x632C, 0x632C, 0x632C, 0x632C, 0x632C, 0x632C, 0x632C, 0x632C, 0x632C, 0x632C, 0x632C, 0x632C, 0x632C, 0x632C, 0x632C, 0x632C, 0x632C, 0x632C, 0x632C, 0x632C, 0x632C, 0x632C, 0x632C, 0x632C, 0x632C, 0x632C, 0x632C, 0x632C, 0x632C, 0x632C, 0x632C, 0x632C, 0x632C, 0x632C, 0x632C, 0xFFFF, 0x8EC0, 0x8EC0, 0x8EC0, 0x8EC0, 0x8EC0, 0x8EC0, 0x8EC0, 0x8EC0, 0x8EC0, 0x8EC0, 0x8EC0, 
    0x8EC0, 0x8EC0, 0x8EC0, 0x8EC0, 0x8EC0, 0x8EC0, 0x8EC0, 0x8EC0, 0x8EC0, 0x8EC0, 0x8EC0, 0x8EC0, 0xFFFF, 0x632C, 0x632C, 0x632C, 0x632C, 0x632C, 0x632C, 0x632C, 0x632C, 0x632C, 0x632C, 0x632C, 0x632C, 0x632C, 0x632C, 0x632C, 0x632C, 0x632C, 0x632C, 0x632C, 0x632C, 0x632C, 0x632C, 0x632C, 0x632C, 0x632C, 0x632C, 0x632C, 0x632C, 0x632C, 0x632C, 0x632C, 0x632C, 0x632C, 0x632C, 0x632C, 0x632C, 0x632C, 0x632C, 0x632C, 0xFFFF, 0x8EC0, 0x8EC0, 0x8EC0, 0x8EC0, 0x8EC0, 0x8EC0, 0x8EC0, 0x8EC0, 0x8EC0, 0x8EC0, 0x8EC0, 
    0x8EC0, 0x8EC0, 0x8EC0, 0x8EC0, 0x8EC0, 0x8EC0, 0x8EC0, 0x8EC0, 0x8EC0, 0x8EC0, 0x8EC0, 0x8EC0, 0xFFFF, 0x632C, 0x632C, 0x632C, 0x632C, 0x632C, 0x632C, 0x632C, 0x632C, 0x632C, 0x632C, 0x632C, 0x632C, 0x632C, 0x632C, 0x632C, 0x632C, 0x632C, 0x632C, 0x632C, 0x632C, 0x632C, 0x632C, 0x632C, 0x632C, 0x632C, 0x632C, 0x632C, 0x632C, 0x632C, 0x632C, 0x632C, 0x632C, 0x632C, 0x632C, 0x632C, 0x632C, 0x632C, 0x632C, 0x632C, 0xFFFF, 0x8EC0, 0x8EC0, 0x8EC0, 0x8EC0, 0x8EC0, 0x8EC0, 0x8EC0, 0x8EC0, 0x8EC0, 0x8EC0, 0x8EC0, 
    0x8EC0, 0x8EC0, 0x8EC0, 0x8EC0, 0x8EC0, 0x8EC0, 0x8EC0, 0x8EC0, 0x8EC0, 0x8EC0, 0x8EC0, 0x8EC0, 0xFFFF, 0x632C, 0x632C, 0x632C, 0x632C, 0x632C, 0x632C, 0x632C, 0x632C, 0x632C, 0x632C, 0x632C, 0x632C, 0x632C, 0x632C, 0x632C, 0x632C, 0x632C, 0x632C, 0x632C, 0x632C, 0x632C, 0x632C, 0x632C, 0x632C, 0x632C, 0x632C, 0x632C, 0x632C, 0x632C, 0x632C, 0x632C, 0x632C, 0x632C, 0x632C, 0x632C, 0x632C, 0x632C, 0x632C, 0x632C, 0xFFFF, 0x8EC0, 0x8EC0, 0x8EC0, 0x8EC0, 0x8EC0, 0x8EC0, 0x8EC0, 0x8EC0, 0x8EC0, 0x8EC0, 0x8EC0, 
    0x8EC0, 0x8EC0, 0x8EC0, 0x8EC0, 0x8EC0, 0x8EC0, 0x8EC0, 0x8EC0, 0x8EC0, 0x8EC0, 0x8EC0, 0x8EC0, 0xFFFF, 0x632C, 0x632C, 0x632C, 0x632C, 0x632C, 0x632C, 0x632C, 0x632C, 0x632C, 0x632C, 0x632C, 0x632C, 0x632C, 0x632C, 0x632C, 0x632C, 0x632C, 0x632C, 0x632C, 0x632C, 0x632C, 0x632C, 0x632C, 0x632C, 0x632C, 0x632C, 0x632C, 0x632C, 0x632C, 0x632C, 0x632C, 0x632C, 0x632C, 0x632C, 0x632C, 0x632C, 0x632C, 0x632C, 0x632C, 0xFFFF, 0x8EC0, 0x8EC0, 0x8EC0, 0x8EC0, 0x8EC0, 0x8EC0, 0x8EC0, 0x8EC0, 0x8EC0, 0x8EC0, 0x8EC0, 
    0x8EC0, 0x8EC0, 0x8EC0, 0x8EC0, 0x8EC0, 0x8EC0, 0x8EC0, 0x8EC0, 0x8EC0, 0x8EC0, 0x8EC0, 0x8EC0, 0xFFFF, 0x632C, 0x632C, 0x632C, 0x632C, 0x632C, 0x632C, 0x632C, 0x632C, 0x632C, 0x632C, 0x632C, 0x632C, 0x632C, 0x632C, 0x632C, 0x632C, 0x632C, 0x632C, 0x632C, 0x632C, 0x632C, 0x632C, 0x632C, 0x632C, 0x632C, 0x632C, 0x632C, 0x632C, 0x632C, 0x632C, 0x632C, 0x632C, 0x632C, 0x632C, 0x632C, 0x632C, 0x632C, 0x632C, 0x632C, 0xFFFF, 0x8EC0, 0x8EC0, 0x8EC0, 0x8EC0, 0x8EC0, 0x8EC0, 0x8EC0, 0x8EC0, 0x8EC0, 0x8EC0, 0x8EC0, 
    0x8EC0, 0x8EC0, 0x8EC0, 0x8EC0, 0x8EC0, 0x8EC0, 0x8EC0, 0x8EC0, 0x8EC0, 0x8EC0, 0x8EC0, 0x8EC0, 0xFFFF, 0x632C, 0x632C, 0x632C, 0x632C, 0x632C, 0x632C, 0x632C, 0x632C, 0x632C, 0x632C, 0x632C, 0x632C, 0x632C, 0x632C, 0x632C, 0x632C, 0x632C, 0x632C, 0x632C, 0x632C, 0x632C, 0x632C, 0x632C, 0x632C, 0x632C, 0x632C, 0x632C, 0x632C, 0x632C, 0x632C, 0x632C, 0x632C, 0x632C, 0x632C, 0x632C, 0x632C, 0x632C, 0x632C, 0x632C, 0xFFFF, 0x8EC0, 0x8EC0, 0x8EC0, 0x8EC0, 0x8EC0, 0x8EC0, 0x8EC0, 0x8EC0, 0x8EC0, 0x8EC0, 0x8EC0, 
    0x8EC0, 0x8EC0, 0x8EC0, 0x8EC0, 0x8EC0, 0x8EC0, 0x8EC0, 0x8EC0, 0x8EC0, 0x8EC0, 0x8EC0, 0x8EC0, 0xFFFF, 0x632C, 0x632C, 0x632C, 0x632C, 0x632C, 0x632C, 0x632C, 0x632C, 0x632C, 0x632C, 0x632C, 0x632C, 0x632C, 0x632C, 0x632C, 0x632C, 0x632C, 0x632C, 0x632C, 0x632C, 0x632C, 0x632C, 0x632C, 0x632C, 0x632C, 0x632C, 0x632C, 0x632C, 0x632C, 0x632C, 0x632C, 0x632C, 0x632C, 0x632C, 0x632C, 0x632C, 0x632C, 0x632C, 0x632C, 0xFFFF, 0x8EC0, 0x8EC0, 0x8EC0, 0x8EC0, 0x8EC0, 0x8EC0, 0x8EC0, 0x8EC0, 0x8EC0, 0x8EC0, 0x8EC0, 
    0x8EC0, 0x8EC0, 0x8EC0, 0x8EC0, 0x8EC0, 0x8EC0, 0x8EC0, 0x8EC0, 0x8EC0, 0x8EC0, 0x8EC0, 0x8EC0, 0xFFFF, 0x632C, 0x632C, 0x632C, 0x632C, 0x632C, 0x632C, 0x632C, 0x632C, 0x632C, 0x632C, 0x632C, 0x632C, 0x632C, 0x632C, 0x632C, 0x632C, 0x632C, 0x632C, 0x632C, 0x632C, 0x632C, 0x632C, 0x632C, 0x632C, 0x632C, 0x632C, 0x632C, 0x632C, 0x632C, 0x632C, 0x632C, 0x632C, 0x632C, 0x632C, 0x632C, 0x632C, 0x632C, 0x632C, 0x632C, 0xFFFF, 0x8EC0, 0x8EC0, 0x8EC0, 0x8EC0, 0x8EC0, 0x8EC0, 0x8EC0, 0x8EC0, 0x8EC0, 0x8EC0, 0x8EC0, 
    0x8EC0, 0x8EC0, 0x8EC0, 0x8EC0, 0x8EC0, 0x8EC0, 0x8EC0, 0x8EC0, 0x8EC0, 0x8EC0, 0x8EC0, 0x8EC0, 0xFFFF, 0x632C, 0x632C, 0x632C, 0x632C, 0x632C, 0x632C, 0x632C, 0x632C, 0x632C, 0x632C, 0x632C, 0x632C, 0x632C, 0x632C, 0x632C, 0x632C, 0x632C, 0x632C, 0x632C, 0x632C, 0x632C, 0x632C, 0x632C, 0x632C, 0x632C, 0x632C, 0x632C, 0x632C, 0x632C, 0x632C, 0x632C, 0x632C, 0x632C, 0x632C, 0x632C, 0x632C, 0x632C, 0x632C, 0x632C, 0xFFFF, 0x8EC0, 0x8EC0, 0x8EC0, 0x8EC0, 0x8EC0, 0x8EC0, 0x8EC0, 0x8EC0, 0x8EC0, 0x8EC0, 0x8EC0, 
    0x8EC0, 0x8EC0, 0x8EC0, 0x8EC0, 0x8EC0, 0x8EC0, 0x8EC0, 0x8EC0, 0x8EC0, 0x8EC0, 0x8EC0, 0x8EC0, 0xFFFF, 0x632C, 0x632C, 0x632C, 0x632C, 0x632C, 0x632C, 0x632C, 0x632C, 0x632C, 0x632C, 0x632C, 0x632C, 0x632C, 0x632C, 0x632C, 0x632C, 0x632C, 0x632C, 0x632C, 0xFFFF, 0x632C, 0x632C, 0x632C, 0x632C, 0x632C, 0x632C, 0x632C, 0x632C, 0x632C, 0x632C, 0x632C, 0x632C, 0x632C, 0x632C, 0x632C, 0x632C, 0x632C, 0x632C, 0x632C, 0xFFFF, 0x8EC0, 0x8EC0, 0x8EC0, 0x8EC0, 0x8EC0, 0x8EC0, 0x8EC0, 0x8EC0, 0x8EC0, 0x8EC0, 0x8EC0, 
    0x8EC0, 0x8EC0, 0x8EC0, 0x8EC0, 0x8EC0, 0x8EC0, 0x8EC0, 0x8EC0, 0x8EC0, 0x8EC0, 0x8EC0, 0x8EC0, 0xFFFF, 0x632C, 0x632C, 0x632C, 0x632C, 0x632C, 0x632C, 0x632C, 0x632C, 0x632C, 0x632C, 0x632C, 0x632C, 0x632C, 0x632C, 0x632C, 0x632C, 0x632C, 0x632C, 0x632C, 0xFFFF, 0x632C, 0x632C, 0x632C, 0x632C, 0x632C, 0x632C, 0x632C, 0x632C, 0x632C, 0x632C, 0x632C, 0x632C, 0x632C, 0x632C, 0x632C, 0x632C, 0x632C, 0x632C, 0x632C, 0xFFFF, 0x8EC0, 0x8EC0, 0x8EC0, 0x8EC0, 0x8EC0, 0x8EC0, 0x8EC0, 0x8EC0, 0x8EC0, 0x8EC0, 0x8EC0, 
    0x8EC0, 0x8EC0, 0x8EC0, 0x8EC0, 0x8EC0, 0x8EC0, 0x8EC0, 0x8EC0, 0x8EC0, 0x8EC0, 0x8EC0, 0x8EC0, 0xFFFF, 0x632C, 0x632C, 0x632C, 0x632C, 0x632C, 0x632C, 0x632C, 0x632C, 0x632C, 0x632C, 0x632C, 0x632C, 0x632C, 0x632C, 0x632C, 0x632C, 0x632C, 0x632C, 0x632C, 0xFFFF, 0x632C, 0x632C, 0x632C, 0x632C, 0x632C, 0x632C, 0x632C, 0x632C, 0x632C, 0x632C, 0x632C, 0x632C, 0x632C, 0x632C, 0x632C, 0x632C, 0x632C, 0x632C, 0x632C, 0xFFFF, 0x8EC0, 0x8EC0, 0x8EC0, 0x8EC0, 0x8EC0, 0x8EC0, 0x8EC0, 0x8EC0, 0x8EC0, 0x8EC0, 0x8EC0, 
    0x8EC0, 0x8EC0, 0x8EC0, 0x8EC0, 0x8EC0, 0x8EC0, 0x8EC0, 0x8EC0, 0x8EC0, 0x8EC0, 0x8EC0, 0x8EC0, 0xFFFF, 0x632C, 0x632C, 0x632C, 0x632C, 0x632C, 0x632C, 0x632C, 0x632C, 0x632C, 0x632C, 0x632C, 0x632C, 0x632C, 0x632C, 0x632C, 0x632C, 0x632C, 0x632C, 0x632C, 0xFFFF, 0x632C, 0x632C, 0x632C, 0x632C, 0x632C, 0x632C, 0x632C, 0x632C, 0x632C, 0x632C, 0x632C, 0x632C, 0x632C, 0x632C, 0x632C, 0x632C, 0x632C, 0x632C, 0x632C, 0xFFFF, 0x8EC0, 0x8EC0, 0x8EC0, 0x8EC0, 0x8EC0, 0x8EC0, 0x8EC0, 0x8EC0, 0x8EC0, 0x8EC0, 0x8EC0, 
    0x8EC0, 0x8EC0, 0x8EC0, 0x8EC0, 0x8EC0, 0x8EC0, 0x8EC0, 0x8EC0, 0x8EC0, 0x8EC0, 0x8EC0, 0x8EC0, 0xFFFF, 0x632C, 0x632C, 0x632C, 0x632C, 0x632C, 0x632C, 0x632C, 0x632C, 0x632C, 0x632C, 0x632C, 0x632C, 0x632C, 0x632C, 0x632C, 0x632C, 0x632C, 0x632C, 0x632C, 0xFFFF, 0x632C, 0x632C, 0x632C, 0x632C, 0x632C, 0x632C, 0x632C, 0x632C, 0x632C, 0x632C, 0x632C, 0x632C, 0x632C, 0x632C, 0x632C, 0x632C, 0x632C, 0x632C, 0x632C, 0xFFFF, 0x8EC0, 0x8EC0, 0x8EC0, 0x8EC0, 0x8EC0, 0x8EC0, 0x8EC0, 0x8EC0, 0x8EC0, 0x8EC0, 0x8EC0, 
    0x8EC0, 0x8EC0, 0x8EC0, 0x8EC0, 0x8EC0, 0x8EC0, 0x8EC0, 0x8EC0, 0x8EC0, 0x8EC0, 0x8EC0, 0x8EC0, 0xFFFF, 0x632C, 0x632C, 0x632C, 0x632C, 0x632C, 0x632C, 0x632C, 0x632C, 0x632C, 0x632C, 0x632C, 0x632C, 0x632C, 0x632C, 0x632C, 0x632C, 0x632C, 0x632C, 0x632C, 0xFFFF, 0x632C, 0x632C, 0x632C, 0x632C, 0x632C, 0x632C, 0x632C, 0x632C, 0x632C, 0x632C, 0x632C, 0x632C, 0x632C, 0x632C, 0x632C, 0x632C, 0x632C, 0x632C, 0x632C, 0xFFFF, 0x8EC0, 0x8EC0, 0x8EC0, 0x8EC0, 0x8EC0, 0x8EC0, 0x8EC0, 0x8EC0, 0x8EC0, 0x8EC0, 0x8EC0, 
    0x8EC0, 0x8EC0, 0x8EC0, 0x8EC0, 0x8EC0, 0x8EC0, 0x8EC0, 0x8EC0, 0x8EC0, 0x8EC0, 0x8EC0, 0x8EC0, 0xFFFF, 0x632C, 0x632C, 0x632C, 0x632C, 0x632C, 0x632C, 0x632C, 0x632C, 0x632C, 0x632C, 0x632C, 0x632C, 0x632C, 0x632C, 0x632C, 0x632C, 0x632C, 0x632C, 0x632C, 0xFFFF, 0x632C, 0x632C, 0x632C, 0x632C, 0x632C, 0x632C, 0x632C, 0x632C, 0x632C, 0x632C, 0x632C, 0x632C, 0x632C, 0x632C, 0x632C, 0x632C, 0x632C, 0x632C, 0x632C, 0xFFFF, 0x8EC0, 0x8EC0, 0x8EC0, 0x8EC0, 0x8EC0, 0x8EC0, 0x8EC0, 0x8EC0, 0x8EC0, 0x8EC0, 0x8EC0, 
    0x8EC0, 0x8EC0, 0x8EC0, 0x8EC0, 0x8EC0, 0x8EC0, 0x8EC0, 0x8EC0, 0x8EC0, 0x8EC0, 0x8EC0, 0x8EC0, 0xFFFF, 0x632C, 0x632C, 0x632C, 0x632C, 0x632C, 0x632C, 0x632C, 0x632C, 0x632C, 0x632C, 0x632C, 0x632C, 0x632C, 0x632C, 0x632C, 0x632C, 0x632C, 0x632C, 0x632C, 0xFFFF, 0x632C, 0x632C, 0x632C, 0x632C, 0x632C, 0x632C, 0x632C, 0x632C, 0x632C, 0x632C, 0x632C, 0x632C, 0x632C, 0x632C, 0x632C, 0x632C, 0x632C, 0x632C, 0x632C, 0xFFFF, 0x8EC0, 0x8EC0, 0x8EC0, 0x8EC0, 0x8EC0, 0x8EC0, 0x8EC0, 0x8EC0, 0x8EC0, 0x8EC0, 0x8EC0, 
    0x8EC0, 0x8EC0, 0x8EC0, 0x8EC0, 0x8EC0, 0x8EC0, 0x8EC0, 0x8EC0, 0x8EC0, 0x8EC0, 0x8EC0, 0x8EC0, 0xFFFF, 0x632C, 0x632C, 0x632C, 0x632C, 0x632C, 0x632C, 0x632C, 0x632C, 0x632C, 0x632C, 0x632C, 0x632C, 0x632C, 0x632C, 0x632C, 0x632C, 0x632C, 0x632C, 0x632C, 0xFFFF, 0x632C, 0x632C, 0x632C, 0x632C, 0x632C, 0x632C, 0x632C, 0x632C, 0x632C, 0x632C, 0x632C, 0x632C, 0x632C, 0x632C, 0x632C, 0x632C, 0x632C, 0x632C, 0x632C, 0xFFFF, 0x8EC0, 0x8EC0, 0x8EC0, 0x8EC0, 0x8EC0, 0x8EC0, 0x8EC0, 0x8EC0, 0x8EC0, 0x8EC0, 0x8EC0, 
    0x8EC0, 0x8EC0, 0x8EC0, 0x8EC0, 0x8EC0, 0x8EC0, 0x8EC0, 0x8EC0, 0x8EC0, 0x8EC0, 0x8EC0, 0x8EC0, 0xFFFF, 0x632C, 0x632C, 0x632C, 0x632C, 0x632C, 0x632C, 0x632C, 0x632C, 0x632C, 0x632C, 0x632C, 0x632C, 0x632C, 0x632C, 0x632C, 0x632C, 0x632C, 0x632C, 0x632C, 0xFFFF, 0x632C, 0x632C, 0x632C, 0x632C, 0x632C, 0x632C, 0x632C, 0x632C, 0x632C, 0x632C, 0x632C, 0x632C, 0x632C, 0x632C, 0x632C, 0x632C, 0x632C, 0x632C, 0x632C, 0xFFFF, 0x8EC0, 0x8EC0, 0x8EC0, 0x8EC0, 0x8EC0, 0x8EC0, 0x8EC0, 0x8EC0, 0x8EC0, 0x8EC0, 0x8EC0, 
    0x8EC0, 0x8EC0, 0x8EC0, 0x8EC0, 0x8EC0, 0x8EC0, 0x8EC0, 0x8EC0, 0x8EC0, 0x8EC0, 0x8EC0, 0x8EC0, 0xFFFF, 0x632C, 0x632C, 0x632C, 0x632C, 0x632C, 0x632C, 0x632C, 0x632C, 0x632C, 0x632C, 0x632C, 0x632C, 0x632C, 0x632C, 0x632C, 0x632C, 0x632C, 0x632C, 0x632C, 0xFFFF, 0x632C, 0x632C, 0x632C, 0x632C, 0x632C, 0x632C, 0x632C, 0x632C, 0x632C, 0x632C, 0x632C, 0x632C, 0x632C, 0x632C, 0x632C, 0x632C, 0x632C, 0x632C, 0x632C, 0xFFFF, 0x8EC0, 0x8EC0, 0x8EC0, 0x8EC0, 0x8EC0, 0x8EC0, 0x8EC0, 0x8EC0, 0x8EC0, 0x8EC0, 0x8EC0, 
    0x8EC0, 0x8EC0, 0x8EC0, 0x8EC0, 0x8EC0, 0x8EC0, 0x8EC0, 0x8EC0, 0x8EC0, 0x8EC0, 0x8EC0, 0x8EC0, 0xFFFF, 0x632C, 0x632C, 0x632C, 0x632C, 0x632C, 0x632C, 0x632C, 0x632C, 0x632C, 0x632C, 0x632C, 0x632C, 0x632C, 0x632C, 0x632C, 0x632C, 0x632C, 0x632C, 0x632C, 0x632C, 0x632C, 0x632C, 0x632C, 0x632C, 0x632C, 0x632C, 0x632C, 0x632C, 0x632C, 0x632C, 0x632C, 0x632C, 0x632C, 0x632C, 0x632C, 0x632C, 0x632C, 0x632C, 0x632C, 0xFFFF, 0x8EC0, 0x8EC0, 0x8EC0, 0x8EC0, 0x8EC0, 0x8EC0, 0x8EC0, 0x8EC0, 0x8EC0, 0x8EC0, 0x8EC0, 
    0x8EC0, 0x8EC0, 0x8EC0, 0x8EC0, 0x8EC0, 0x8EC0, 0x8EC0, 0x8EC0, 0x8EC0, 0x8EC0, 0x8EC0, 0x8EC0, 0xFFFF, 0x632C, 0x632C, 0x632C, 0x632C, 0x632C, 0x632C, 0x632C, 0x632C, 0x632C, 0x632C, 0x632C, 0x632C, 0x632C, 0x632C, 0x632C, 0x632C, 0x632C, 0x632C, 0x632C, 0x632C, 0x632C, 0x632C, 0x632C, 0x632C, 0x632C, 0x632C, 0x632C, 0x632C, 0x632C, 0x632C, 0x632C, 0x632C, 0x632C, 0x632C, 0x632C, 0x632C, 0x632C, 0x632C, 0x632C, 0xFFFF, 0x8EC0, 0x8EC0, 0x8EC0, 0x8EC0, 0x8EC0, 0x8EC0, 0x8EC0, 0x8EC0, 0x8EC0, 0x8EC0, 0x8EC0, 
    0x8EC0, 0x8EC0, 0x8EC0, 0x8EC0, 0x8EC0, 0x8EC0, 0x8EC0, 0x8EC0, 0x8EC0, 0x8EC0, 0x8EC0, 0x8EC0, 0xFFFF, 0x632C, 0x632C, 0x632C, 0x632C, 0x632C, 0x632C, 0x632C, 0x632C, 0x632C, 0x632C, 0x632C, 0x632C, 0x632C, 0x632C, 0x632C, 0x632C, 0x632C, 0x632C, 0x632C, 0x632C, 0x632C, 0x632C, 0x632C, 0x632C, 0x632C, 0x632C, 0x632C, 0x632C, 0x632C, 0x632C, 0x632C, 0x632C, 0x632C, 0x632C, 0x632C, 0x632C, 0x632C, 0x632C, 0x632C, 0xFFFF, 0x8EC0, 0x8EC0, 0x8EC0, 0x8EC0, 0x8EC0, 0x8EC0, 0x8EC0, 0x8EC0, 0x8EC0, 0x8EC0, 0x8EC0, 
    0x8EC0, 0x8EC0, 0x8EC0, 0x8EC0, 0x8EC0, 0x8EC0, 0x8EC0, 0x8EC0, 0x8EC0, 0x8EC0, 0x8EC0, 0x8EC0, 0xFFFF, 0x632C, 0x632C, 0x632C, 0x632C, 0x632C, 0x632C, 0x632C, 0x632C, 0x632C, 0x632C, 0x632C, 0x632C, 0x632C, 0x632C, 0x632C, 0x632C, 0x632C, 0x632C, 0x632C, 0x632C, 0x632C, 0x632C, 0x632C, 0x632C, 0x632C, 0x632C, 0x632C, 0x632C, 0x632C, 0x632C, 0x632C, 0x632C, 0x632C, 0x632C, 0x632C, 0x632C, 0x632C, 0x632C, 0x632C, 0xFFFF, 0x8EC0, 0x8EC0, 0x8EC0, 0x8EC0, 0x8EC0, 0x8EC0, 0x8EC0, 0x8EC0, 0x8EC0, 0x8EC0, 0x8EC0, 
    0x8EC0, 0x8EC0, 0x8EC0, 0x8EC0, 0x8EC0, 0x8EC0, 0x8EC0, 0x8EC0, 0x8EC0, 0x8EC0, 0x8EC0, 0x8EC0, 0xFFFF, 0x632C, 0x632C, 0x632C, 0x632C, 0x632C, 0x632C, 0x632C, 0x632C, 0x632C, 0x632C, 0x632C, 0x632C, 0x632C, 0x632C, 0x632C, 0x632C, 0x632C, 0x632C, 0x632C, 0x632C, 0x632C, 0x632C, 0x632C, 0x632C, 0x632C, 0x632C, 0x632C, 0x632C, 0x632C, 0x632C, 0x632C, 0x632C, 0x632C, 0x632C, 0x632C, 0x632C, 0x632C, 0x632C, 0x632C, 0xFFFF, 0x8EC0, 0x8EC0, 0x8EC0, 0x8EC0, 0x8EC0, 0x8EC0, 0x8EC0, 0x8EC0, 0x8EC0, 0x8EC0, 0x8EC0, 
    0x8EC0, 0x8EC0, 0x8EC0, 0x8EC0, 0x8EC0, 0x8EC0, 0x8EC0, 0x8EC0, 0x8EC0, 0x8EC0, 0x8EC0, 0x8EC0, 0xFFFF, 0x632C, 0x632C, 0x632C, 0x632C, 0x632C, 0x632C, 0x632C, 0x632C, 0x632C, 0x632C, 0x632C, 0x632C, 0x632C, 0x632C, 0x632C, 0x632C, 0x632C, 0x632C, 0x632C, 0x632C, 0x632C, 0x632C, 0x632C, 0x632C, 0x632C, 0x632C, 0x632C, 0x632C, 0x632C, 0x632C, 0x632C, 0x632C, 0x632C, 0x632C, 0x632C, 0x632C, 0x632C, 0x632C, 0x632C, 0xFFFF, 0x8EC0, 0x8EC0, 0x8EC0, 0x8EC0, 0x8EC0, 0x8EC0, 0x8EC0, 0x8EC0, 0x8EC0, 0x8EC0, 0x8EC0, 
    0x8EC0, 0x8EC0, 0x8EC0, 0x8EC0, 0x8EC0, 0x8EC0, 0x8EC0, 0x8EC0, 0x8EC0, 0x8EC0, 0x8EC0, 0x8EC0, 0xFFFF, 0x632C, 0x632C, 0x632C, 0x632C, 0x632C, 0x632C, 0x632C, 0x632C, 0x632C, 0x632C, 0x632C, 0x632C, 0x632C, 0x632C, 0x632C, 0x632C, 0x632C, 0x632C, 0x632C, 0x632C, 0x632C, 0x632C, 0x632C, 0x632C, 0x632C, 0x632C, 0x632C, 0x632C, 0x632C, 0x632C, 0x632C, 0x632C, 0x632C, 0x632C, 0x632C, 0x632C, 0x632C, 0x632C, 0x632C, 0xFFFF, 0x8EC0, 0x8EC0, 0x8EC0, 0x8EC0, 0x8EC0, 0x8EC0, 0x8EC0, 0x8EC0, 0x8EC0, 0x8EC0, 0x8EC0, 
    0x8EC0, 0x8EC0, 0x8EC0, 0x8EC0, 0x8EC0, 0x8EC0, 0x8EC0, 0x8EC0, 0x8EC0, 0x8EC0, 0x8EC0, 0x8EC0, 0xFFFF, 0x632C, 0x632C, 0x632C, 0x632C, 0x632C, 0x632C, 0x632C, 0x632C, 0x632C, 0x632C, 0x632C, 0x632C, 0x632C, 0x632C, 0x632C, 0x632C, 0x632C, 0x632C, 0x632C, 0x632C, 0x632C, 0x632C, 0x632C, 0x632C, 0x632C, 0x632C, 0x632C, 0x632C, 0x632C, 0x632C, 0x632C, 0x632C, 0x632C, 0x632C, 0x632C, 0x632C, 0x632C, 0x632C, 0x632C, 0xFFFF, 0x8EC0, 0x8EC0, 0x8EC0, 0x8EC0, 0x8EC0, 0x8EC0, 0x8EC0, 0x8EC0, 0x8EC0, 0x8EC0, 0x8EC0, 
    0x8EC0, 0x8EC0, 0x8EC0, 0x8EC0, 0x8EC0, 0x8EC0, 0x8EC0, 0x8EC0, 0x8EC0, 0x8EC0, 0x8EC0, 0x8EC0, 0xFFFF, 0x632C, 0x632C, 0x632C, 0x632C, 0x632C, 0x632C, 0x632C, 0x632C, 0x632C, 0x632C, 0x632C, 0x632C, 0x632C, 0x632C, 0x632C, 0x632C, 0x632C, 0x632C, 0x632C, 0x632C, 0x632C, 0x632C, 0x632C, 0x632C, 0x632C, 0x632C, 0x632C, 0x632C, 0x632C, 0x632C, 0x632C, 0x632C, 0x632C, 0x632C, 0x632C, 0x632C, 0x632C, 0x632C, 0x632C, 0xFFFF, 0x8EC0, 0x8EC0, 0x8EC0, 0x8EC0, 0x8EC0, 0x8EC0, 0x8EC0, 0x8EC0, 0x8EC0, 0x8EC0, 0x8EC0, 
    0x8EC0, 0x8EC0, 0x8EC0, 0x8EC0, 0x8EC0, 0x8EC0, 0x8EC0, 0x8EC0, 0x8EC0, 0x8EC0, 0x8EC0, 0x8EC0, 0xFFFF, 0x632C, 0x632C, 0x632C, 0x632C, 0x632C, 0x632C, 0x632C, 0x632C, 0x632C, 0x632C, 0x632C, 0x632C, 0x632C, 0x632C, 0x632C, 0x632C, 0x632C, 0x632C, 0x632C, 0xFFFF, 0x632C, 0x632C, 0x632C, 0x632C, 0x632C, 0x632C, 0x632C, 0x632C, 0x632C, 0x632C, 0x632C, 0x632C, 0x632C, 0x632C, 0x632C, 0x632C, 0x632C, 0x632C, 0x632C, 0xFFFF, 0x8EC0, 0x8EC0, 0x8EC0, 0x8EC0, 0x8EC0, 0x8EC0, 0x8EC0, 0x8EC0, 0x8EC0, 0x8EC0, 0x8EC0, 
    0x8EC0, 0x8EC0, 0x8EC0, 0x8EC0, 0x8EC0, 0x8EC0, 0x8EC0, 0x8EC0, 0x8EC0, 0x8EC0, 0x8EC0, 0x8EC0, 0xFFFF, 0x632C, 0x632C, 0x632C, 0x632C, 0x632C, 0x632C, 0x632C, 0x632C, 0x632C, 0x632C, 0x632C, 0x632C, 0x632C, 0x632C, 0x632C, 0x632C, 0x632C, 0x632C, 0x632C, 0xFFFF, 0x632C, 0x632C, 0x632C, 0x632C, 0x632C, 0x632C, 0x632C, 0x632C, 0x632C, 0x632C, 0x632C, 0x632C, 0x632C, 0x632C, 0x632C, 0x632C, 0x632C, 0x632C, 0x632C, 0xFFFF, 0x8EC0, 0x8EC0, 0x8EC0, 0x8EC0, 0x8EC0, 0x8EC0, 0x8EC0, 0x8EC0, 0x8EC0, 0x8EC0, 0x8EC0, 
    0x8EC0, 0x8EC0, 0x8EC0, 0x8EC0, 0x8EC0, 0x8EC0, 0x8EC0, 0x8EC0, 0x8EC0, 0x8EC0, 0x8EC0, 0x8EC0, 0xFFFF, 0x632C, 0x632C, 0x632C, 0x632C, 0x632C, 0x632C, 0x632C, 0x632C, 0x632C, 0x632C, 0x632C, 0x632C, 0x632C, 0x632C, 0x632C, 0x632C, 0x632C, 0x632C, 0x632C, 0xFFFF, 0x632C, 0x632C, 0x632C, 0x632C, 0x632C, 0x632C, 0x632C, 0x632C, 0x632C, 0x632C, 0x632C, 0x632C, 0x632C, 0x632C, 0x632C, 0x632C, 0x632C, 0x632C, 0x632C, 0xFFFF, 0x8EC0, 0x8EC0, 0x8EC0, 0x8EC0, 0x8EC0, 0x8EC0, 0x8EC0, 0x8EC0, 0x8EC0, 0x8EC0, 0x8EC0, 
    0x8EC0, 0x8EC0, 0x8EC0, 0x8EC0, 0x8EC0, 0x8EC0, 0x8EC0, 0x8EC0, 0x8EC0, 0x8EC0, 0x8EC0, 0x8EC0, 0xFFFF, 0x632C, 0x632C, 0x632C, 0x632C, 0x632C, 0x632C, 0x632C, 0x632C, 0x632C, 0x632C, 0x632C, 0x632C, 0x632C, 0x632C, 0x632C, 0x632C, 0x632C, 0x632C, 0x632C, 0xFFFF, 0x632C, 0x632C, 0x632C, 0x632C, 0x632C, 0x632C, 0x632C, 0x632C, 0x632C, 0x632C, 0x632C, 0x632C, 0x632C, 0x632C, 0x632C, 0x632C, 0x632C, 0x632C, 0x632C, 0xFFFF, 0x8EC0, 0x8EC0, 0x8EC0, 0x8EC0, 0x8EC0, 0x8EC0, 0x8EC0, 0x8EC0, 0x8EC0, 0x8EC0, 0x8EC0, 
    0x8EC0, 0x8EC0, 0x8EC0, 0x8EC0, 0x8EC0, 0x8EC0, 0x8EC0, 0x8EC0, 0x8EC0, 0x8EC0, 0x8EC0, 0x8EC0, 0xFFFF, 0x632C, 0x632C, 0x632C, 0x632C, 0x632C, 0x632C, 0x632C, 0x632C, 0x632C, 0x632C, 0x632C, 0x632C, 0x632C, 0x632C, 0x632C, 0x632C, 0x632C, 0x632C, 0x632C, 0xFFFF, 0x632C, 0x632C, 0x632C, 0x632C, 0x632C, 0x632C, 0x632C, 0x632C, 0x632C, 0x632C, 0x632C, 0x632C, 0x632C, 0x632C, 0x632C, 0x632C, 0x632C, 0x632C, 0x632C, 0xFFFF, 0x8EC0, 0x8EC0, 0x8EC0, 0x8EC0, 0x8EC0, 0x8EC0, 0x8EC0, 0x8EC0, 0x8EC0, 0x8EC0, 0x8EC0, 
    0x8EC0, 0x8EC0, 0x8EC0, 0x8EC0, 0x8EC0, 0x8EC0, 0x8EC0, 0x8EC0, 0x8EC0, 0x8EC0, 0x8EC0, 0x8EC0, 0xFFFF, 0x632C, 0x632C, 0x632C, 0x632C, 0x632C, 0x632C, 0x632C, 0x632C, 0x632C, 0x632C, 0x632C, 0x632C, 0x632C, 0x632C, 0x632C, 0x632C, 0x632C, 0x632C, 0x632C, 0xFFFF, 0x632C, 0x632C, 0x632C, 0x632C, 0x632C, 0x632C, 0x632C, 0x632C, 0x632C, 0x632C, 0x632C, 0x632C, 0x632C, 0x632C, 0x632C, 0x632C, 0x632C, 0x632C, 0x632C, 0xFFFF, 0x8EC0, 0x8EC0, 0x8EC0, 0x8EC0, 0x8EC0, 0x8EC0, 0x8EC0, 0x8EC0, 0x8EC0, 0x8EC0, 0x8EC0, 
    0x8EC0, 0x8EC0, 0x8EC0, 0x8EC0, 0x8EC0, 0x8EC0, 0x8EC0, 0x8EC0, 0x8EC0, 0x8EC0, 0x8EC0, 0x8EC0, 0xFFFF, 0x632C, 0x632C, 0x632C, 0x632C, 0x632C, 0x632C, 0x632C, 0x632C, 0x632C, 0x632C, 0x632C, 0x632C, 0x632C, 0x632C, 0x632C, 0x632C, 0x632C, 0x632C, 0x632C, 0xFFFF, 0x632C, 0x632C, 0x632C, 0x632C, 0x632C, 0x632C, 0x632C, 0x632C, 0x632C, 0x632C, 0x632C, 0x632C, 0x632C, 0x632C, 0x632C, 0x632C, 0x632C, 0x632C, 0x632C, 0xFFFF, 0x8EC0, 0x8EC0, 0x8EC0, 0x8EC0, 0x8EC0, 0x8EC0, 0x8EC0, 0x8EC0, 0x8EC0, 0x8EC0, 0x8EC0, 
    0x8EC0, 0x8EC0, 0x8EC0, 0x8EC0, 0x8EC0, 0x8EC0, 0x8EC0, 0x8EC0, 0x8EC0, 0x8EC0, 0x8EC0, 0x8EC0, 0xFFFF, 0x632C, 0x632C, 0x632C, 0x632C, 0x632C, 0x632C, 0x632C, 0x632C, 0x632C, 0x632C, 0x632C, 0x632C, 0x632C, 0x632C, 0x632C, 0x632C, 0x632C, 0x632C, 0x632C, 0xFFFF, 0x632C, 0x632C, 0x632C, 0x632C, 0x632C, 0x632C, 0x632C, 0x632C, 0x632C, 0x632C, 0x632C, 0x632C, 0x632C, 0x632C, 0x632C, 0x632C, 0x632C, 0x632C, 0x632C, 0xFFFF, 0x8EC0, 0x8EC0, 0x8EC0, 0x8EC0, 0x8EC0, 0x8EC0, 0x8EC0, 0x8EC0, 0x8EC0, 0x8EC0, 0x8EC0, 
};

const uint16_t SimplerRoadNL[4096] = {
    0x8EC0, 0x8EC0, 0x8EC0, 0xFFFF, 0x632C, 0x632C, 0x632C, 0x632C, 0x632C, 0x632C, 0x632C, 0x632C, 0x632C, 0x632C, 0x632C, 0x632C, 0x632C, 0x632C, 0x632C, 0x632C, 0x632C, 0x632C, 0x632C, 0x632C, 0x632C, 0x632C, 0x632C, 0x632C, 0x632C, 0x632C, 0x632C, 0x632C, 0x632C, 0x632C, 0x632C, 0x632C, 0x632C, 0x632C, 0x632C, 0x632C, 0xFFFF, 0x8EC0, 0x8EC0, 0x8EC0, 0x8EC0, 0x8EC0, 0x8EC0, 0x8EC0, 0x8EC0, 0x8EC0, 0x8EC0, 0x8EC0, 0x8EC0, 0x8EC0, 0x8EC0, 0x8EC0, 0x8EC0, 0x8EC0, 0x8EC0, 0x8EC0, 0x8EC0, 0x8EC0, 0x8EC0, 0x8EC0, 
    0x8EC0, 0x8EC0, 0x8EC0, 0xFFFF, 0x632C, 0x632C, 0x632C, 0x632C, 0x632C, 0x632C, 0x632C, 0x632C, 0x632C, 0x632C, 0x632C, 0x632C, 0x632C, 0x632C, 0x632C, 0x632C, 0x632C, 0x632C, 0x632C, 0x632C, 0x632C, 0x632C, 0x632C, 0x632C, 0x632C, 0x632C, 0x632C, 0x632C, 0x632C, 0x632C, 0x632C, 0x632C, 0x632C, 0x632C, 0x632C, 0x632C, 0xFFFF, 0x8EC0, 0x8EC0, 0x8EC0, 0x8EC0, 0x8EC0, 0x8EC0, 0x8EC0, 0x8EC0, 0x8EC0, 0x8EC0, 0x8EC0, 0x8EC0, 0x8EC0, 0x8EC0, 0x8EC0, 0x8EC0, 0x8EC0, 0x8EC0, 0x8EC0, 0x8EC0, 0x8EC0, 0x8EC0, 0x8EC0, 
    0x8EC0, 0x8EC0, 0x8EC0, 0xFFFF, 0x632C, 0x632C, 0x632C, 0x632C, 0x632C, 0x632C, 0x632C, 0x632C, 0x632C, 0x632C, 0x632C, 0x632C, 0x632C, 0x632C, 0x632C, 0x632C, 0x632C, 0x632C, 0x632C, 0x632C, 0x632C, 0x632C, 0x632C, 0x632C, 0x632C, 0x632C, 0x632C, 0x632C, 0x632C, 0x632C, 0x632C, 0x632C, 0x632C, 0x632C, 0x632C, 0x632C, 0xFFFF, 0x8EC0, 0x8EC0, 0x8EC0, 0x8EC0, 0x8EC0, 0x8EC0, 0x8EC0, 0x8EC0, 0x8EC0, 0x8EC0, 0x8EC0, 0x8EC0, 0x8EC0, 0x8EC0, 0x8EC0, 0x8EC0, 0x8EC0, 0x8EC0, 0x8EC0, 0x8EC0, 0x8EC0, 0x8EC0, 0x8EC0, 
    0x8EC0, 0x8EC0, 0x8EC0, 0xFFFF, 0x632C, 0x632C, 0x632C, 0x632C, 0x632C, 0x632C, 0x632C, 0x632C, 0x632C, 0x632C, 0x632C, 0x632C, 0x632C, 0x632C, 0x632C, 0x632C, 0x632C, 0x632C, 0x632C, 0x632C, 0x632C, 0x632C, 0x632C, 0x632C, 0x632C, 0x632C, 0x632C, 0x632C, 0x632C, 0x632C, 0x632C, 0x632C, 0x632C, 0x632C, 0x632C, 0x632C, 0xFFFF, 0x8EC0, 0x8EC0, 0x8EC0, 0x8EC0, 0x8EC0, 0x8EC0, 0x8EC0, 0x8EC0, 0x8EC0, 0x8EC0, 0x8EC0, 0x8EC0, 0x8EC0, 0x8EC0, 0x8EC0, 0x8EC0, 0x8EC0, 0x8EC0, 0x8EC0, 0x8EC0, 0x8EC0, 0x8EC0, 0x8EC0, 
    0x8EC0, 0x8EC0, 0x8EC0, 0xFFFF, 0x632C, 0x632C, 0x632C, 0x632C, 0x632C, 0x632C, 0x632C, 0x632C, 0x632C, 0x632C, 0x632C, 0x632C, 0x632C, 0x632C, 0x632C, 0x632C, 0x632C, 0x632C, 0x632C, 0x632C, 0x632C, 0x632C, 0x632C, 0x632C, 0x632C, 0x632C, 0x632C, 0x632C, 0x632C, 0x632C, 0x632C, 0x632C, 0x632C, 0x632C, 0x632C, 0x632C, 0xFFFF, 0x8EC0, 0x8EC0, 0x8EC0, 0x8EC0, 0x8EC0, 0x8EC0, 0x8EC0, 0x8EC0, 0x8EC0, 0x8EC0, 0x8EC0, 0x8EC0, 0x8EC0, 0x8EC0, 0x8EC0, 0x8EC0, 0x8EC0, 0x8EC0, 0x8EC0, 0x8EC0, 0x8EC0, 0x8EC0, 0x8EC0, 
    0x8EC0, 0x8EC0, 0x8EC0, 0xFFFF, 0x632C, 0x632C, 0x632C, 0x632C, 0x632C, 0x632C, 0x632C, 0x632C, 0x632C, 0x632C, 0x632C, 0x632C, 0x632C, 0x632C, 0x632C, 0x632C, 0x632C, 0x632C, 0x632C, 0x632C, 0x632C, 0x632C, 0x632C, 0x632C, 0x632C, 0x632C, 0x632C, 0x632C, 0x632C, 0x632C, 0x632C, 0x632C, 0x632C, 0x632C, 0x632C, 0x632C, 0xFFFF, 0x8EC0, 0x8EC0, 0x8EC0, 0x8EC0, 0x8EC0, 0x8EC0, 0x8EC0, 0x8EC0, 0x8EC0, 0x8EC0, 0x8EC0, 0x8EC0, 0x8EC0, 0x8EC0, 0x8EC0, 0x8EC0, 0x8EC0, 0x8EC0, 0x8EC0, 0x8EC0, 0x8EC0, 0x8EC0, 0x8EC0, 
    0x8EC0, 0x8EC0, 0x8EC0, 0xFFFF, 0x632C, 0x632C, 0x632C, 0x632C, 0x632C, 0x632C, 0x632C, 0x632C, 0x632C, 0x632C, 0x632C, 0x632C, 0x632C, 0x632C, 0x632C, 0x632C, 0x632C, 0x632C, 0x632C, 0x632C, 0x632C, 0x632C, 0x632C, 0x632C, 0x632C, 0x632C, 0x632C, 0x632C, 0x632C, 0x632C, 0x632C, 0x632C, 0x632C, 0x632C, 0x632C, 0x632C, 0xFFFF, 0x8EC0, 0x8EC0, 0x8EC0, 0x8EC0, 0x8EC0, 0x8EC0, 0x8EC0, 0x8EC0, 0x8EC0, 0x8EC0, 0x8EC0, 0x8EC0, 0x8EC0, 0x8EC0, 0x8EC0, 0x8EC0, 0x8EC0, 0x8EC0, 0x8EC0, 0x8EC0, 0x8EC0, 0x8EC0, 0x8EC0, 
    0x8EC0, 0x8EC0, 0x8EC0, 0xFFFF, 0x632C, 0x632C, 0x632C, 0x632C, 0x632C, 0x632C, 0x632C, 0x632C, 0x632C, 0x632C, 0x632C, 0x632C, 0x632C, 0x632C, 0x632C, 0x632C, 0x632C, 0x632C, 0x632C, 0x632C, 0x632C, 0x632C, 0x632C, 0x632C, 0x632C, 0x632C, 0x632C, 0x632C, 0x632C, 0x632C, 0x632C, 0x632C, 0x632C, 0x632C, 0x632C, 0x632C, 0xFFFF, 0x8EC0, 0x8EC0, 0x8EC0, 0x8EC0, 0x8EC0, 0x8EC0, 0x8EC0, 0x8EC0, 0x8EC0, 0x8EC0, 0x8EC0, 0x8EC0, 0x8EC0, 0x8EC0, 0x8EC0, 0x8EC0, 0x8EC0, 0x8EC0, 0x8EC0, 0x8EC0, 0x8EC0, 0x8EC0, 0x8EC0, 
    0x8EC0, 0x8EC0, 0x8EC0, 0xFFFF, 0x632C, 0x632C, 0x632C, 0x632C, 0x632C, 0x632C, 0x632C, 0x632C, 0x632C, 0x632C, 0x632C, 0x632C, 0x632C, 0x632C, 0x632C, 0x632C, 0x632C, 0x632C, 0x632C, 0x632C, 0x632C, 0x632C, 0x632C, 0x632C, 0x632C, 0x632C, 0x632C, 0x632C, 0x632C, 0x632C, 0x632C, 0x632C, 0x632C, 0x632C, 0x632C, 0x632C, 0xFFFF, 0x8EC0, 0x8EC0, 0x8EC0, 0x8EC0, 0x8EC0, 0x8EC0, 0x8EC0, 0x8EC0, 0x8EC0, 0x8EC0, 0x8EC0, 0x8EC0, 0x8EC0, 0x8EC0, 0x8EC0, 0x8EC0, 0x8EC0, 0x8EC0, 0x8EC0, 0x8EC0, 0x8EC0, 0x8EC0, 0x8EC0, 
    0x8EC0, 0x8EC0, 0x8EC0, 0xFFFF, 0x632C, 0x632C, 0x632C, 0x632C, 0x632C, 0x632C, 0x632C, 0x632C, 0x632C, 0x632C, 0x632C, 0x632C, 0x632C, 0x632C, 0x632C, 0x632C, 0x632C, 0x632C, 0x632C, 0x632C, 0x632C, 0x632C, 0x632C, 0x632C, 0x632C, 0x632C, 0x632C, 0x632C, 0x632C, 0x632C, 0x632C, 0x632C, 0x632C, 0x632C, 0x632C, 0x632C, 0xFFFF, 0x8EC0, 0x8EC0, 0x8EC0, 0x8EC0, 0x8EC0, 0x8EC0, 0x8EC0, 0x8EC0, 0x8EC0, 0x8EC0, 0x8EC0, 0x8EC0, 0x8EC0, 0x8EC0, 0x8EC0, 0x8EC0, 0x8EC0, 0x8EC0, 0x8EC0, 0x8EC0, 0x8EC0, 0x8EC0, 0x8EC0, 
    0x8EC0, 0x8EC0, 0x8EC0, 0xFFFF, 0x632C, 0x632C, 0x632C, 0x632C, 0x632C, 0x632C, 0x632C, 0x632C, 0x632C, 0x632C, 0x632C, 0x632C, 0x632C, 0x632C, 0x632C, 0x632C, 0x632C, 0x632C, 0x632C, 0x632C, 0x632C, 0x632C, 0x632C, 0x632C, 0x632C, 0x632C, 0x632C, 0x632C, 0x632C, 0x632C, 0x632C, 0x632C, 0x632C, 0x632C, 0x632C, 0x632C, 0xFFFF, 0x8EC0, 0x8EC0, 0x8EC0, 0x8EC0, 0x8EC0, 0x8EC0, 0x8EC0, 0x8EC0, 0x8EC0, 0x8EC0, 0x8EC0, 0x8EC0, 0x8EC0, 0x8EC0, 0x8EC0, 0x8EC0, 0x8EC0, 0x8EC0, 0x8EC0, 0x8EC0, 0x8EC0, 0x8EC0, 0x8EC0, 
    0x8EC0, 0x8EC0, 0x8EC0, 0xFFFF, 0x632C, 0x632C, 0x632C, 0x632C, 0x632C, 0x632C, 0x632C, 0x632C, 0x632C, 0x632C, 0x632C, 0x632C, 0x632C, 0x632C, 0x632C, 0x632C, 0x632C, 0x632C, 0x632C, 0x632C, 0x632C, 0x632C, 0x632C, 0x632C, 0x632C, 0x632C, 0x632C, 0x632C, 0x632C, 0x632C, 0x632C, 0x632C, 0x632C, 0x632C, 0x632C, 0x632C, 0xFFFF, 0x8EC0, 0x8EC0, 0x8EC0, 0x8EC0, 0x8EC0, 0x8EC0, 0x8EC0, 0x8EC0, 0x8EC0, 0x8EC0, 0x8EC0, 0x8EC0, 0x8EC0, 0x8EC0, 0x8EC0, 0x8EC0, 0x8EC0, 0x8EC0, 0x8EC0, 0x8EC0, 0x8EC0, 0x8EC0, 0x8EC0, 
    0x8EC0, 0x8EC0, 0x8EC0, 0xFFFF, 0x632C, 0x632C, 0x632C, 0x632C, 0x632C, 0x632C, 0x632C, 0x632C, 0x632C, 0x632C, 0x632C, 0x632C, 0x632C, 0x632C, 0x632C, 0x632C, 0x632C, 0x632C, 0x632C, 0x632C, 0x632C, 0x632C, 0x632C, 0x632C, 0x632C, 0x632C, 0x632C, 0x632C, 0x632C, 0x632C, 0x632C, 0x632C, 0x632C, 0x632C, 0x632C, 0x632C, 0xFFFF, 0x8EC0, 0x8EC0, 0x8EC0, 0x8EC0, 0x8EC0, 0x8EC0, 0x8EC0, 0x8EC0, 0x8EC0, 0x8EC0, 0x8EC0, 0x8EC0, 0x8EC0, 0x8EC0, 0x8EC0, 0x8EC0, 0x8EC0, 0x8EC0, 0x8EC0, 0x8EC0, 0x8EC0, 0x8EC0, 0x8EC0, 
    0x8EC0, 0x8EC0, 0x8EC0, 0xFFFF, 0x632C, 0x632C, 0x632C, 0x632C, 0x632C, 0x632C, 0x632C, 0x632C, 0x632C, 0x632C, 0x632C, 0x632C, 0x632C, 0x632C, 0x632C, 0x632C, 0x632C, 0x632C, 0x632C, 0x632C, 0x632C, 0x632C, 0x632C, 0x632C, 0x632C, 0x632C, 0x632C, 0x632C, 0x632C, 0x632C, 0x632C, 0x632C, 0x632C, 0x632C, 0x632C, 0x632C, 0xFFFF, 0x8EC0, 0x8EC0, 0x8EC0, 0x8EC0, 0x8EC0, 0x8EC0, 0x8EC0, 0x8EC0, 0x8EC0, 0x8EC0, 0x8EC0, 0x8EC0, 0x8EC0, 0x8EC0, 0x8EC0, 0x8EC0, 0x8EC0, 0x8EC0, 0x8EC0, 0x8EC0, 0x8EC0, 0x8EC0, 0x8EC0, 
    0x8EC0, 0x8EC0, 0x8EC0, 0xFFFF, 0x632C, 0x632C, 0x632C, 0x632C, 0x632C, 0x632C, 0x632C, 0x632C, 0x632C, 0x632C, 0x632C, 0x632C, 0x632C, 0x632C, 0x632C, 0x632C, 0x632C, 0x632C, 0x632C, 0x632C, 0x632C, 0x632C, 0x632C, 0x632C, 0x632C, 0x632C, 0x632C, 0x632C, 0x632C, 0x632C, 0x632C, 0x632C, 0x632C, 0x632C, 0x632C, 0x632C, 0xFFFF, 0x8EC0, 0x8EC0, 0x8EC0, 0x8EC0, 0x8EC0, 0x8EC0, 0x8EC0, 0x8EC0, 0x8EC0, 0x8EC0, 0x8EC0, 0x8EC0, 0x8EC0, 0x8EC0, 0x8EC0, 0x8EC0, 0x8EC0, 0x8EC0, 0x8EC0, 0x8EC0, 0x8EC0, 0x8EC0, 0x8EC0, 
    0x8EC0, 0x8EC0, 0x8EC0, 0xFFFF, 0x632C, 0x632C, 0x632C, 0x632C, 0x632C, 0x632C, 0x632C, 0x632C, 0x632C, 0x632C, 0x632C, 0x632C, 0x632C, 0x632C, 0x632C, 0x632C, 0x632C, 0x632C, 0x632C, 0x632C, 0x632C, 0x632C, 0x632C, 0x632C, 0x632C, 0x632C, 0x632C, 0x632C, 0x632C, 0x632C, 0x632C, 0x632C, 0x632C, 0x632C, 0x632C, 0x632C, 0xFFFF, 0x8EC0, 0x8EC0, 0x8EC0, 0x8EC0, 0x8EC0, 0x8EC0, 0x8EC0, 0x8EC0, 0x8EC0, 0x8EC0, 0x8EC0, 0x8EC0, 0x8EC0, 0x8EC0, 0x8EC0, 0x8EC0, 0x8EC0, 0x8EC0, 0x8EC0, 0x8EC0, 0x8EC0, 0x8EC0, 0x8EC0, 
    0x8EC0, 0x8EC0, 0x8EC0, 0xFFFF, 0x632C, 0x632C, 0x632C, 0x632C, 0x632C, 0x632C, 0x632C, 0x632C, 0x632C, 0x632C, 0x632C, 0x632C, 0x632C, 0x632C, 0x632C, 0x632C, 0x632C, 0x632C, 0x632C, 0x632C, 0x632C, 0x632C, 0x632C, 0x632C, 0x632C, 0x632C, 0x632C, 0x632C, 0x632C, 0x632C, 0x632C, 0x632C, 0x632C, 0x632C, 0x632C, 0x632C, 0xFFFF, 0x8EC0, 0x8EC0, 0x8EC0, 0x8EC0, 0x8EC0, 0x8EC0, 0x8EC0, 0x8EC0, 0x8EC0, 0x8EC0, 0x8EC0, 0x8EC0, 0x8EC0, 0x8EC0, 0x8EC0, 0x8EC0, 0x8EC0, 0x8EC0, 0x8EC0, 0x8EC0, 0x8EC0, 0x8EC0, 0x8EC0, 
    0x8EC0, 0x8EC0, 0x8EC0, 0xFFFF, 0x632C, 0x632C, 0x632C, 0x632C, 0x632C, 0x632C, 0x632C, 0x632C, 0x632C, 0x632C, 0x632C, 0x632C, 0x632C, 0x632C, 0x632C, 0x632C, 0x632C, 0x632C, 0x632C, 0x632C, 0x632C, 0x632C, 0x632C, 0x632C, 0x632C, 0x632C, 0x632C, 0x632C, 0x632C, 0x632C, 0x632C, 0x632C, 0x632C, 0x632C, 0x632C, 0x632C, 0xFFFF, 0x8EC0, 0x8EC0, 0x8EC0, 0x8EC0, 0x8EC0, 0x8EC0, 0x8EC0, 0x8EC0, 0x8EC0, 0x8EC0, 0x8EC0, 0x8EC0, 0x8EC0, 0x8EC0, 0x8EC0, 0x8EC0, 0x8EC0, 0x8EC0, 0x8EC0, 0x8EC0, 0x8EC0, 0x8EC0, 0x8EC0, 
    0x8EC0, 0x8EC0, 0x8EC0, 0xFFFF, 0x632C, 0x632C, 0x632C, 0x632C, 0x632C, 0x632C, 0x632C, 0x632C, 0x632C, 0x632C, 0x632C, 0x632C, 0x632C, 0x632C, 0x632C, 0x632C, 0x632C, 0x632C, 0x632C, 0x632C, 0x632C, 0x632C, 0x632C, 0x632C, 0x632C, 0x632C, 0x632C, 0x632C, 0x632C, 0x632C, 0x632C, 0x632C, 0x632C, 0x632C, 0x632C, 0x632C, 0xFFFF, 0x8EC0, 0x8EC0, 0x8EC0, 0x8EC0, 0x8EC0, 0x8EC0, 0x8EC0, 0x8EC0, 0x8EC0, 0x8EC0, 0x8EC0, 0x8EC0, 0x8EC0, 0x8EC0, 0x8EC0, 0x8EC0, 0x8EC0, 0x8EC0, 0x8EC0, 0x8EC0, 0x8EC0, 0x8EC0, 0x8EC0, 
    0x8EC0, 0x8EC0, 0x8EC0, 0xFFFF, 0x632C, 0x632C, 0x632C, 0x632C, 0x632C, 0x632C, 0x632C, 0x632C, 0x632C, 0x632C, 0x632C, 0x632C, 0x632C, 0x632C, 0x632C, 0x632C, 0x632C, 0x632C, 0x632C, 0x632C, 0x632C, 0x632C, 0x632C, 0x632C, 0x632C, 0x632C, 0x632C, 0x632C, 0x632C, 0x632C, 0x632C, 0x632C, 0x632C, 0x632C, 0x632C, 0x632C, 0xFFFF, 0x8EC0, 0x8EC0, 0x8EC0, 0x8EC0, 0x8EC0, 0x8EC0, 0x8EC0, 0x8EC0, 0x8EC0, 0x8EC0, 0x8EC0, 0x8EC0, 0x8EC0, 0x8EC0, 0x8EC0, 0x8EC0, 0x8EC0, 0x8EC0, 0x8EC0, 0x8EC0, 0x8EC0, 0x8EC0, 0x8EC0, 
    0x8EC0, 0x8EC0, 0x8EC0, 0xFFFF, 0x632C, 0x632C, 0x632C, 0x632C, 0x632C, 0x632C, 0x632C, 0x632C, 0x632C, 0x632C, 0x632C, 0x632C, 0x632C, 0x632C, 0x632C, 0x632C, 0x632C, 0x632C, 0x632C, 0x632C, 0x632C, 0x632C, 0x632C, 0x632C, 0x632C, 0x632C, 0x632C, 0x632C, 0x632C, 0x632C, 0x632C, 0x632C, 0x632C, 0x632C, 0x632C, 0x632C, 0xFFFF, 0x8EC0, 0x8EC0, 0x8EC0, 0x8EC0, 0x8EC0, 0x8EC0, 0x8EC0, 0x8EC0, 0x8EC0, 0x8EC0, 0x8EC0, 0x8EC0, 0x8EC0, 0x8EC0, 0x8EC0, 0x8EC0, 0x8EC0, 0x8EC0, 0x8EC0, 0x8EC0, 0x8EC0, 0x8EC0, 0x8EC0, 
    0x8EC0, 0x8EC0, 0x8EC0, 0xFFFF, 0x632C, 0x632C, 0x632C, 0x632C, 0x632C, 0x632C, 0x632C, 0x632C, 0x632C, 0x632C, 0x632C, 0x632C, 0x632C, 0x632C, 0x632C, 0x632C, 0x632C, 0x632C, 0x632C, 0x632C, 0x632C, 0x632C, 0x632C, 0x632C, 0x632C, 0x632C, 0x632C, 0x632C, 0x632C, 0x632C, 0x632C, 0x632C, 0x632C, 0x632C, 0x632C, 0x632C, 0xFFFF, 0x8EC0, 0x8EC0, 0x8EC0, 0x8EC0, 0x8EC0, 0x8EC0, 0x8EC0, 0x8EC0, 0x8EC0, 0x8EC0, 0x8EC0, 0x8EC0, 0x8EC0, 0x8EC0, 0x8EC0, 0x8EC0, 0x8EC0, 0x8EC0, 0x8EC0, 0x8EC0, 0x8EC0, 0x8EC0, 0x8EC0, 
    0x8EC0, 0x8EC0, 0x8EC0, 0xFFFF, 0x632C, 0x632C, 0x632C, 0x632C, 0x632C, 0x632C, 0x632C, 0x632C, 0x632C, 0x632C, 0x632C, 0x632C, 0x632C, 0x632C, 0x632C, 0x632C, 0x632C, 0x632C, 0x632C, 0x632C, 0x632C, 0x632C, 0x632C, 0x632C, 0x632C, 0x632C, 0x632C, 0x632C, 0x632C, 0x632C, 0x632C, 0x632C, 0x632C, 0x632C, 0x632C, 0x632C, 0xFFFF, 0x8EC0, 0x8EC0, 0x8EC0, 0x8EC0, 0x8EC0, 0x8EC0, 0x8EC0, 0x8EC0, 0x8EC0, 0x8EC0, 0x8EC0, 0x8EC0, 0x8EC0, 0x8EC0, 0x8EC0, 0x8EC0, 0x8EC0, 0x8EC0, 0x8EC0, 0x8EC0, 0x8EC0, 0x8EC0, 0x8EC0, 
    0x8EC0, 0x8EC0, 0x8EC0, 0xFFFF, 0x632C, 0x632C, 0x632C, 0x632C, 0x632C, 0x632C, 0x632C, 0x632C, 0x632C, 0x632C, 0x632C, 0x632C, 0x632C, 0x632C, 0x632C, 0x632C, 0x632C, 0x632C, 0x632C, 0x632C, 0x632C, 0x632C, 0x632C, 0x632C, 0x632C, 0x632C, 0x632C, 0x632C, 0x632C, 0x632C, 0x632C, 0x632C, 0x632C, 0x632C, 0x632C, 0x632C, 0xFFFF, 0x8EC0, 0x8EC0, 0x8EC0, 0x8EC0, 0x8EC0, 0x8EC0, 0x8EC0, 0x8EC0, 0x8EC0, 0x8EC0, 0x8EC0, 0x8EC0, 0x8EC0, 0x8EC0, 0x8EC0, 0x8EC0, 0x8EC0, 0x8EC0, 0x8EC0, 0x8EC0, 0x8EC0, 0x8EC0, 0x8EC0, 
    0x8EC0, 0x8EC0, 0x8EC0, 0xFFFF, 0x632C, 0x632C, 0x632C, 0x632C, 0x632C, 0x632C, 0x632C, 0x632C, 0x632C, 0x632C, 0x632C, 0x632C, 0x632C, 0x632C, 0x632C, 0x632C, 0x632C, 0x632C, 0x632C, 0x632C, 0x632C, 0x632C, 0x632C, 0x632C, 0x632C, 0x632C, 0x632C, 0x632C, 0x632C, 0x632C, 0x632C, 0x632C, 0x632C, 0x632C, 0x632C, 0x632C, 0xFFFF, 0x8EC0, 0x8EC0, 0x8EC0, 0x8EC0, 0x8EC0, 0x8EC0, 0x8EC0, 0x8EC0, 0x8EC0, 0x8EC0, 0x8EC0, 0x8EC0, 0x8EC0, 0x8EC0, 0x8EC0, 0x8EC0, 0x8EC0, 0x8EC0, 0x8EC0, 0x8EC0, 0x8EC0, 0x8EC0, 0x8EC0, 
    0x8EC0, 0x8EC0, 0x8EC0, 0xFFFF, 0x632C, 0x632C, 0x632C, 0x632C, 0x632C, 0x632C, 0x632C, 0x632C, 0x632C, 0x632C, 0x632C, 0x632C, 0x632C, 0x632C, 0x632C, 0x632C, 0x632C, 0x632C, 0x632C, 0x632C, 0x632C, 0x632C, 0x632C, 0x632C, 0x632C, 0x632C, 0x632C, 0x632C, 0x632C, 0x632C, 0x632C, 0x632C, 0x632C, 0x632C, 0x632C, 0x632C, 0xFFFF, 0x8EC0, 0x8EC0, 0x8EC0, 0x8EC0, 0x8EC0, 0x8EC0, 0x8EC0, 0x8EC0, 0x8EC0, 0x8EC0, 0x8EC0, 0x8EC0, 0x8EC0, 0x8EC0, 0x8EC0, 0x8EC0, 0x8EC0, 0x8EC0, 0x8EC0, 0x8EC0, 0x8EC0, 0x8EC0, 0x8EC0, 
    0x8EC0, 0x8EC0, 0x8EC0, 0xFFFF, 0x632C, 0x632C, 0x632C, 0x632C, 0x632C, 0x632C, 0x632C, 0x632C, 0x632C, 0x632C, 0x632C, 0x632C, 0x632C, 0x632C, 0x632C, 0x632C, 0x632C, 0x632C, 0x632C, 0x632C, 0x632C, 0x632C, 0x632C, 0x632C, 0x632C, 0x632C, 0x632C, 0x632C, 0x632C, 0x632C, 0x632C, 0x632C, 0x632C, 0x632C, 0x632C, 0x632C, 0xFFFF, 0x8EC0, 0x8EC0, 0x8EC0, 0x8EC0, 0x8EC0, 0x8EC0, 0x8EC0, 0x8EC0, 0x8EC0, 0x8EC0, 0x8EC0, 0x8EC0, 0x8EC0, 0x8EC0, 0x8EC0, 0x8EC0, 0x8EC0, 0x8EC0, 0x8EC0, 0x8EC0, 0x8EC0, 0x8EC0, 0x8EC0, 
    0x8EC0, 0x8EC0, 0x8EC0, 0xFFFF, 0x632C, 0x632C, 0x632C, 0x632C, 0x632C, 0x632C, 0x632C, 0x632C, 0x632C, 0x632C, 0x632C, 0x632C, 0x632C, 0x632C, 0x632C, 0x632C, 0x632C, 0x632C, 0x632C, 0x632C, 0x632C, 0x632C, 0x632C, 0x632C, 0x632C, 0x632C, 0x632C, 0x632C, 0x632C, 0x632C, 0x632C, 0x632C, 0x632C, 0x632C, 0x632C, 0x632C, 0xFFFF, 0x8EC0, 0x8EC0, 0x8EC0, 0x8EC0, 0x8EC0, 0x8EC0, 0x8EC0, 0x8EC0, 0x8EC0, 0x8EC0, 0x8EC0, 0x8EC0, 0x8EC0, 0x8EC0, 0x8EC0, 0x8EC0, 0x8EC0, 0x8EC0, 0x8EC0, 0x8EC0, 0x8EC0, 0x8EC0, 0x8EC0, 
    0x8EC0, 0x8EC0, 0x8EC0, 0xFFFF, 0x632C, 0x632C, 0x632C, 0x632C, 0x632C, 0x632C, 0x632C, 0x632C, 0x632C, 0x632C, 0x632C, 0x632C, 0x632C, 0x632C, 0x632C, 0x632C, 0x632C, 0x632C, 0x632C, 0x632C, 0x632C, 0x632C, 0x632C, 0x632C, 0x632C, 0x632C, 0x632C, 0x632C, 0x632C, 0x632C, 0x632C, 0x632C, 0x632C, 0x632C, 0x632C, 0x632C, 0xFFFF, 0x8EC0, 0x8EC0, 0x8EC0, 0x8EC0, 0x8EC0, 0x8EC0, 0x8EC0, 0x8EC0, 0x8EC0, 0x8EC0, 0x8EC0, 0x8EC0, 0x8EC0, 0x8EC0, 0x8EC0, 0x8EC0, 0x8EC0, 0x8EC0, 0x8EC0, 0x8EC0, 0x8EC0, 0x8EC0, 0x8EC0, 
    0x8EC0, 0x8EC0, 0x8EC0, 0xFFFF, 0x632C, 0x632C, 0x632C, 0x632C, 0x632C, 0x632C, 0x632C, 0x632C, 0x632C, 0x632C, 0x632C, 0x632C, 0x632C, 0x632C, 0x632C, 0x632C, 0x632C, 0x632C, 0x632C, 0x632C, 0x632C, 0x632C, 0x632C, 0x632C, 0x632C, 0x632C, 0x632C, 0x632C, 0x632C, 0x632C, 0x632C, 0x632C, 0x632C, 0x632C, 0x632C, 0x632C, 0xFFFF, 0x8EC0, 0x8EC0, 0x8EC0, 0x8EC0, 0x8EC0, 0x8EC0, 0x8EC0, 0x8EC0, 0x8EC0, 0x8EC0, 0x8EC0, 0x8EC0, 0x8EC0, 0x8EC0, 0x8EC0, 0x8EC0, 0x8EC0, 0x8EC0, 0x8EC0, 0x8EC0, 0x8EC0, 0x8EC0, 0x8EC0, 
    0x8EC0, 0x8EC0, 0x8EC0, 0xFFFF, 0x632C, 0x632C, 0x632C, 0x632C, 0x632C, 0x632C, 0x632C, 0x632C, 0x632C, 0x632C, 0x632C, 0x632C, 0x632C, 0x632C, 0x632C, 0x632C, 0x632C, 0x632C, 0x632C, 0x632C, 0x632C, 0x632C, 0x632C, 0x632C, 0x632C, 0x632C, 0x632C, 0x632C, 0x632C, 0x632C, 0x632C, 0x632C, 0x632C, 0x632C, 0x632C, 0x632C, 0xFFFF, 0x8EC0, 0x8EC0, 0x8EC0, 0x8EC0, 0x8EC0, 0x8EC0, 0x8EC0, 0x8EC0, 0x8EC0, 0x8EC0, 0x8EC0, 0x8EC0, 0x8EC0, 0x8EC0, 0x8EC0, 0x8EC0, 0x8EC0, 0x8EC0, 0x8EC0, 0x8EC0, 0x8EC0, 0x8EC0, 0x8EC0, 
    0x8EC0, 0x8EC0, 0x8EC0, 0xFFFF, 0x632C, 0x632C, 0x632C, 0x632C, 0x632C, 0x632C, 0x632C, 0x632C, 0x632C, 0x632C, 0x632C, 0x632C, 0x632C, 0x632C, 0x632C, 0x632C, 0x632C, 0x632C, 0x632C, 0x632C, 0x632C, 0x632C, 0x632C, 0x632C, 0x632C, 0x632C, 0x632C, 0x632C, 0x632C, 0x632C, 0x632C, 0x632C, 0x632C, 0x632C, 0x632C, 0x632C, 0xFFFF, 0x8EC0, 0x8EC0, 0x8EC0, 0x8EC0, 0x8EC0, 0x8EC0, 0x8EC0, 0x8EC0, 0x8EC0, 0x8EC0, 0x8EC0, 0x8EC0, 0x8EC0, 0x8EC0, 0x8EC0, 0x8EC0, 0x8EC0, 0x8EC0, 0x8EC0, 0x8EC0, 0x8EC0, 0x8EC0, 0x8EC0, 
    0x8EC0, 0x8EC0, 0x8EC0, 0xFFFF, 0x632C, 0x632C, 0x632C, 0x632C, 0x632C, 0x632C, 0x632C, 0x632C, 0x632C, 0x632C, 0x632C, 0x632C, 0x632C, 0x632C, 0x632C, 0x632C, 0x632C, 0x632C, 0x632C, 0x632C, 0x632C, 0x632C, 0x632C, 0x632C, 0x632C, 0x632C, 0x632C, 0x632C, 0x632C, 0x632C, 0x632C, 0x632C, 0x632C, 0x632C, 0x632C, 0x632C, 0xFFFF, 0x8EC0, 0x8EC0, 0x8EC0, 0x8EC0, 0x8EC0, 0x8EC0, 0x8EC0, 0x8EC0, 0x8EC0, 0x8EC0, 0x8EC0, 0x8EC0, 0x8EC0, 0x8EC0, 0x8EC0, 0x8EC0, 0x8EC0, 0x8EC0, 0x8EC0, 0x8EC0, 0x8EC0, 0x8EC0, 0x8EC0, 
    0x8EC0, 0x8EC0, 0x8EC0, 0xFFFF, 0x632C, 0x632C, 0x632C, 0x632C, 0x632C, 0x632C, 0x632C, 0x632C, 0x632C, 0x632C, 0x632C, 0x632C, 0x632C, 0x632C, 0x632C, 0x632C, 0x632C, 0x632C, 0x632C, 0x632C, 0x632C, 0x632C, 0x632C, 0x632C, 0x632C, 0x632C, 0x632C, 0x632C, 0x632C, 0x632C, 0x632C, 0x632C, 0x632C, 0x632C, 0x632C, 0x632C, 0xFFFF, 0x8EC0, 0x8EC0, 0x8EC0, 0x8EC0, 0x8EC0, 0x8EC0, 0x8EC0, 0x8EC0, 0x8EC0, 0x8EC0, 0x8EC0, 0x8EC0, 0x8EC0, 0x8EC0, 0x8EC0, 0x8EC0, 0x8EC0, 0x8EC0, 0x8EC0, 0x8EC0, 0x8EC0, 0x8EC0, 0x8EC0, 
    0x8EC0, 0x8EC0, 0x8EC0, 0xFFFF, 0x632C, 0x632C, 0x632C, 0x632C, 0x632C, 0x632C, 0x632C, 0x632C, 0x632C, 0x632C, 0x632C, 0x632C, 0x632C, 0x632C, 0x632C, 0x632C, 0x632C, 0x632C, 0x632C, 0x632C, 0x632C, 0x632C, 0x632C, 0x632C, 0x632C, 0x632C, 0x632C, 0x632C, 0x632C, 0x632C, 0x632C, 0x632C, 0x632C, 0x632C, 0x632C, 0x632C, 0xFFFF, 0x8EC0, 0x8EC0, 0x8EC0, 0x8EC0, 0x8EC0, 0x8EC0, 0x8EC0, 0x8EC0, 0x8EC0, 0x8EC0, 0x8EC0, 0x8EC0, 0x8EC0, 0x8EC0, 0x8EC0, 0x8EC0, 0x8EC0, 0x8EC0, 0x8EC0, 0x8EC0, 0x8EC0, 0x8EC0, 0x8EC0, 
    0x8EC0, 0x8EC0, 0x8EC0, 0xFFFF, 0x632C, 0x632C, 0x632C, 0x632C, 0x632C, 0x632C, 0x632C, 0x632C, 0x632C, 0x632C, 0x632C, 0x632C, 0x632C, 0x632C, 0x632C, 0x632C, 0x632C, 0x632C, 0x632C, 0x632C, 0x632C, 0x632C, 0x632C, 0x632C, 0x632C, 0x632C, 0x632C, 0x632C, 0x632C, 0x632C, 0x632C, 0x632C, 0x632C, 0x632C, 0x632C, 0x632C, 0xFFFF, 0x8EC0, 0x8EC0, 0x8EC0, 0x8EC0, 0x8EC0, 0x8EC0, 0x8EC0, 0x8EC0, 0x8EC0, 0x8EC0, 0x8EC0, 0x8EC0, 0x8EC0, 0x8EC0, 0x8EC0, 0x8EC0, 0x8EC0, 0x8EC0, 0x8EC0, 0x8EC0, 0x8EC0, 0x8EC0, 0x8EC0, 
    0x8EC0, 0x8EC0, 0x8EC0, 0xFFFF, 0x632C, 0x632C, 0x632C, 0x632C, 0x632C, 0x632C, 0x632C, 0x632C, 0x632C, 0x632C, 0x632C, 0x632C, 0x632C, 0x632C, 0x632C, 0x632C, 0x632C, 0x632C, 0x632C, 0x632C, 0x632C, 0x632C, 0x632C, 0x632C, 0x632C, 0x632C, 0x632C, 0x632C, 0x632C, 0x632C, 0x632C, 0x632C, 0x632C, 0x632C, 0x632C, 0x632C, 0xFFFF, 0x8EC0, 0x8EC0, 0x8EC0, 0x8EC0, 0x8EC0, 0x8EC0, 0x8EC0, 0x8EC0, 0x8EC0, 0x8EC0, 0x8EC0, 0x8EC0, 0x8EC0, 0x8EC0, 0x8EC0, 0x8EC0, 0x8EC0, 0x8EC0, 0x8EC0, 0x8EC0, 0x8EC0, 0x8EC0, 0x8EC0, 
    0x8EC0, 0x8EC0, 0x8EC0, 0xFFFF, 0x632C, 0x632C, 0x632C, 0x632C, 0x632C, 0x632C, 0x632C, 0x632C, 0x632C, 0x632C, 0x632C, 0x632C, 0x632C, 0x632C, 0x632C, 0x632C, 0x632C, 0x632C, 0x632C, 0x632C, 0x632C, 0x632C, 0x632C, 0x632C, 0x632C, 0x632C, 0x632C, 0x632C, 0x632C, 0x632C, 0x632C, 0x632C, 0x632C, 0x632C, 0x632C, 0x632C, 0xFFFF, 0x8EC0, 0x8EC0, 0x8EC0, 0x8EC0, 0x8EC0, 0x8EC0, 0x8EC0, 0x8EC0, 0x8EC0, 0x8EC0, 0x8EC0, 0x8EC0, 0x8EC0, 0x8EC0, 0x8EC0, 0x8EC0, 0x8EC0, 0x8EC0, 0x8EC0, 0x8EC0, 0x8EC0, 0x8EC0, 0x8EC0, 
    0x8EC0, 0x8EC0, 0x8EC0, 0xFFFF, 0x632C, 0x632C, 0x632C, 0x632C, 0x632C, 0x632C, 0x632C, 0x632C, 0x632C, 0x632C, 0x632C, 0x632C, 0x632C, 0x632C, 0x632C, 0x632C, 0x632C, 0x632C, 0x632C, 0x632C, 0x632C, 0x632C, 0x632C, 0x632C, 0x632C, 0x632C, 0x632C, 0x632C, 0x632C, 0x632C, 0x632C, 0x632C, 0x632C, 0x632C, 0x632C, 0x632C, 0xFFFF, 0x8EC0, 0x8EC0, 0x8EC0, 0x8EC0, 0x8EC0, 0x8EC0, 0x8EC0, 0x8EC0, 0x8EC0, 0x8EC0, 0x8EC0, 0x8EC0, 0x8EC0, 0x8EC0, 0x8EC0, 0x8EC0, 0x8EC0, 0x8EC0, 0x8EC0, 0x8EC0, 0x8EC0, 0x8EC0, 0x8EC0, 
    0x8EC0, 0x8EC0, 0x8EC0, 0xFFFF, 0x632C, 0x632C, 0x632C, 0x632C, 0x632C, 0x632C, 0x632C, 0x632C, 0x632C, 0x632C, 0x632C, 0x632C, 0x632C, 0x632C, 0x632C, 0x632C, 0x632C, 0x632C, 0x632C, 0x632C, 0x632C, 0x632C, 0x632C, 0x632C, 0x632C, 0x632C, 0x632C, 0x632C, 0x632C, 0x632C, 0x632C, 0x632C, 0x632C, 0x632C, 0x632C, 0x632C, 0xFFFF, 0x8EC0, 0x8EC0, 0x8EC0, 0x8EC0, 0x8EC0, 0x8EC0, 0x8EC0, 0x8EC0, 0x8EC0, 0x8EC0, 0x8EC0, 0x8EC0, 0x8EC0, 0x8EC0, 0x8EC0, 0x8EC0, 0x8EC0, 0x8EC0, 0x8EC0, 0x8EC0, 0x8EC0, 0x8EC0, 0x8EC0, 
    0x8EC0, 0x8EC0, 0x8EC0, 0xFFFF, 0x632C, 0x632C, 0x632C, 0x632C, 0x632C, 0x632C, 0x632C, 0x632C, 0x632C, 0x632C, 0x632C, 0x632C, 0x632C, 0x632C, 0x632C, 0x632C, 0x632C, 0x632C, 0x632C, 0x632C, 0x632C, 0x632C, 0x632C, 0x632C, 0x632C, 0x632C, 0x632C, 0x632C, 0x632C, 0x632C, 0x632C, 0x632C, 0x632C, 0x632C, 0x632C, 0x632C, 0xFFFF, 0x8EC0, 0x8EC0, 0x8EC0, 0x8EC0, 0x8EC0, 0x8EC0, 0x8EC0, 0x8EC0, 0x8EC0, 0x8EC0, 0x8EC0, 0x8EC0, 0x8EC0, 0x8EC0, 0x8EC0, 0x8EC0, 0x8EC0, 0x8EC0, 0x8EC0, 0x8EC0, 0x8EC0, 0x8EC0, 0x8EC0, 
    0x8EC0, 0x8EC0, 0x8EC0, 0xFFFF, 0x632C, 0x632C, 0x632C, 0x632C, 0x632C, 0x632C, 0x632C, 0x632C, 0x632C, 0x632C, 0x632C, 0x632C, 0x632C, 0x632C, 0x632C, 0x632C, 0x632C, 0x632C, 0x632C, 0x632C, 0x632C, 0x632C, 0x632C, 0x632C, 0x632C, 0x632C, 0x632C, 0x632C, 0x632C, 0x632C, 0x632C, 0x632C, 0x632C, 0x632C, 0x632C, 0x632C, 0xFFFF, 0x8EC0, 0x8EC0, 0x8EC0, 0x8EC0, 0x8EC0, 0x8EC0, 0x8EC0, 0x8EC0, 0x8EC0, 0x8EC0, 0x8EC0, 0x8EC0, 0x8EC0, 0x8EC0, 0x8EC0, 0x8EC0, 0x8EC0, 0x8EC0, 0x8EC0, 0x8EC0, 0x8EC0, 0x8EC0, 0x8EC0, 
    0x8EC0, 0x8EC0, 0x8EC0, 0xFFFF, 0x632C, 0x632C, 0x632C, 0x632C, 0x632C, 0x632C, 0x632C, 0x632C, 0x632C, 0x632C, 0x632C, 0x632C, 0x632C, 0x632C, 0x632C, 0x632C, 0x632C, 0x632C, 0x632C, 0x632C, 0x632C, 0x632C, 0x632C, 0x632C, 0x632C, 0x632C, 0x632C, 0x632C, 0x632C, 0x632C, 0x632C, 0x632C, 0x632C, 0x632C, 0x632C, 0x632C, 0xFFFF, 0x8EC0, 0x8EC0, 0x8EC0, 0x8EC0, 0x8EC0, 0x8EC0, 0x8EC0, 0x8EC0, 0x8EC0, 0x8EC0, 0x8EC0, 0x8EC0, 0x8EC0, 0x8EC0, 0x8EC0, 0x8EC0, 0x8EC0, 0x8EC0, 0x8EC0, 0x8EC0, 0x8EC0, 0x8EC0, 0x8EC0, 
    0x8EC0, 0x8EC0, 0x8EC0, 0xFFFF, 0x632C, 0x632C, 0x632C, 0x632C, 0x632C, 0x632C, 0x632C, 0x632C, 0x632C, 0x632C, 0x632C, 0x632C, 0x632C, 0x632C, 0x632C, 0x632C, 0x632C, 0x632C, 0x632C, 0x632C, 0x632C, 0x632C, 0x632C, 0x632C, 0x632C, 0x632C, 0x632C, 0x632C, 0x632C, 0x632C, 0x632C, 0x632C, 0x632C, 0x632C, 0x632C, 0x632C, 0xFFFF, 0x8EC0, 0x8EC0, 0x8EC0, 0x8EC0, 0x8EC0, 0x8EC0, 0x8EC0, 0x8EC0, 0x8EC0, 0x8EC0, 0x8EC0, 0x8EC0, 0x8EC0, 0x8EC0, 0x8EC0, 0x8EC0, 0x8EC0, 0x8EC0, 0x8EC0, 0x8EC0, 0x8EC0, 0x8EC0, 0x8EC0, 
    0x8EC0, 0x8EC0, 0x8EC0, 0xFFFF, 0x632C, 0x632C, 0x632C, 0x632C, 0x632C, 0x632C, 0x632C, 0x632C, 0x632C, 0x632C, 0x632C, 0x632C, 0x632C, 0x632C, 0x632C, 0x632C, 0x632C, 0x632C, 0x632C, 0x632C, 0x632C, 0x632C, 0x632C, 0x632C, 0x632C, 0x632C, 0x632C, 0x632C, 0x632C, 0x632C, 0x632C, 0x632C, 0x632C, 0x632C, 0x632C, 0x632C, 0xFFFF, 0x8EC0, 0x8EC0, 0x8EC0, 0x8EC0, 0x8EC0, 0x8EC0, 0x8EC0, 0x8EC0, 0x8EC0, 0x8EC0, 0x8EC0, 0x8EC0, 0x8EC0, 0x8EC0, 0x8EC0, 0x8EC0, 0x8EC0, 0x8EC0, 0x8EC0, 0x8EC0, 0x8EC0, 0x8EC0, 0x8EC0, 
    0x8EC0, 0x8EC0, 0x8EC0, 0xFFFF, 0x632C, 0x632C, 0x632C, 0x632C, 0x632C, 0x632C, 0x632C, 0x632C, 0x632C, 0x632C, 0x632C, 0x632C, 0x632C, 0x632C, 0x632C, 0x632C, 0x632C, 0x632C, 0x632C, 0x632C, 0x632C, 0x632C, 0x632C, 0x632C, 0x632C, 0x632C, 0x632C, 0x632C, 0x632C, 0x632C, 0x632C, 0x632C, 0x632C, 0x632C, 0x632C, 0x632C, 0xFFFF, 0x8EC0, 0x8EC0, 0x8EC0, 0x8EC0, 0x8EC0, 0x8EC0, 0x8EC0, 0x8EC0, 0x8EC0, 0x8EC0, 0x8EC0, 0x8EC0, 0x8EC0, 0x8EC0, 0x8EC0, 0x8EC0, 0x8EC0, 0x8EC0, 0x8EC0, 0x8EC0, 0x8EC0, 0x8EC0, 0x8EC0, 
    0x8EC0, 0x8EC0, 0x8EC0, 0xFFFF, 0x632C, 0x632C, 0x632C, 0x632C, 0x632C, 0x632C, 0x632C, 0x632C, 0x632C, 0x632C, 0x632C, 0x632C, 0x632C, 0x632C, 0x632C, 0x632C, 0x632C, 0x632C, 0x632C, 0x632C, 0x632C, 0x632C, 0x632C, 0x632C, 0x632C, 0x632C, 0x632C, 0x632C, 0x632C, 0x632C, 0x632C, 0x632C, 0x632C, 0x632C, 0x632C, 0x632C, 0xFFFF, 0x8EC0, 0x8EC0, 0x8EC0, 0x8EC0, 0x8EC0, 0x8EC0, 0x8EC0, 0x8EC0, 0x8EC0, 0x8EC0, 0x8EC0, 0x8EC0, 0x8EC0, 0x8EC0, 0x8EC0, 0x8EC0, 0x8EC0, 0x8EC0, 0x8EC0, 0x8EC0, 0x8EC0, 0x8EC0, 0x8EC0, 
    0x8EC0, 0x8EC0, 0x8EC0, 0xFFFF, 0x632C, 0x632C, 0x632C, 0x632C, 0x632C, 0x632C, 0x632C, 0x632C, 0x632C, 0x632C, 0x632C, 0x632C, 0x632C, 0x632C, 0x632C, 0x632C, 0x632C, 0x632C, 0x632C, 0x632C, 0x632C, 0x632C, 0x632C, 0x632C, 0x632C, 0x632C, 0x632C, 0x632C, 0x632C, 0x632C, 0x632C, 0x632C, 0x632C, 0x632C, 0x632C, 0x632C, 0xFFFF, 0x8EC0, 0x8EC0, 0x8EC0, 0x8EC0, 0x8EC0, 0x8EC0, 0x8EC0, 0x8EC0, 0x8EC0, 0x8EC0, 0x8EC0, 0x8EC0, 0x8EC0, 0x8EC0, 0x8EC0, 0x8EC0, 0x8EC0, 0x8EC0, 0x8EC0, 0x8EC0, 0x8EC0, 0x8EC0, 0x8EC0, 
    0x8EC0, 0x8EC0, 0x8EC0, 0xFFFF, 0x632C, 0x632C, 0x632C, 0x632C, 0x632C, 0x632C, 0x632C, 0x632C, 0x632C, 0x632C, 0x632C, 0x632C, 0x632C, 0x632C, 0x632C, 0x632C, 0x632C, 0x632C, 0x632C, 0x632C, 0x632C, 0x632C, 0x632C, 0x632C, 0x632C, 0x632C, 0x632C, 0x632C, 0x632C, 0x632C, 0x632C, 0x632C, 0x632C, 0x632C, 0x632C, 0x632C, 0xFFFF, 0x8EC0, 0x8EC0, 0x8EC0, 0x8EC0, 0x8EC0, 0x8EC0, 0x8EC0, 0x8EC0, 0x8EC0, 0x8EC0, 0x8EC0, 0x8EC0, 0x8EC0, 0x8EC0, 0x8EC0, 0x8EC0, 0x8EC0, 0x8EC0, 0x8EC0, 0x8EC0, 0x8EC0, 0x8EC0, 0x8EC0, 
    0x8EC0, 0x8EC0, 0x8EC0, 0xFFFF, 0x632C, 0x632C, 0x632C, 0x632C, 0x632C, 0x632C, 0x632C, 0x632C, 0x632C, 0x632C, 0x632C, 0x632C, 0x632C, 0x632C, 0x632C, 0x632C, 0x632C, 0x632C, 0x632C, 0x632C, 0x632C, 0x632C, 0x632C, 0x632C, 0x632C, 0x632C, 0x632C, 0x632C, 0x632C, 0x632C, 0x632C, 0x632C, 0x632C, 0x632C, 0x632C, 0x632C, 0xFFFF, 0x8EC0, 0x8EC0, 0x8EC0, 0x8EC0, 0x8EC0, 0x8EC0, 0x8EC0, 0x8EC0, 0x8EC0, 0x8EC0, 0x8EC0, 0x8EC0, 0x8EC0, 0x8EC0, 0x8EC0, 0x8EC0, 0x8EC0, 0x8EC0, 0x8EC0, 0x8EC0, 0x8EC0, 0x8EC0, 0x8EC0, 
    0x8EC0, 0x8EC0, 0x8EC0, 0xFFFF, 0x632C, 0x632C, 0x632C, 0x632C, 0x632C, 0x632C, 0x632C, 0x632C, 0x632C, 0x632C, 0x632C, 0x632C, 0x632C, 0x632C, 0x632C, 0x632C, 0x632C, 0x632C, 0x632C, 0x632C, 0x632C, 0x632C, 0x632C, 0x632C, 0x632C, 0x632C, 0x632C, 0x632C, 0x632C, 0x632C, 0x632C, 0x632C, 0x632C, 0x632C, 0x632C, 0x632C, 0xFFFF, 0x8EC0, 0x8EC0, 0x8EC0, 0x8EC0, 0x8EC0, 0x8EC0, 0x8EC0, 0x8EC0, 0x8EC0, 0x8EC0, 0x8EC0, 0x8EC0, 0x8EC0, 0x8EC0, 0x8EC0, 0x8EC0, 0x8EC0, 0x8EC0, 0x8EC0, 0x8EC0, 0x8EC0, 0x8EC0, 0x8EC0, 
    0x8EC0, 0x8EC0, 0x8EC0, 0xFFFF, 0x632C, 0x632C, 0x632C, 0x632C, 0x632C, 0x632C, 0x632C, 0x632C, 0x632C, 0x632C, 0x632C, 0x632C, 0x632C, 0x632C, 0x632C, 0x632C, 0x632C, 0x632C, 0x632C, 0x632C, 0x632C, 0x632C, 0x632C, 0x632C, 0x632C, 0x632C, 0x632C, 0x632C, 0x632C, 0x632C, 0x632C, 0x632C, 0x632C, 0x632C, 0x632C, 0x632C, 0xFFFF, 0x8EC0, 0x8EC0, 0x8EC0, 0x8EC0, 0x8EC0, 0x8EC0, 0x8EC0, 0x8EC0, 0x8EC0, 0x8EC0, 0x8EC0, 0x8EC0, 0x8EC0, 0x8EC0, 0x8EC0, 0x8EC0, 0x8EC0, 0x8EC0, 0x8EC0, 0x8EC0, 0x8EC0, 0x8EC0, 0x8EC0, 
    0x8EC0, 0x8EC0, 0x8EC0, 0xFFFF, 0x632C, 0x632C, 0x632C, 0x632C, 0x632C, 0x632C, 0x632C, 0x632C, 0x632C, 0x632C, 0x632C, 0x632C, 0x632C, 0x632C, 0x632C, 0x632C, 0x632C, 0x632C, 0x632C, 0x632C, 0x632C, 0x632C, 0x632C, 0x632C, 0x632C, 0x632C, 0x632C, 0x632C, 0x632C, 0x632C, 0x632C, 0x632C, 0x632C, 0x632C, 0x632C, 0x632C, 0xFFFF, 0x8EC0, 0x8EC0, 0x8EC0, 0x8EC0, 0x8EC0, 0x8EC0, 0x8EC0, 0x8EC0, 0x8EC0, 0x8EC0, 0x8EC0, 0x8EC0, 0x8EC0, 0x8EC0, 0x8EC0, 0x8EC0, 0x8EC0, 0x8EC0, 0x8EC0, 0x8EC0, 0x8EC0, 0x8EC0, 0x8EC0, 
    0x8EC0, 0x8EC0, 0x8EC0, 0xFFFF, 0x632C, 0x632C, 0x632C, 0x632C, 0x632C, 0x632C, 0x632C, 0x632C, 0x632C, 0x632C, 0x632C, 0x632C, 0x632C, 0x632C, 0x632C, 0x632C, 0x632C, 0x632C, 0x632C, 0x632C, 0x632C, 0x632C, 0x632C, 0x632C, 0x632C, 0x632C, 0x632C, 0x632C, 0x632C, 0x632C, 0x632C, 0x632C, 0x632C, 0x632C, 0x632C, 0x632C, 0xFFFF, 0x8EC0, 0x8EC0, 0x8EC0, 0x8EC0, 0x8EC0, 0x8EC0, 0x8EC0, 0x8EC0, 0x8EC0, 0x8EC0, 0x8EC0, 0x8EC0, 0x8EC0, 0x8EC0, 0x8EC0, 0x8EC0, 0x8EC0, 0x8EC0, 0x8EC0, 0x8EC0, 0x8EC0, 0x8EC0, 0x8EC0, 
    0x8EC0, 0x8EC0, 0x8EC0, 0xFFFF, 0x632C, 0x632C, 0x632C, 0x632C, 0x632C, 0x632C, 0x632C, 0x632C, 0x632C, 0x632C, 0x632C, 0x632C, 0x632C, 0x632C, 0x632C, 0x632C, 0x632C, 0x632C, 0x632C, 0x632C, 0x632C, 0x632C, 0x632C, 0x632C, 0x632C, 0x632C, 0x632C, 0x632C, 0x632C, 0x632C, 0x632C, 0x632C, 0x632C, 0x632C, 0x632C, 0x632C, 0xFFFF, 0x8EC0, 0x8EC0, 0x8EC0, 0x8EC0, 0x8EC0, 0x8EC0, 0x8EC0, 0x8EC0, 0x8EC0, 0x8EC0, 0x8EC0, 0x8EC0, 0x8EC0, 0x8EC0, 0x8EC0, 0x8EC0, 0x8EC0, 0x8EC0, 0x8EC0, 0x8EC0, 0x8EC0, 0x8EC0, 0x8EC0, 
    0x8EC0, 0x8EC0, 0x8EC0, 0xFFFF, 0x632C, 0x632C, 0x632C, 0x632C, 0x632C, 0x632C, 0x632C, 0x632C, 0x632C, 0x632C, 0x632C, 0x632C, 0x632C, 0x632C, 0x632C, 0x632C, 0x632C, 0x632C, 0x632C, 0x632C, 0x632C, 0x632C, 0x632C, 0x632C, 0x632C, 0x632C, 0x632C, 0x632C, 0x632C, 0x632C, 0x632C, 0x632C, 0x632C, 0x632C, 0x632C, 0x632C, 0xFFFF, 0x8EC0, 0x8EC0, 0x8EC0, 0x8EC0, 0x8EC0, 0x8EC0, 0x8EC0, 0x8EC0, 0x8EC0, 0x8EC0, 0x8EC0, 0x8EC0, 0x8EC0, 0x8EC0, 0x8EC0, 0x8EC0, 0x8EC0, 0x8EC0, 0x8EC0, 0x8EC0, 0x8EC0, 0x8EC0, 0x8EC0, 
    0x8EC0, 0x8EC0, 0x8EC0, 0xFFFF, 0x632C, 0x632C, 0x632C, 0x632C, 0x632C, 0x632C, 0x632C, 0x632C, 0x632C, 0x632C, 0x632C, 0x632C, 0x632C, 0x632C, 0x632C, 0x632C, 0x632C, 0x632C, 0x632C, 0x632C, 0x632C, 0x632C, 0x632C, 0x632C, 0x632C, 0x632C, 0x632C, 0x632C, 0x632C, 0x632C, 0x632C, 0x632C, 0x632C, 0x632C, 0x632C, 0x632C, 0xFFFF, 0x8EC0, 0x8EC0, 0x8EC0, 0x8EC0, 0x8EC0, 0x8EC0, 0x8EC0, 0x8EC0, 0x8EC0, 0x8EC0, 0x8EC0, 0x8EC0, 0x8EC0, 0x8EC0, 0x8EC0, 0x8EC0, 0x8EC0, 0x8EC0, 0x8EC0, 0x8EC0, 0x8EC0, 0x8EC0, 0x8EC0, 
    0x8EC0, 0x8EC0, 0x8EC0, 0xFFFF, 0x632C, 0x632C, 0x632C, 0x632C, 0x632C, 0x632C, 0x632C, 0x632C, 0x632C, 0x632C, 0x632C, 0x632C, 0x632C, 0x632C, 0x632C, 0x632C, 0x632C, 0x632C, 0x632C, 0x632C, 0x632C, 0x632C, 0x632C, 0x632C, 0x632C, 0x632C, 0x632C, 0x632C, 0x632C, 0x632C, 0x632C, 0x632C, 0x632C, 0x632C, 0x632C, 0x632C, 0xFFFF, 0x8EC0, 0x8EC0, 0x8EC0, 0x8EC0, 0x8EC0, 0x8EC0, 0x8EC0, 0x8EC0, 0x8EC0, 0x8EC0, 0x8EC0, 0x8EC0, 0x8EC0, 0x8EC0, 0x8EC0, 0x8EC0, 0x8EC0, 0x8EC0, 0x8EC0, 0x8EC0, 0x8EC0, 0x8EC0, 0x8EC0, 
    0x8EC0, 0x8EC0, 0x8EC0, 0xFFFF, 0x632C, 0x632C, 0x632C, 0x632C, 0x632C, 0x632C, 0x632C, 0x632C, 0x632C, 0x632C, 0x632C, 0x632C, 0x632C, 0x632C, 0x632C, 0x632C, 0x632C, 0x632C, 0x632C, 0x632C, 0x632C, 0x632C, 0x632C, 0x632C, 0x632C, 0x632C, 0x632C, 0x632C, 0x632C, 0x632C, 0x632C, 0x632C, 0x632C, 0x632C, 0x632C, 0x632C, 0xFFFF, 0x8EC0, 0x8EC0, 0x8EC0, 0x8EC0, 0x8EC0, 0x8EC0, 0x8EC0, 0x8EC0, 0x8EC0, 0x8EC0, 0x8EC0, 0x8EC0, 0x8EC0, 0x8EC0, 0x8EC0, 0x8EC0, 0x8EC0, 0x8EC0, 0x8EC0, 0x8EC0, 0x8EC0, 0x8EC0, 0x8EC0, 
    0x8EC0, 0x8EC0, 0x8EC0, 0xFFFF, 0x632C, 0x632C, 0x632C, 0x632C, 0x632C, 0x632C, 0x632C, 0x632C, 0x632C, 0x632C, 0x632C, 0x632C, 0x632C, 0x632C, 0x632C, 0x632C, 0x632C, 0x632C, 0x632C, 0x632C, 0x632C, 0x632C, 0x632C, 0x632C, 0x632C, 0x632C, 0x632C, 0x632C, 0x632C, 0x632C, 0x632C, 0x632C, 0x632C, 0x632C, 0x632C, 0x632C, 0xFFFF, 0x8EC0, 0x8EC0, 0x8EC0, 0x8EC0, 0x8EC0, 0x8EC0, 0x8EC0, 0x8EC0, 0x8EC0, 0x8EC0, 0x8EC0, 0x8EC0, 0x8EC0, 0x8EC0, 0x8EC0, 0x8EC0, 0x8EC0, 0x8EC0, 0x8EC0, 0x8EC0, 0x8EC0, 0x8EC0, 0x8EC0, 
    0x8EC0, 0x8EC0, 0x8EC0, 0xFFFF, 0x632C, 0x632C, 0x632C, 0x632C, 0x632C, 0x632C, 0x632C, 0x632C, 0x632C, 0x632C, 0x632C, 0x632C, 0x632C, 0x632C, 0x632C, 0x632C, 0x632C, 0x632C, 0x632C, 0x632C, 0x632C, 0x632C, 0x632C, 0x632C, 0x632C, 0x632C, 0x632C, 0x632C, 0x632C, 0x632C, 0x632C, 0x632C, 0x632C, 0x632C, 0x632C, 0x632C, 0xFFFF, 0x8EC0, 0x8EC0, 0x8EC0, 0x8EC0, 0x8EC0, 0x8EC0, 0x8EC0, 0x8EC0, 0x8EC0, 0x8EC0, 0x8EC0, 0x8EC0, 0x8EC0, 0x8EC0, 0x8EC0, 0x8EC0, 0x8EC0, 0x8EC0, 0x8EC0, 0x8EC0, 0x8EC0, 0x8EC0, 0x8EC0, 
    0x8EC0, 0x8EC0, 0x8EC0, 0xFFFF, 0x632C, 0x632C, 0x632C, 0x632C, 0x632C, 0x632C, 0x632C, 0x632C, 0x632C, 0x632C, 0x632C, 0x632C, 0x632C, 0x632C, 0x632C, 0x632C, 0x632C, 0x632C, 0x632C, 0x632C, 0x632C, 0x632C, 0x632C, 0x632C, 0x632C, 0x632C, 0x632C, 0x632C, 0x632C, 0x632C, 0x632C, 0x632C, 0x632C, 0x632C, 0x632C, 0x632C, 0xFFFF, 0x8EC0, 0x8EC0, 0x8EC0, 0x8EC0, 0x8EC0, 0x8EC0, 0x8EC0, 0x8EC0, 0x8EC0, 0x8EC0, 0x8EC0, 0x8EC0, 0x8EC0, 0x8EC0, 0x8EC0, 0x8EC0, 0x8EC0, 0x8EC0, 0x8EC0, 0x8EC0, 0x8EC0, 0x8EC0, 0x8EC0, 
    0x8EC0, 0x8EC0, 0x8EC0, 0xFFFF, 0x632C, 0x632C, 0x632C, 0x632C, 0x632C, 0x632C, 0x632C, 0x632C, 0x632C, 0x632C, 0x632C, 0x632C, 0x632C, 0x632C, 0x632C, 0x632C, 0x632C, 0x632C, 0x632C, 0x632C, 0x632C, 0x632C, 0x632C, 0x632C, 0x632C, 0x632C, 0x632C, 0x632C, 0x632C, 0x632C, 0x632C, 0x632C, 0x632C, 0x632C, 0x632C, 0x632C, 0xFFFF, 0x8EC0, 0x8EC0, 0x8EC0, 0x8EC0, 0x8EC0, 0x8EC0, 0x8EC0, 0x8EC0, 0x8EC0, 0x8EC0, 0x8EC0, 0x8EC0, 0x8EC0, 0x8EC0, 0x8EC0, 0x8EC0, 0x8EC0, 0x8EC0, 0x8EC0, 0x8EC0, 0x8EC0, 0x8EC0, 0x8EC0, 
    0x8EC0, 0x8EC0, 0x8EC0, 0xFFFF, 0x632C, 0x632C, 0x632C, 0x632C, 0x632C, 0x632C, 0x632C, 0x632C, 0x632C, 0x632C, 0x632C, 0x632C, 0x632C, 0x632C, 0x632C, 0x632C, 0x632C, 0x632C, 0x632C, 0x632C, 0x632C, 0x632C, 0x632C, 0x632C, 0x632C, 0x632C, 0x632C, 0x632C, 0x632C, 0x632C, 0x632C, 0x632C, 0x632C, 0x632C, 0x632C, 0x632C, 0xFFFF, 0x8EC0, 0x8EC0, 0x8EC0, 0x8EC0, 0x8EC0, 0x8EC0, 0x8EC0, 0x8EC0, 0x8EC0, 0x8EC0, 0x8EC0, 0x8EC0, 0x8EC0, 0x8EC0, 0x8EC0, 0x8EC0, 0x8EC0, 0x8EC0, 0x8EC0, 0x8EC0, 0x8EC0, 0x8EC0, 0x8EC0, 
};

const uint16_t Truck[189] = {
    0x0843, 0x075B, 0x075B, 0x075B, 0x0533, 0x0843, 0x0843, 0x0843, 0x0843, 
    0x0843, 0xFFFF, 0x075B, 0x075B, 0x0533, 0x0000, 0x0000, 0x0843, 0x0843, 
    0x075B, 0x075B, 0x075B, 0x075B, 0x075B, 0x0533, 0x0000, 0x0000, 0x0843, 
    0x075B, 0x0000, 0x0000, 0x0000, 0x0000, 0x0533, 0x0000, 0x0000, 0x0843, 
    0x075B, 0x0000, 0x075B, 0x075B, 0x0000, 0x0533, 0x0000, 0x0000, 0x0843, 
    0x075B, 0xFFFF, 0x075B, 0x075B, 0x075B, 0x0533, 0x0000, 0x0000, 0x0843, 
    0x075B, 0x075B, 0x075B, 0x075B, 0x075B, 0x0533, 0x0000, 0x0843, 0x0843, 
    0x0843, 0x0533, 0x0000, 0x0000, 0x0533, 0x0843, 0x0000, 0x0843, 0x0843, 
    0xFFFF, 0xC638, 0xFFFF, 0xC638, 0xFFFF, 0xC638, 0x0000, 0x0000, 0x0000, 
    0xFFFF, 0xC638, 0xFFFF, 0xC638, 0xFFFF, 0xC638, 0x0000, 0x0000, 0x0000, 
    0xFFFF, 0xC638, 0xFFFF, 0xC638, 0xFFFF, 0xC638, 0x0000, 0x0000, 0x0000, 
    0xFFFF, 0xC638, 0xFFFF, 0xC638, 0xFFFF, 0xC638, 0x0000, 0x0000, 0x0000, 
    0xFFFF, 0xC638, 0xFFFF, 0xC638, 0xFFFF, 0xC638, 0x0000, 0x0000, 0x0000, 
    0xFFFF, 0xC638, 0xFFFF, 0xC638, 0xFFFF, 0xC638, 0x0000, 0x0000, 0x0000, 
    0xFFFF, 0xC638, 0xFFFF, 0xC638, 0xFFFF, 0xC638, 0x0000, 0x0000, 0x0000, 
    0xFFFF, 0xC638, 0xFFFF, 0xC638, 0xFFFF, 0xC638, 0x0000, 0x0000, 0x0000, 
    0xFFFF, 0xC638, 0xFFFF, 0xC638, 0xFFFF, 0xC638, 0x0000, 0x0000, 0x0000, 
    0xFFFF, 0xC638, 0xFFFF, 0xC638, 0xFFFF, 0xC638, 0x0000, 0x0000, 0x0000, 
    0xFFFF, 0xC638, 0xFFFF, 0xC638, 0xFFFF, 0xC638, 0x0000, 0x0000, 0x0000, 
    0xFFFF, 0xC638, 0xFFFF, 0xC638, 0xFFFF, 0xC638, 0x0000, 0x0000, 0x0000, 
    0xFFFF, 0xC638, 0xFFFF, 0xC638, 0xFFFF, 0xC638, 0x0000, 0x0000, 0x0000, 
};

const uint16_t YellowCar[96] = {
    0x0843, 0xF5E7, 0xF5E7, 0xCD06, 0xA405, 0x0000, 0x0843, 0x0843, 
    0xF5E7, 0xF5E7, 0xF5E7, 0xF5E7, 0xCD06, 0xA405, 0x0000, 0x0843, 
    0xF5E7, 0xFFFF, 0xF5E7, 0xF5E7, 0xCD06, 0xA405, 0x0000, 0x0843, 
    0xF5E7, 0xFFFF, 0x0000, 0x0000, 0xA405, 0xA405, 0x0000, 0x0843, 
    0xF5E7, 0x0000, 0x0000, 0x0000, 0x0000, 0xA405, 0x0000, 0x0000, 
    0xF5E7, 0x0000, 0xFFFF, 0xF5E7, 0x0000, 0xA405, 0x0000, 0x0000, 
    0xF5E7, 0xFFFF, 0x0000, 0xF5E7, 0x0000, 0xA405, 0x0000, 0x0000, 
    0xF5E7, 0xF5E7, 0x0000, 0x0000, 0xA405, 0xA405, 0x0000, 0x0000, 
    0xF5E7, 0xF5E7, 0xF5E7, 0xF5E7, 0xF5E7, 0xA405, 0x0000, 0x0000, 
    0xF5E7, 0x0000, 0xF5E7, 0xF5E7, 0x0000, 0xA405, 0x0000, 0x0843, 
    0xF5E7, 0xF5E7, 0xF5E7, 0xF5E7, 0xF5E7, 0xA405, 0x0000, 0x0843, 
    0xF5E7, 0x0000, 0x0000, 0x0000, 0x0000, 0xF5E7, 0x0000, 0x0000, 
};

const uint16_t fences[4096] = {
    0x0843, 0x0843, 0x0843, 0xFFFF, 0x0843, 0x0000, 0x0843, 0x0843, 0x0843, 0x0843, 0x0843, 0x0843, 0x0843, 0x0843, 0x0843, 0x0843, 0x0843, 0x0843, 0x0843, 0x0843, 0x0843, 0x0843, 0x0843, 0x0843, 0x0843, 0x0843, 0x0843, 0x0843, 0x0843, 0x0843, 0x0843, 0x0843, 0x0843, 0x0843, 0x0843, 0x0843, 0x0843, 0x0843, 0x0843, 0x0843, 0xFFFF, 0x0843, 0x0843, 0x0000, 0x0843, 0x0843, 0x0843, 0x0843, 0x0843, 0x0843, 0x0843, 0x0843, 0x0843, 0x0843, 0x0843, 0x0843, 0x0843, 0x0843, 0x0843, 0x0843, 0x0843, 0x0843, 0x0843, 0x0843, 
    0x0843, 0x0843, 0xFFFF, 0xFFFF, 0x0000, 0x0000, 0x0843, 0x0843, 0x0843, 0x0843, 0x0843, 0x0843, 0x0843, 0x0843, 0x0843, 0x0843, 0x0843, 0x0843, 0x0843, 0x0843, 0x0843, 0x0843, 0x0843, 0x0843, 0x0843, 0x0843, 0x0843, 0x0843, 0x0843, 0x0843, 0x0843, 0x0843, 0x0843, 0x0843, 0x0843, 0x0843, 0x0843, 0x0843, 0x0843, 0x0843, 0xFFFF, 0xFFFF, 0x0000, 0x0000, 0x0843, 0x0843, 0x0843, 0x0843, 0x0843, 0x0843, 0x0843, 0x0843, 0x0843, 0x0843, 0x0843, 0x0843, 0x0843, 0x0843, 0x0843, 0x0843, 0x0843, 0x0843, 0x0843, 0x0843, 
    0x0843, 0x0843, 0x0843, 0xFFFF, 0x0843, 0x0000, 0x0843, 0x0843, 0x0843, 0x0843, 0x0843, 0x0843, 0x0843, 0x0843, 0x0843, 0x0843, 0x0843, 0x0843, 0x0843, 0x0843, 0x0843, 0x0843, 0x0843, 0x0843, 0x0843, 0x0843, 0x0843, 0x0843, 0x0843, 0x0843, 0x0843, 0x0843, 0x0843, 0x0843, 0x0843, 0x0843, 0x0843, 0x0843, 0x0843, 0x0843, 0xFFFF, 0x0843, 0x0843, 0x0000, 0x0843, 0x0843, 0x0843, 0x0843, 0x0843, 0x0843, 0x0843, 0x0843, 0x0843, 0x0843, 0x0843, 0x0843, 0x0843, 0x0843, 0x0843, 0x0843, 0x0843, 0x0843, 0x0843, 0x0843, 
    0x0843, 0x0843, 0x0843, 0xFFFF, 0x0843, 0x0000, 0x0843, 0x0843, 0x0843, 0x0843, 0x0843, 0x0843, 0x0843, 0x0843, 0x0843, 0x0843, 0x0843, 0x0843, 0x0843, 0x0843, 0x0843, 0x0843, 0x0843, 0x0843, 0x0843, 0x0843, 0x0843, 0x0843, 0x0843, 0x0843, 0x0843, 0x0843, 0x0843, 0x0843, 0x0843, 0x0843, 0x0843, 0x0843, 0x0843, 0x0843, 0xFFFF, 0x0843, 0x0843, 0x0000, 0x0843, 0x0843, 0x0843, 0x0843, 0x0843, 0x0843, 0x0843, 0x0843, 0x0843, 0x0843, 0x0843, 0x0843, 0x0843, 0x0843, 0x0843, 0x0843, 0x0843, 0x0843, 0x0843, 0x0843, 
    0x0843, 0x0843, 0x0843, 0xFFFF, 0x0843, 0x0000, 0x0843, 0x0843, 0x0843, 0x0843, 0x0843, 0x0843, 0x0843, 0x0843, 0x0843, 0x0843, 0x0843, 0x0843, 0x0843, 0x0843, 0x0843, 0x0843, 0x0843, 0x0843, 0x0843, 0x0843, 0x0843, 0x0843, 0x0843, 0x0843, 0x0843, 0x0843, 0x0843, 0x0843, 0x0843, 0x0843, 0x0843, 0x0843, 0x0843, 0x0843, 0xFFFF, 0x0843, 0x0843, 0x0000, 0x0843, 0x0843, 0x0843, 0x0843, 0x0843, 0x0843, 0x0843, 0x0843, 0x0843, 0x0843, 0x0843, 0x0843, 0x0843, 0x0843, 0x0843, 0x0843, 0x0843, 0x0843, 0x0843, 0x0843, 
    0x0843, 0x0843, 0x0843, 0xFFFF, 0x0843, 0x0000, 0x0843, 0x0843, 0x0843, 0x0843, 0x0843, 0x0843, 0x0843, 0x0843, 0x0843, 0x0843, 0x0843, 0x0843, 0x0843, 0x0843, 0x0843, 0x0843, 0x0843, 0x0843, 0x0843, 0x0843, 0x0843, 0x0843, 0x0843, 0x0843, 0x0843, 0x0843, 0x0843, 0x0843, 0x0843, 0x0843, 0x0843, 0x0843, 0x0843, 0x0843, 0xFFFF, 0x0843, 0x0843, 0x0000, 0x0843, 0x0843, 0x0843, 0x0843, 0x0843, 0x0843, 0x0843, 0x0843, 0x0843, 0x0843, 0x0843, 0x0843, 0x0843, 0x0843, 0x0843, 0x0843, 0x0843, 0x0843, 0x0843, 0x0843, 
    0x0843, 0x0843, 0x0843, 0xFFFF, 0x0843, 0x0000, 0x0843, 0x0843, 0x0843, 0x0843, 0x0843, 0x0843, 0x0843, 0x0843, 0x0843, 0x0843, 0x0843, 0x0843, 0x0843, 0x0843, 0x0843, 0x0843, 0x0843, 0x0843, 0x0843, 0x0843, 0x0843, 0x0843, 0x0843, 0x0843, 0x0843, 0x0843, 0x0843, 0x0843, 0x0843, 0x0843, 0x0843, 0x0843, 0x0843, 0x0843, 0xFFFF, 0x0843, 0x0843, 0x0000, 0x0843, 0x0843, 0x0843, 0x0843, 0x0843, 0x0843, 0x0843, 0x0843, 0x0843, 0x0843, 0x0843, 0x0843, 0x0843, 0x0843, 0x0843, 0x0843, 0x0843, 0x0843, 0x0843, 0x0843, 
    0x0843, 0x0843, 0xFFFF, 0xFFFF, 0x0000, 0x0000, 0x0843, 0x0843, 0x0843, 0x0843, 0x0843, 0x0843, 0x0843, 0x0843, 0x0843, 0x0843, 0x0843, 0x0843, 0x0843, 0x0843, 0x0843, 0x0843, 0x0843, 0x0843, 0x0843, 0x0843, 0x0843, 0x0843, 0x0843, 0x0843, 0x0843, 0x0843, 0x0843, 0x0843, 0x0843, 0x0843, 0x0843, 0x0843, 0x0843, 0x0843, 0xFFFF, 0xFFFF, 0x0000, 0x0000, 0x0843, 0x0843, 0x0843, 0x0843, 0x0843, 0x0843, 0x0843, 0x0843, 0x0843, 0x0843, 0x0843, 0x0843, 0x0843, 0x0843, 0x0843, 0x0843, 0x0843, 0x0843, 0x0843, 0x0843, 
    0x0843, 0x0843, 0x0843, 0xFFFF, 0x0843, 0x0000, 0x0843, 0x0843, 0x0843, 0x0843, 0x0843, 0x0843, 0x0843, 0x0843, 0x0843, 0x0843, 0x0843, 0x0843, 0x0843, 0x0843, 0x0843, 0x0843, 0x0843, 0x0843, 0x0843, 0x0843, 0x0843, 0x0843, 0x0843, 0x0843, 0x0843, 0x0843, 0x0843, 0x0843, 0x0843, 0x0843, 0x0843, 0x0843, 0x0843, 0x0843, 0xFFFF, 0x0843, 0x0843, 0x0000, 0x0843, 0x0843, 0x0843, 0x0843, 0x0843, 0x0843, 0x0843, 0x0843, 0x0843, 0x0843, 0x0843, 0x0843, 0x0843, 0x0843, 0x0843, 0x0843, 0x0843, 0x0843, 0x0843, 0x0843, 
    0x0843, 0x0843, 0x0843, 0xFFFF, 0x0843, 0x0000, 0x0843, 0x0843, 0x0843, 0x0843, 0x0843, 0x0843, 0x0843, 0x0843, 0x0843, 0x0843, 0x0843, 0x0843, 0x0843, 0x0843, 0x0843, 0x0843, 0x0843, 0x0843, 0x0843, 0x0843, 0x0843, 0x0843, 0x0843, 0x0843, 0x0843, 0x0843, 0x0843, 0x0843, 0x0843, 0x0843, 0x0843, 0x0843, 0x0843, 0x0843, 0xFFFF, 0x0843, 0x0843, 0x0000, 0x0843, 0x0843, 0x0843, 0x0843, 0x0843, 0x0843, 0x0843, 0x0843, 0x0843, 0x0843, 0x0843, 0x0843, 0x0843, 0x0843, 0x0843, 0x0843, 0x0843, 0x0843, 0x0843, 0x0843, 
    0x0843, 0x0843, 0x0843, 0xFFFF, 0x0843, 0x0000, 0x0843, 0x0843, 0x0843, 0x0843, 0x0843, 0x0843, 0x0843, 0x0843, 0x0843, 0x0843, 0x0843, 0x0843, 0x0843, 0x0843, 0x0843, 0x0843, 0x0843, 0x0843, 0x0843, 0x0843, 0x0843, 0x0843, 0x0843, 0x0843, 0x0843, 0x0843, 0x0843, 0x0843, 0x0843, 0x0843, 0x0843, 0x0843, 0x0843, 0x0843, 0xFFFF, 0x0843, 0x0843, 0x0000, 0x0843, 0x0843, 0x0843, 0x0843, 0x0843, 0x0843, 0x0843, 0x0843, 0x0843, 0x0843, 0x0843, 0x0843, 0x0843, 0x0843, 0x0843, 0x0843, 0x0843, 0x0843, 0x0843, 0x0843, 
    0x0843, 0x0843, 0x0843, 0xFFFF, 0x0843, 0x0000, 0x0843, 0x0843, 0x0843, 0x0843, 0x0843, 0x0843, 0x0843, 0x0843, 0x0843, 0x0843, 0x0843, 0x0843, 0x0843, 0x0843, 0x0843, 0x0843, 0x0843, 0x0843, 0x0843, 0x0843, 0x0843, 0x0843, 0x0843, 0x0843, 0x0843, 0x0843, 0x0843, 0x0843, 0x0843, 0x0843, 0x0843, 0x0843, 0x0843, 0x0843, 0xFFFF, 0x0843, 0x0843, 0x0000, 0x0843, 0x0843, 0x0843, 0x0843, 0x0843, 0x0843, 0x0843, 0x0843, 0x0843, 0x0843, 0x0843, 0x0843, 0x0843, 0x0843, 0x0843, 0x0843, 0x0843, 0x0843, 0x0843, 0x0843, 
    0x0843, 0x0843, 0x0843, 0xFFFF, 0x0843, 0x0000, 0x0843, 0x0843, 0x0843, 0x0843, 0x0843, 0x0843, 0x0843, 0x0843, 0x0843, 0x0843, 0x0843, 0x0843, 0x0843, 0x0843, 0x0843, 0x0843, 0x0843, 0x0843, 0x0843, 0x0843, 0x0843, 0x0843, 0x0843, 0x0843, 0x0843, 0x0843, 0x0843, 0x0843, 0x0843, 0x0843, 0x0843, 0x0843, 0x0843, 0x0843, 0xFFFF, 0x0843, 0x0843, 0x0000, 0x0843, 0x0843, 0x0843, 0x0843, 0x0843, 0x0843, 0x0843, 0x0843, 0x0843, 0x0843, 0x0843, 0x0843, 0x0843, 0x0843, 0x0843, 0x0843, 0x0843, 0x0843, 0x0843, 0x0843, 
    0x0843, 0x0843, 0xFFFF, 0xFFFF, 0x0000, 0x0000, 0x0843, 0x0843, 0x0843, 0x0843, 0x0843, 0x0843, 0x0843, 0x0843, 0x0843, 0x0843, 0x0843, 0x0843, 0x0843, 0x0843, 0x0843, 0x0843, 0x0843, 0x0843, 0x0843, 0x0843, 0x0843, 0x0843, 0x0843, 0x0843, 0x0843, 0x0843, 0x0843, 0x0843, 0x0843, 0x0843, 0x0843, 0x0843, 0x0843, 0x0843, 0xFFFF, 0xFFFF, 0x0000, 0x0000, 0x0843, 0x0843, 0x0843, 0x0843, 0x0843, 0x0843, 0x0843, 0x0843, 0x0843, 0x0843, 0x0843, 0x0843, 0x0843, 0x0843, 0x0843, 0x0843, 0x0843, 0x0843, 0x0843, 0x0843, 
    0x0843, 0x0843, 0x0843, 0xFFFF, 0x0843, 0x0000, 0x0843, 0x0843, 0x0843, 0x0843, 0x0843, 0x0843, 0x0843, 0x0843, 0x0843, 0x0843, 0x0843, 0x0843, 0x0843, 0x0843, 0x0843, 0x0843, 0x0843, 0x0843, 0x0843, 0x0843, 0x0843, 0x0843, 0x0843, 0x0843, 0x0843, 0x0843, 0x0843, 0x0843, 0x0843, 0x0843, 0x0843, 0x0843, 0x0843, 0x0843, 0xFFFF, 0x0843, 0x0843, 0x0000, 0x0843, 0x0843, 0x0843, 0x0843, 0x0843, 0x0843, 0x0843, 0x0843, 0x0843, 0x0843, 0x0843, 0x0843, 0x0843, 0x0843, 0x0843, 0x0843, 0x0843, 0x0843, 0x0843, 0x0843, 
    0x0843, 0x0843, 0x0843, 0xFFFF, 0x0843, 0x0000, 0x0843, 0x0843, 0x0843, 0x0843, 0x0843, 0x0843, 0x0843, 0x0843, 0x0843, 0x0843, 0x0843, 0x0843, 0x0843, 0x0843, 0x0843, 0x0843, 0x0843, 0x0843, 0x0843, 0x0843, 0x0843, 0x0843, 0x0843, 0x0843, 0x0843, 0x0843, 0x0843, 0x0843, 0x0843, 0x0843, 0x0843, 0x0843, 0x0843, 0x0843, 0xFFFF, 0x0843, 0x0843, 0x0000, 0x0843, 0x0843, 0x0843, 0x0843, 0x0843, 0x0843, 0x0843, 0x0843, 0x0843, 0x0843, 0x0843, 0x0843, 0x0843, 0x0843, 0x0843, 0x0843, 0x0843, 0x0843, 0x0843, 0x0843, 
    0x0843, 0x0843, 0x0843, 0xFFFF, 0x0843, 0x0000, 0x0843, 0x0843, 0x0843, 0x0843, 0x0843, 0x0843, 0x0843, 0x0843, 0x0843, 0x0843, 0x0843, 0x0843, 0x0843, 0x0843, 0x0843, 0x0843, 0x0843, 0x0843, 0x0843, 0x0843, 0x0843, 0x0843, 0x0843, 0x0843, 0x0843, 0x0843, 0x0843, 0x0843, 0x0843, 0x0843, 0x0843, 0x0843, 0x0843, 0x0843, 0xFFFF, 0x0843, 0x0843, 0x0000, 0x0843, 0x0843, 0x0843, 0x0843, 0x0843, 0x0843, 0x0843, 0x0843, 0x0843, 0x0843, 0x0843, 0x0843, 0x0843, 0x0843, 0x0843, 0x0843, 0x0843, 0x0843, 0x0843, 0x0843, 
    0x0843, 0x0843, 0x0843, 0xFFFF, 0x0843, 0x0000, 0x0843, 0x0843, 0x0843, 0x0843, 0x0843, 0x0843, 0x0843, 0x0843, 0x0843, 0x0843, 0x0843, 0x0843, 0x0843, 0x0843, 0x0843, 0x0843, 0x0843, 0x0843, 0x0843, 0x0843, 0x0843, 0x0843, 0x0843, 0x0843, 0x0843, 0x0843, 0x0843, 0x0843, 0x0843, 0x0843, 0x0843, 0x0843, 0x0843, 0x0843, 0xFFFF, 0x0843, 0x0843, 0x0000, 0x0843, 0x0843, 0x0843, 0x0843, 0x0843, 0x0843, 0x0843, 0x0843, 0x0843, 0x0843, 0x0843, 0x0843, 0x0843, 0x0843, 0x0843, 0x0843, 0x0843, 0x0843, 0x0843, 0x0843, 
    0x0843, 0x0843, 0x0843, 0xFFFF, 0x0843, 0x0000, 0x0843, 0x0843, 0x0843, 0x0843, 0x0843, 0x0843, 0x0843, 0x0843, 0x0843, 0x0843, 0x0843, 0x0843, 0x0843, 0x0843, 0x0843, 0x0843, 0x0843, 0x0843, 0x0843, 0x0843, 0x0843, 0x0843, 0x0843, 0x0843, 0x0843, 0x0843, 0x0843, 0x0843, 0x0843, 0x0843, 0x0843, 0x0843, 0x0843, 0x0843, 0xFFFF, 0x0843, 0x0843, 0x0000, 0x0843, 0x0843, 0x0843, 0x0843, 0x0843, 0x0843, 0x0843, 0x0843, 0x0843, 0x0843, 0x0843, 0x0843, 0x0843, 0x0843, 0x0843, 0x0843, 0x0843, 0x0843, 0x0843, 0x0843, 
    0x0843, 0x0843, 0xFFFF, 0xFFFF, 0x0000, 0x0000, 0x0843, 0x0843, 0x0843, 0x0843, 0x0843, 0x0843, 0x0843, 0x0843, 0x0843, 0x0843, 0x0843, 0x0843, 0x0843, 0x0843, 0x0843, 0x0843, 0x0843, 0x0843, 0x0843, 0x0843, 0x0843, 0x0843, 0x0843, 0x0843, 0x0843, 0x0843, 0x0843, 0x0843, 0x0843, 0x0843, 0x0843, 0x0843, 0x0843, 0x0843, 0xFFFF, 0xFFFF, 0x0000, 0x0000, 0x0843, 0x0843, 0x0843, 0x0843, 0x0843, 0x0843, 0x0843, 0x0843, 0x0843, 0x0843, 0x0843, 0x0843, 0x0843, 0x0843, 0x0843, 0x0843, 0x0843, 0x0843, 0x0843, 0x0843, 
    0x0843, 0x0843, 0x0843, 0xFFFF, 0x0843, 0x0000, 0x0843, 0x0843, 0x0843, 0x0843, 0x0843, 0x0843, 0x0843, 0x0843, 0x0843, 0x0843, 0x0843, 0x0843, 0x0843, 0x0843, 0x0843, 0x0843, 0x0843, 0x0843, 0x0843, 0x0843, 0x0843, 0x0843, 0x0843, 0x0843, 0x0843, 0x0843, 0x0843, 0x0843, 0x0843, 0x0843, 0x0843, 0x0843, 0x0843, 0x0843, 0xFFFF, 0x0843, 0x0843, 0x0000, 0x0843, 0x0843, 0x0843, 0x0843, 0x0843, 0x0843, 0x0843, 0x0843, 0x0843, 0x0843, 0x0843, 0x0843, 0x0843, 0x0843, 0x0843, 0x0843, 0x0843, 0x0843, 0x0843, 0x0843, 
    0x0843, 0x0843, 0x0843, 0xFFFF, 0x0843, 0x0000, 0x0843, 0x0843, 0x0843, 0x0843, 0x0843, 0x0843, 0x0843, 0x0843, 0x0843, 0x0843, 0x0843, 0x0843, 0x0843, 0x0843, 0x0843, 0x0843, 0x0843, 0x0843, 0x0843, 0x0843, 0x0843, 0x0843, 0x0843, 0x0843, 0x0843, 0x0843, 0x0843, 0x0843, 0x0843, 0x0843, 0x0843, 0x0843, 0x0843, 0x0843, 0xFFFF, 0x0843, 0x0843, 0x0000, 0x0843, 0x0843, 0x0843, 0x0843, 0x0843, 0x0843, 0x0843, 0x0843, 0x0843, 0x0843, 0x0843, 0x0843, 0x0843, 0x0843, 0x0843, 0x0843, 0x0843, 0x0843, 0x0843, 0x0843, 
    0x0843, 0x0843, 0x0843, 0xFFFF, 0x0843, 0x0000, 0x0843, 0x0843, 0x0843, 0x0843, 0x0843, 0x0843, 0x0843, 0x0843, 0x0843, 0x0843, 0x0843, 0x0843, 0x0843, 0x0843, 0x0843, 0x0843, 0x0843, 0x0843, 0x0843, 0x0843, 0x0843, 0x0843, 0x0843, 0x0843, 0x0843, 0x0843, 0x0843, 0x0843, 0x0843, 0x0843, 0x0843, 0x0843, 0x0843, 0x0843, 0xFFFF, 0x0843, 0x0843, 0x0000, 0x0843, 0x0843, 0x0843, 0x0843, 0x0843, 0x0843, 0x0843, 0x0843, 0x0843, 0x0843, 0x0843, 0x0843, 0x0843, 0x0843, 0x0843, 0x0843, 0x0843, 0x0843, 0x0843, 0x0843, 
    0x0843, 0x0843, 0x0843, 0xFFFF, 0x0843, 0x0000, 0x0843, 0x0843, 0x0843, 0x0843, 0x0843, 0x0843, 0x0843, 0x0843, 0x0843, 0x0843, 0x0843, 0x0843, 0x0843, 0x0843, 0x0843, 0x0843, 0x0843, 0x0843, 0x0843, 0x0843, 0x0843, 0x0843, 0x0843, 0x0843, 0x0843, 0x0843, 0x0843, 0x0843, 0x0843, 0x0843, 0x0843, 0x0843, 0x0843, 0x0843, 0xFFFF, 0x0843, 0x0843, 0x0000, 0x0843, 0x0843, 0x0843, 0x0843, 0x0843, 0x0843, 0x0843, 0x0843, 0x0843, 0x0843, 0x0843, 0x0843, 0x0843, 0x0843, 0x0843, 0x0843, 0x0843, 0x0843, 0x0843, 0x0843, 
    0x0843, 0x0843, 0x0843, 0xFFFF, 0x0843, 0x0000, 0x0843, 0x0843, 0x0843, 0x0843, 0x0843, 0x0843, 0x0843, 0x0843, 0x0843, 0x0843, 0x0843, 0x0843, 0x0843, 0x0843, 0x0843, 0x0843, 0x0843, 0x0843, 0x0843, 0x0843, 0x0843, 0x0843, 0x0843, 0x0843, 0x0843, 0x0843, 0x0843, 0x0843, 0x0843, 0x0843, 0x0843, 0x0843, 0x0843, 0x0843, 0xFFFF, 0x0843, 0x0843, 0x0000, 0x0843, 0x0843, 0x0843, 0x0843, 0x0843, 0x0843, 0x0843, 0x0843, 0x0843, 0x0843, 0x0843, 0x0843, 0x0843, 0x0843, 0x0843, 0x0843, 0x0843, 0x0843, 0x0843, 0x0843, 
    0x0843, 0x0843, 0xFFFF, 0xFFFF, 0x0000, 0x0000, 0x0843, 0x0843, 0x0843, 0x0843, 0x0843, 0x0843, 0x0843, 0x0843, 0x0843, 0x0843, 0x0843, 0x0843, 0x0843, 0x0843, 0x0843, 0x0843, 0x0843, 0x0843, 0x0843, 0x0843, 0x0843, 0x0843, 0x0843, 0x0843, 0x0843, 0x0843, 0x0843, 0x0843, 0x0843, 0x0843, 0x0843, 0x0843, 0x0843, 0x0843, 0xFFFF, 0xFFFF, 0x0000, 0x0000, 0x0843, 0x0843, 0x0843, 0x0843, 0x0843, 0x0843, 0x0843, 0x0843, 0x0843, 0x0843, 0x0843, 0x0843, 0x0843, 0x0843, 0x0843, 0x0843, 0x0843, 0x0843, 0x0843, 0x0843, 
    0x0843, 0x0843, 0x0843, 0xFFFF, 0x0843, 0x0000, 0x0843, 0x0843, 0x0843, 0x0843, 0x0843, 0x0843, 0x0843, 0x0843, 0x0843, 0x0843, 0x0843, 0x0843, 0x0843, 0x0843, 0x0843, 0x0843, 0x0843, 0x0843, 0x0843, 0x0843, 0x0843, 0x0843, 0x0843, 0x0843, 0x0843, 0x0843, 0x0843, 0x0843, 0x0843, 0x0843, 0x0843, 0x0843, 0x0843, 0x0843, 0xFFFF, 0x0843, 0x0843, 0x0000, 0x0843, 0x0843, 0x0843, 0x0843, 0x0843, 0x0843, 0x0843, 0x0843, 0x0843, 0x0843, 0x0843, 0x0843, 0x0843, 0x0843, 0x0843, 0x0843, 0x0843, 0x0843, 0x0843, 0x0843, 
    0x0843, 0x0843, 0x0843, 0xFFFF, 0x0843, 0x0000, 0x0843, 0x0843, 0x0843, 0x0843, 0x0843, 0x0843, 0x0843, 0x0843, 0x0843, 0x0843, 0x0843, 0x0843, 0x0843, 0x0843, 0x0843, 0x0843, 0x0843, 0x0843, 0x0843, 0x0843, 0x0843, 0x0843, 0x0843, 0x0843, 0x0843, 0x0843, 0x0843, 0x0843, 0x0843, 0x0843, 0x0843, 0x0843, 0x0843, 0x0843, 0xFFFF, 0x0843, 0x0843, 0x0000, 0x0843, 0x0843, 0x0843, 0x0843, 0x0843, 0x0843, 0x0843, 0x0843, 0x0843, 0x0843, 0x0843, 0x0843, 0x0843, 0x0843, 0x0843, 0x0843, 0x0843, 0x0843, 0x0843, 0x0843, 
    0x0843, 0x0843, 0x0843, 0xFFFF, 0x0843, 0x0000, 0x0843, 0x0843, 0x0843, 0x0843, 0x0843, 0x0843, 0x0843, 0x0843, 0x0843, 0x0843, 0x0843, 0x0843, 0x0843, 0x0843, 0x0843, 0x0843, 0x0843, 0x0843, 0x0843, 0x0843, 0x0843, 0x0843, 0x0843, 0x0843, 0x0843, 0x0843, 0x0843, 0x0843, 0x0843, 0x0843, 0x0843, 0x0843, 0x0843, 0x0843, 0xFFFF, 0x0843, 0x0843, 0x0000, 0x0843, 0x0843, 0x0843, 0x0843, 0x0843, 0x0843, 0x0843, 0x0843, 0x0843, 0x0843, 0x0843, 0x0843, 0x0843, 0x0843, 0x0843, 0x0843, 0x0843, 0x0843, 0x0843, 0x0843, 
    0x0843, 0x0843, 0x0843, 0xFFFF, 0x0843, 0x0000, 0x0843, 0x0843, 0x0843, 0x0843, 0x0843, 0x0843, 0x0843, 0x0843, 0x0843, 0x0843, 0x0843, 0x0843, 0x0843, 0x0843, 0x0843, 0x0843, 0x0843, 0x0843, 0x0843, 0x0843, 0x0843, 0x0843, 0x0843, 0x0843, 0x0843, 0x0843, 0x0843, 0x0843, 0x0843, 0x0843, 0x0843, 0x0843, 0x0843, 0x0843, 0xFFFF, 0x0843, 0x0843, 0x0000, 0x0843, 0x0843, 0x0843, 0x0843, 0x0843, 0x0843, 0x0843, 0x0843, 0x0843, 0x0843, 0x0843, 0x0843, 0x0843, 0x0843, 0x0843, 0x0843, 0x0843, 0x0843, 0x0843, 0x0843, 
    0x0843, 0x0843, 0x0843, 0xFFFF, 0x0843, 0x0000, 0x0843, 0x0843, 0x0843, 0x0843, 0x0843, 0x0843, 0x0843, 0x0843, 0x0843, 0x0843, 0x0843, 0x0843, 0x0843, 0x0843, 0x0843, 0x0843, 0x0843, 0x0843, 0x0843, 0x0843, 0x0843, 0x0843, 0x0843, 0x0843, 0x0843, 0x0843, 0x0843, 0x0843, 0x0843, 0x0843, 0x0843, 0x0843, 0x0843, 0x0843, 0xFFFF, 0x0843, 0x0843, 0x0000, 0x0843, 0x0843, 0x0843, 0x0843, 0x0843, 0x0843, 0x0843, 0x0843, 0x0843, 0x0843, 0x0843, 0x0843, 0x0843, 0x0843, 0x0843, 0x0843, 0x0843, 0x0843, 0x0843, 0x0843, 
    0x0843, 0x0843, 0xFFFF, 0xFFFF, 0x0000, 0x0000, 0x0843, 0x0843, 0x0843, 0x0843, 0x0843, 0x0843, 0x0843, 0x0843, 0x0843, 0x0843, 0x0843, 0x0843, 0x0843, 0x0843, 0x0843, 0x0843, 0x0843, 0x0843, 0x0843, 0x0843, 0x0843, 0x0843, 0x0843, 0x0843, 0x0843, 0x0843, 0x0843, 0x0843, 0x0843, 0x0843, 0x0843, 0x0843, 0x0843, 0x0843, 0xFFFF, 0xFFFF, 0x0000, 0x0000, 0x0843, 0x0843, 0x0843, 0x0843, 0x0843, 0x0843, 0x0843, 0x0843, 0x0843, 0x0843, 0x0843, 0x0843, 0x0843, 0x0843, 0x0843, 0x0843, 0x0843, 0x0843, 0x0843, 0x0843, 
    0x0843, 0x0843, 0x0843, 0xFFFF, 0x0843, 0x0000, 0x0843, 0x0843, 0x0843, 0x0843, 0x0843, 0x0843, 0x0843, 0x0843, 0x0843, 0x0843, 0x0843, 0x0843, 0x0843, 0x0843, 0x0843, 0x0843, 0x0843, 0x0843, 0x0843, 0x0843, 0x0843, 0x0843, 0x0843, 0x0843, 0x0843, 0x0843, 0x0843, 0x0843, 0x0843, 0x0843, 0x0843, 0x0843, 0x0843, 0x0843, 0xFFFF, 0x0843, 0x0843, 0x0000, 0x0843, 0x0843, 0x0843, 0x0843, 0x0843, 0x0843, 0x0843, 0x0843, 0x0843, 0x0843, 0x0843, 0x0843, 0x0843, 0x0843, 0x0843, 0x0843, 0x0843, 0x0843, 0x0843, 0x0843, 
    0x0843, 0x0843, 0x0843, 0xFFFF, 0x0843, 0x0000, 0x0843, 0x0843, 0x0843, 0x0843, 0x0843, 0x0843, 0x0843, 0x0843, 0x0843, 0x0843, 0x0843, 0x0843, 0x0843, 0x0843, 0x0843, 0x0843, 0x0843, 0x0843, 0x0843, 0x0843, 0x0843, 0x0843, 0x0843, 0x0843, 0x0843, 0x0843, 0x0843, 0x0843, 0x0843, 0x0843, 0x0843, 0x0843, 0x0843, 0x0843, 0xFFFF, 0x0843, 0x0843, 0x0000, 0x0843, 0x0843, 0x0843, 0x0843, 0x0843, 0x0843, 0x0843, 0x0843, 0x0843, 0x0843, 0x0843, 0x0843, 0x0843, 0x0843, 0x0843, 0x0843, 0x0843, 0x0843, 0x0843, 0x0843, 
    0x0843, 0x0843, 0x0843, 0xFFFF, 0x0843, 0x0000, 0x0843, 0x0843, 0x0843, 0x0843, 0x0843, 0x0843, 0x0843, 0x0843, 0x0843, 0x0843, 0x0843, 0x0843, 0x0843, 0x0843, 0x0843, 0x0843, 0x0843, 0x0843, 0x0843, 0x0843, 0x0843, 0x0843, 0x0843, 0x0843, 0x0843, 0x0843, 0x0843, 0x0843, 0x0843, 0x0843, 0x0843, 0x0843, 0x0843, 0x0843, 0xFFFF, 0x0843, 0x0843, 0x0000, 0x0843, 0x0843, 0x0843, 0x0843, 0x0843, 0x0843, 0x0843, 0x0843, 0x0843, 0x0843, 0x0843, 0x0843, 0x0843, 0x0843, 0x0843, 0x0843, 0x0843, 0x0843, 0x0843, 0x0843, 
    0x0843, 0x0843, 0x0843, 0xFFFF, 0x0843, 0x0000, 0x0843, 0x0843, 0x0843, 0x0843, 0x0843, 0x0843, 0x0843, 0x0843, 0x0843, 0x0843, 0x0843, 0x0843, 0x0843, 0x0843, 0x0843, 0x0843, 0x0843, 0x0843, 0x0843, 0x0843, 0x0843, 0x0843, 0x0843, 0x0843, 0x0843, 0x0843, 0x0843, 0x0843, 0x0843, 0x0843, 0x0843, 0x0843, 0x0843, 0x0843, 0xFFFF, 0x0843, 0x0843, 0x0000, 0x0843, 0x0843, 0x0843, 0x0843, 0x0843, 0x0843, 0x0843, 0x0843, 0x0843, 0x0843, 0x0843, 0x0843, 0x0843, 0x0843, 0x0843, 0x0843, 0x0843, 0x0843, 0x0843, 0x0843, 
    0x0843, 0x0843, 0x0843, 0xFFFF, 0x0843, 0x0000, 0x0843, 0x0843, 0x0843, 0x0843, 0x0843, 0x0843, 0x0843, 0x0843, 0x0843, 0x0843, 0x0843, 0x0843, 0x0843, 0x0843, 0x0843, 0x0843, 0x0843, 0x0843, 0x0843, 0x0843, 0x0843, 0x0843, 0x0843, 0x0843, 0x0843, 0x0843, 0x0843, 0x0843, 0x0843, 0x0843, 0x0843, 0x0843, 0x0843, 0x0843, 0xFFFF, 0x0843, 0x0843, 0x0000, 0x0843, 0x0843, 0x0843, 0x0843, 0x0843, 0x0843, 0x0843, 0x0843, 0x0843, 0x0843, 0x0843, 0x0843, 0x0843, 0x0843, 0x0843, 0x0843, 0x0843, 0x0843, 0x0843, 0x0843, 
    0x0843, 0x0843, 0xFFFF, 0xFFFF, 0x0000, 0x0000, 0x0843, 0x0843, 0x0843, 0x0843, 0x0843, 0x0843, 0x0843, 0x0843, 0x0843, 0x0843, 0x0843, 0x0843, 0x0843, 0x0843, 0x0843, 0x0843, 0x0843, 0x0843, 0x0843, 0x0843, 0x0843, 0x0843, 0x0843, 0x0843, 0x0843, 0x0843, 0x0843, 0x0843, 0x0843, 0x0843, 0x0843, 0x0843, 0x0843, 0x0843, 0xFFFF, 0xFFFF, 0x0000, 0x0000, 0x0843, 0x0843, 0x0843, 0x0843, 0x0843, 0x0843, 0x0843, 0x0843, 0x0843, 0x0843, 0x0843, 0x0843, 0x0843, 0x0843, 0x0843, 0x0843, 0x0843, 0x0843, 0x0843, 0x0843, 
    0x0843, 0x0843, 0x0843, 0xFFFF, 0x0843, 0x0000, 0x0843, 0x0843, 0x0843, 0x0843, 0x0843, 0x0843, 0x0843, 0x0843, 0x0843, 0x0843, 0x0843, 0x0843, 0x0843, 0x0843, 0x0843, 0x0843, 0x0843, 0x0843, 0x0843, 0x0843, 0x0843, 0x0843, 0x0843, 0x0843, 0x0843, 0x0843, 0x0843, 0x0843, 0x0843, 0x0843, 0x0843, 0x0843, 0x0843, 0x0843, 0xFFFF, 0x0843, 0x0843, 0x0000, 0x0843, 0x0843, 0x0843, 0x0843, 0x0843, 0x0843, 0x0843, 0x0843, 0x0843, 0x0843, 0x0843, 0x0843, 0x0843, 0x0843, 0x0843, 0x0843, 0x0843, 0x0843, 0x0843, 0x0843, 
    0x0843, 0x0843, 0x0843, 0xFFFF, 0x0843, 0x0000, 0x0843, 0x0843, 0x0843, 0x0843, 0x0843, 0x0843, 0x0843, 0x0843, 0x0843, 0x0843, 0x0843, 0x0843, 0x0843, 0x0843, 0x0843, 0x0843, 0x0843, 0x0843, 0x0843, 0x0843, 0x0843, 0x0843, 0x0843, 0x0843, 0x0843, 0x0843, 0x0843, 0x0843, 0x0843, 0x0843, 0x0843, 0x0843, 0x0843, 0x0843, 0xFFFF, 0x0843, 0x0843, 0x0000, 0x0843, 0x0843, 0x0843, 0x0843, 0x0843, 0x0843, 0x0843, 0x0843, 0x0843, 0x0843, 0x0843, 0x0843, 0x0843, 0x0843, 0x0843, 0x0843, 0x0843, 0x0843, 0x0843, 0x0843, 
    0x0843, 0x0843, 0x0843, 0xFFFF, 0x0843, 0x0000, 0x0843, 0x0843, 0x0843, 0x0843, 0x0843, 0x0843, 0x0843, 0x0843, 0x0843, 0x0843, 0x0843, 0x0843, 0x0843, 0x0843, 0x0843, 0x0843, 0x0843, 0x0843, 0x0843, 0x0843, 0x0843, 0x0843, 0x0843, 0x0843, 0x0843, 0x0843, 0x0843, 0x0843, 0x0843, 0x0843, 0x0843, 0x0843, 0x0843, 0x0843, 0xFFFF, 0x0843, 0x0843, 0x0000, 0x0843, 0x0843, 0x0843, 0x0843, 0x0843, 0x0843, 0x0843, 0x0843, 0x0843, 0x0843, 0x0843, 0x0843, 0x0843, 0x0843, 0x0843, 0x0843, 0x0843, 0x0843, 0x0843, 0x0843, 
    0x0843, 0x0843, 0x0843, 0xFFFF, 0x0843, 0x0000, 0x0843, 0x0843, 0x0843, 0x0843, 0x0843, 0x0843, 0x0843, 0x0843, 0x0843, 0x0843, 0x0843, 0x0843, 0x0843, 0x0843, 0x0843, 0x0843, 0x0843, 0x0843, 0x0843, 0x0843, 0x0843, 0x0843, 0x0843, 0x0843, 0x0843, 0x0843, 0x0843, 0x0843, 0x0843, 0x0843, 0x0843, 0x0843, 0x0843, 0x0843, 0xFFFF, 0x0843, 0x0843, 0x0000, 0x0843, 0x0843, 0x0843, 0x0843, 0x0843, 0x0843, 0x0843, 0x0843, 0x0843, 0x0843, 0x0843, 0x0843, 0x0843, 0x0843, 0x0843, 0x0843, 0x0843, 0x0843, 0x0843, 0x0843, 
    0x0843, 0x0843, 0x0843, 0xFFFF, 0x0843, 0x0000, 0x0843, 0x0843, 0x0843, 0x0843, 0x0843, 0x0843, 0x0843, 0x0843, 0x0843, 0x0843, 0x0843, 0x0843, 0x0843, 0x0843, 0x0843, 0x0843, 0x0843, 0x0843, 0x0843, 0x0843, 0x0843, 0x0843, 0x0843, 0x0843, 0x0843, 0x0843, 0x0843, 0x0843, 0x0843, 0x0843, 0x0843, 0x0843, 0x0843, 0x0843, 0xFFFF, 0x0843, 0x0843, 0x0000, 0x0843, 0x0843, 0x0843, 0x0843, 0x0843, 0x0843, 0x0843, 0x0843, 0x0843, 0x0843, 0x0843, 0x0843, 0x0843, 0x0843, 0x0843, 0x0843, 0x0843, 0x0843, 0x0843, 0x0843, 
    0x0843, 0x0843, 0xFFFF, 0xFFFF, 0x0000, 0x0000, 0x0843, 0x0843, 0x0843, 0x0843, 0x0843, 0x0843, 0x0843, 0x0843, 0x0843, 0x0843, 0x0843, 0x0843, 0x0843, 0x0843, 0x0843, 0x0843, 0x0843, 0x0843, 0x0843, 0x0843, 0x0843, 0x0843, 0x0843, 0x0843, 0x0843, 0x0843, 0x0843, 0x0843, 0x0843, 0x0843, 0x0843, 0x0843, 0x0843, 0x0843, 0xFFFF, 0xFFFF, 0x0000, 0x0000, 0x0843, 0x0843, 0x0843, 0x0843, 0x0843, 0x0843, 0x0843, 0x0843, 0x0843, 0x0843, 0x0843, 0x0843, 0x0843, 0x0843, 0x0843, 0x0843, 0x0843, 0x0843, 0x0843, 0x0843, 
    0x0843, 0x0843, 0x0843, 0xFFFF, 0x0843, 0x0000, 0x0843, 0x0843, 0x0843, 0x0843, 0x0843, 0x0843, 0x0843, 0x0843, 0x0843, 0x0843, 0x0843, 0x0843, 0x0843, 0x0843, 0x0843, 0x0843, 0x0843, 0x0843, 0x0843, 0x0843, 0x0843, 0x0843, 0x0843, 0x0843, 0x0843, 0x0843, 0x0843, 0x0843, 0x0843, 0x0843, 0x0843, 0x0843, 0x0843, 0x0843, 0xFFFF, 0x0843, 0x0843, 0x0000, 0x0843, 0x0843, 0x0843, 0x0843, 0x0843, 0x0843, 0x0843, 0x0843, 0x0843, 0x0843, 0x0843, 0x0843, 0x0843, 0x0843, 0x0843, 0x0843, 0x0843, 0x0843, 0x0843, 0x0843, 
    0x0843, 0x0843, 0x0843, 0xFFFF, 0x0843, 0x0000, 0x0843, 0x0843, 0x0843, 0x0843, 0x0843, 0x0843, 0x0843, 0x0843, 0x0843, 0x0843, 0x0843, 0x0843, 0x0843, 0x0843, 0x0843, 0x0843, 0x0843, 0x0843, 0x0843, 0x0843, 0x0843, 0x0843, 0x0843, 0x0843, 0x0843, 0x0843, 0x0843, 0x0843, 0x0843, 0x0843, 0x0843, 0x0843, 0x0843, 0x0843, 0xFFFF, 0x0843, 0x0843, 0x0000, 0x0843, 0x0843, 0x0843, 0x0843, 0x0843, 0x0843, 0x0843, 0x0843, 0x0843, 0x0843, 0x0843, 0x0843, 0x0843, 0x0843, 0x0843, 0x0843, 0x0843, 0x0843, 0x0843, 0x0843, 
    0x0843, 0x0843, 0x0843, 0xFFFF, 0x0843, 0x0000, 0x0843, 0x0843, 0x0843, 0x0843, 0x0843, 0x0843, 0x0843, 0x0843, 0x0843, 0x0843, 0x0843, 0x0843, 0x0843, 0x0843, 0x0843, 0x0843, 0x0843, 0x0843, 0x0843, 0x0843, 0x0843, 0x0843, 0x0843, 0x0843, 0x0843, 0x0843, 0x0843, 0x0843, 0x0843, 0x0843, 0x0843, 0x0843, 0x0843, 0x0843, 0xFFFF, 0x0843, 0x0843, 0x0000, 0x0843, 0x0843, 0x0843, 0x0843, 0x0843, 0x0843, 0x0843, 0x0843, 0x0843, 0x0843, 0x0843, 0x0843, 0x0843, 0x0843, 0x0843, 0x0843, 0x0843, 0x0843, 0x0843, 0x0843, 
    0x0843, 0x0843, 0x0843, 0xFFFF, 0x0843, 0x0000, 0x0843, 0x0843, 0x0843, 0x0843, 0x0843, 0x0843, 0x0843, 0x0843, 0x0843, 0x0843, 0x0843, 0x0843, 0x0843, 0x0843, 0x0843, 0x0843, 0x0843, 0x0843, 0x0843, 0x0843, 0x0843, 0x0843, 0x0843, 0x0843, 0x0843, 0x0843, 0x0843, 0x0843, 0x0843, 0x0843, 0x0843, 0x0843, 0x0843, 0x0843, 0xFFFF, 0x0843, 0x0843, 0x0000, 0x0843, 0x0843, 0x0843, 0x0843, 0x0843, 0x0843, 0x0843, 0x0843, 0x0843, 0x0843, 0x0843, 0x0843, 0x0843, 0x0843, 0x0843, 0x0843, 0x0843, 0x0843, 0x0843, 0x0843, 
    0x0843, 0x0843, 0x0843, 0xFFFF, 0x0843, 0x0000, 0x0843, 0x0843, 0x0843, 0x0843, 0x0843, 0x0843, 0x0843, 0x0843, 0x0843, 0x0843, 0x0843, 0x0843, 0x0843, 0x0843, 0x0843, 0x0843, 0x0843, 0x0843, 0x0843, 0x0843, 0x0843, 0x0843, 0x0843, 0x0843, 0x0843, 0x0843, 0x0843, 0x0843, 0x0843, 0x0843, 0x0843, 0x0843, 0x0843, 0x0843, 0xFFFF, 0x0843, 0x0843, 0x0000, 0x0843, 0x0843, 0x0843, 0x0843, 0x0843, 0x0843, 0x0843, 0x0843, 0x0843, 0x0843, 0x0843, 0x0843, 0x0843, 0x0843, 0x0843, 0x0843, 0x0843, 0x0843, 0x0843, 0x0843, 
    0x0843, 0x0843, 0xFFFF, 0xFFFF, 0x0000, 0x0000, 0x0843, 0x0843, 0x0843, 0x0843, 0x0843, 0x0843, 0x0843, 0x0843, 0x0843, 0x0843, 0x0843, 0x0843, 0x0843, 0x0843, 0x0843, 0x0843, 0x0843, 0x0843, 0x0843, 0x0843, 0x0843, 0x0843, 0x0843, 0x0843, 0x0843, 0x0843, 0x0843, 0x0843, 0x0843, 0x0843, 0x0843, 0x0843, 0x0843, 0x0843, 0xFFFF, 0xFFFF, 0x0000, 0x0000, 0x0843, 0x0843, 0x0843, 0x0843, 0x0843, 0x0843, 0x0843, 0x0843, 0x0843, 0x0843, 0x0843, 0x0843, 0x0843, 0x0843, 0x0843, 0x0843, 0x0843, 0x0843, 0x0843, 0x0843, 
    0x0843, 0x0843, 0x0843, 0xFFFF, 0x0843, 0x0000, 0x0843, 0x0843, 0x0843, 0x0843, 0x0843, 0x0843, 0x0843, 0x0843, 0x0843, 0x0843, 0x0843, 0x0843, 0x0843, 0x0843, 0x0843, 0x0843, 0x0843, 0x0843, 0x0843, 0x0843, 0x0843, 0x0843, 0x0843, 0x0843, 0x0843, 0x0843, 0x0843, 0x0843, 0x0843, 0x0843, 0x0843, 0x0843, 0x0843, 0x0843, 0xFFFF, 0x0843, 0x0843, 0x0000, 0x0843, 0x0843, 0x0843, 0x0843, 0x0843, 0x0843, 0x0843, 0x0843, 0x0843, 0x0843, 0x0843, 0x0843, 0x0843, 0x0843, 0x0843, 0x0843, 0x0843, 0x0843, 0x0843, 0x0843, 
    0x0843, 0x0843, 0x0843, 0xFFFF, 0x0843, 0x0000, 0x0843, 0x0843, 0x0843, 0x0843, 0x0843, 0x0843, 0x0843, 0x0843, 0x0843, 0x0843, 0x0843, 0x0843, 0x0843, 0x0843, 0x0843, 0x0843, 0x0843, 0x0843, 0x0843, 0x0843, 0x0843, 0x0843, 0x0843, 0x0843, 0x0843, 0x0843, 0x0843, 0x0843, 0x0843, 0x0843, 0x0843, 0x0843, 0x0843, 0x0843, 0xFFFF, 0x0843, 0x0843, 0x0000, 0x0843, 0x0843, 0x0843, 0x0843, 0x0843, 0x0843, 0x0843, 0x0843, 0x0843, 0x0843, 0x0843, 0x0843, 0x0843, 0x0843, 0x0843, 0x0843, 0x0843, 0x0843, 0x0843, 0x0843, 
    0x0843, 0x0843, 0x0843, 0xFFFF, 0x0843, 0x0000, 0x0843, 0x0843, 0x0843, 0x0843, 0x0843, 0x0843, 0x0843, 0x0843, 0x0843, 0x0843, 0x0843, 0x0843, 0x0843, 0x0843, 0x0843, 0x0843, 0x0843, 0x0843, 0x0843, 0x0843, 0x0843, 0x0843, 0x0843, 0x0843, 0x0843, 0x0843, 0x0843, 0x0843, 0x0843, 0x0843, 0x0843, 0x0843, 0x0843, 0x0843, 0xFFFF, 0x0843, 0x0843, 0x0000, 0x0843, 0x0843, 0x0843, 0x0843, 0x0843, 0x0843, 0x0843, 0x0843, 0x0843, 0x0843, 0x0843, 0x0843, 0x0843, 0x0843, 0x0843, 0x0843, 0x0843, 0x0843, 0x0843, 0x0843, 
    0x0843, 0x0843, 0x0843, 0xFFFF, 0x0843, 0x0000, 0x0843, 0x0843, 0x0843, 0x0843, 0x0843, 0x0843, 0x0843, 0x0843, 0x0843, 0x0843, 0x0843, 0x0843, 0x0843, 0x0843, 0x0843, 0x0843, 0x0843, 0x0843, 0x0843, 0x0843, 0x0843, 0x0843, 0x0843, 0x0843, 0x0843, 0x0843, 0x0843, 0x0843, 0x0843, 0x0843, 0x0843, 0x0843, 0x0843, 0x0843, 0xFFFF, 0x0843, 0x0843, 0x0000, 0x0843, 0x0843, 0x0843, 0x0843, 0x0843, 0x0843, 0x0843, 0x0843, 0x0843, 0x0843, 0x0843, 0x0843, 0x0843, 0x0843, 0x0843, 0x0843, 0x0843, 0x0843, 0x0843, 0x0843, 
    0x0843, 0x0843, 0x0843, 0xFFFF, 0x0843, 0x0000, 0x0843, 0x0843, 0x0843, 0x0843, 0x0843, 0x0843, 0x0843, 0x0843, 0x0843, 0x0843, 0x0843, 0x0843, 0x0843, 0x0843, 0x0843, 0x0843, 0x0843, 0x0843, 0x0843, 0x0843, 0x0843, 0x0843, 0x0843, 0x0843, 0x0843, 0x0843, 0x0843, 0x0843, 0x0843, 0x0843, 0x0843, 0x0843, 0x0843, 0x0843, 0xFFFF, 0x0843, 0x0843, 0x0000, 0x0843, 0x0843, 0x0843, 0x0843, 0x0843, 0x0843, 0x0843, 0x0843, 0x0843, 0x0843, 0x0843, 0x0843, 0x0843, 0x0843, 0x0843, 0x0843, 0x0843, 0x0843, 0x0843, 0x0843, 
    0x0843, 0x0843, 0xFFFF, 0xFFFF, 0x0000, 0x0000, 0x0843, 0x0843, 0x0843, 0x0843, 0x0843, 0x0843, 0x0843, 0x0843, 0x0843, 0x0843, 0x0843, 0x0843, 0x0843, 0x0843, 0x0843, 0x0843, 0x0843, 0x0843, 0x0843, 0x0843, 0x0843, 0x0843, 0x0843, 0x0843, 0x0843, 0x0843, 0x0843, 0x0843, 0x0843, 0x0843, 0x0843, 0x0843, 0x0843, 0x0843, 0xFFFF, 0xFFFF, 0x0000, 0x0000, 0x0843, 0x0843, 0x0843, 0x0843, 0x0843, 0x0843, 0x0843, 0x0843, 0x0843, 0x0843, 0x0843, 0x0843, 0x0843, 0x0843, 0x0843, 0x0843, 0x0843, 0x0843, 0x0843, 0x0843, 
    0x0843, 0x0843, 0x0843, 0xFFFF, 0x0843, 0x0000, 0x0843, 0x0843, 0x0843, 0x0843, 0x0843, 0x0843, 0x0843, 0x0843, 0x0843, 0x0843, 0x0843, 0x0843, 0x0843, 0x0843, 0x0843, 0x0843, 0x0843, 0x0843, 0x0843, 0x0843, 0x0843, 0x0843, 0x0843, 0x0843, 0x0843, 0x0843, 0x0843, 0x0843, 0x0843, 0x0843, 0x0843, 0x0843, 0x0843, 0x0843, 0xFFFF, 0x0843, 0x0843, 0x0000, 0x0843, 0x0843, 0x0843, 0x0843, 0x0843, 0x0843, 0x0843, 0x0843, 0x0843, 0x0843, 0x0843, 0x0843, 0x0843, 0x0843, 0x0843, 0x0843, 0x0843, 0x0843, 0x0843, 0x0843, 
    0x0843, 0x0843, 0x0843, 0xFFFF, 0x0843, 0x0000, 0x0843, 0x0843, 0x0843, 0x0843, 0x0843, 0x0843, 0x0843, 0x0843, 0x0843, 0x0843, 0x0843, 0x0843, 0x0843, 0x0843, 0x0843, 0x0843, 0x0843, 0x0843, 0x0843, 0x0843, 0x0843, 0x0843, 0x0843, 0x0843, 0x0843, 0x0843, 0x0843, 0x0843, 0x0843, 0x0843, 0x0843, 0x0843, 0x0843, 0x0843, 0xFFFF, 0x0843, 0x0843, 0x0000, 0x0843, 0x0843, 0x0843, 0x0843, 0x0843, 0x0843, 0x0843, 0x0843, 0x0843, 0x0843, 0x0843, 0x0843, 0x0843, 0x0843, 0x0843, 0x0843, 0x0843, 0x0843, 0x0843, 0x0843, 
    0x0843, 0x0843, 0x0843, 0xFFFF, 0x0843, 0x0000, 0x0843, 0x0843, 0x0843, 0x0843, 0x0843, 0x0843, 0x0843, 0x0843, 0x0843, 0x0843, 0x0843, 0x0843, 0x0843, 0x0843, 0x0843, 0x0843, 0x0843, 0x0843, 0x0843, 0x0843, 0x0843, 0x0843, 0x0843, 0x0843, 0x0843, 0x0843, 0x0843, 0x0843, 0x0843, 0x0843, 0x0843, 0x0843, 0x0843, 0x0843, 0xFFFF, 0x0843, 0x0843, 0x0000, 0x0843, 0x0843, 0x0843, 0x0843, 0x0843, 0x0843, 0x0843, 0x0843, 0x0843, 0x0843, 0x0843, 0x0843, 0x0843, 0x0843, 0x0843, 0x0843, 0x0843, 0x0843, 0x0843, 0x0843, 
    0x0843, 0x0843, 0x0843, 0xFFFF, 0x0843, 0x0000, 0x0843, 0x0843, 0x0843, 0x0843, 0x0843, 0x0843, 0x0843, 0x0843, 0x0843, 0x0843, 0x0843, 0x0843, 0x0843, 0x0843, 0x0843, 0x0843, 0x0843, 0x0843, 0x0843, 0x0843, 0x0843, 0x0843, 0x0843, 0x0843, 0x0843, 0x0843, 0x0843, 0x0843, 0x0843, 0x0843, 0x0843, 0x0843, 0x0843, 0x0843, 0xFFFF, 0x0843, 0x0843, 0x0000, 0x0843, 0x0843, 0x0843, 0x0843, 0x0843, 0x0843, 0x0843, 0x0843, 0x0843, 0x0843, 0x0843, 0x0843, 0x0843, 0x0843, 0x0843, 0x0843, 0x0843, 0x0843, 0x0843, 0x0843, 
    0x0843, 0x0843, 0x0843, 0xFFFF, 0x0843, 0x0000, 0x0843, 0x0843, 0x0843, 0x0843, 0x0843, 0x0843, 0x0843, 0x0843, 0x0843, 0x0843, 0x0843, 0x0843, 0x0843, 0x0843, 0x0843, 0x0843, 0x0843, 0x0843, 0x0843, 0x0843, 0x0843, 0x0843, 0x0843, 0x0843, 0x0843, 0x0843, 0x0843, 0x0843, 0x0843, 0x0843, 0x0843, 0x0843, 0x0843, 0x0843, 0xFFFF, 0x0843, 0x0843, 0x0000, 0x0843, 0x0843, 0x0843, 0x0843, 0x0843, 0x0843, 0x0843, 0x0843, 0x0843, 0x0843, 0x0843, 0x0843, 0x0843, 0x0843, 0x0843, 0x0843, 0x0843, 0x0843, 0x0843, 0x0843, 
    0x0843, 0x0843, 0xFFFF, 0xFFFF, 0x0000, 0x0000, 0x0843, 0x0843, 0x0843, 0x0843, 0x0843, 0x0843, 0x0843, 0x0843, 0x0843, 0x0843, 0x0843, 0x0843, 0x0843, 0x0843, 0x0843, 0x0843, 0x0843, 0x0843, 0x0843, 0x0843, 0x0843, 0x0843, 0x0843, 0x0843, 0x0843, 0x0843, 0x0843, 0x0843, 0x0843, 0x0843, 0x0843, 0x0843, 0x0843, 0x0843, 0xFFFF, 0xFFFF, 0x0000, 0x0000, 0x0843, 0x0843, 0x0843, 0x0843, 0x0843, 0x0843, 0x0843, 0x0843, 0x0843, 0x0843, 0x0843, 0x0843, 0x0843, 0x0843, 0x0843, 0x0843, 0x0843, 0x0843, 0x0843, 0x0843, 
    0x0843, 0x0843, 0x0843, 0xFFFF, 0x0843, 0x0000, 0x0843, 0x0843, 0x0843, 0x0843, 0x0843, 0x0843, 0x0843, 0x0843, 0x0843, 0x0843, 0x0843, 0x0843, 0x0843, 0x0843, 0x0843, 0x0843, 0x0843, 0x0843, 0x0843, 0x0843, 0x0843, 0x0843, 0x0843, 0x0843, 0x0843, 0x0843, 0x0843, 0x0843, 0x0843, 0x0843, 0x0843, 0x0843, 0x0843, 0x0843, 0xFFFF, 0x0843, 0x0843, 0x0000, 0x0843, 0x0843, 0x0843, 0x0843, 0x0843, 0x0843, 0x0843, 0x0843, 0x0843, 0x0843, 0x0843, 0x0843, 0x0843, 0x0843, 0x0843, 0x0843, 0x0843, 0x0843, 0x0843, 0x0843, 
    0x0843, 0x0843, 0x0843, 0xFFFF, 0x0843, 0x0000, 0x0843, 0x0843, 0x0843, 0x0843, 0x0843, 0x0843, 0x0843, 0x0843, 0x0843, 0x0843, 0x0843, 0x0843, 0x0843, 0x0843, 0x0843, 0x0843, 0x0843, 0x0843, 0x0843, 0x0843, 0x0843, 0x0843, 0x0843, 0x0843, 0x0843, 0x0843, 0x0843, 0x0843, 0x0843, 0x0843, 0x0843, 0x0843, 0x0843, 0x0843, 0xFFFF, 0x0843, 0x0843, 0x0000, 0x0843, 0x0843, 0x0843, 0x0843, 0x0843, 0x0843, 0x0843, 0x0843, 0x0843, 0x0843, 0x0843, 0x0843, 0x0843, 0x0843, 0x0843, 0x0843, 0x0843, 0x0843, 0x0843, 0x0843, 
};

const uint16_t menuRoadFigther[4096] = {
    0x2945, 0x2945, 0x2945, 0x2945, 0x2945, 0x2945, 0x2945, 0x2945, 0x2945, 0x2945, 0x2945, 0x2945, 0x2945, 0x2945, 0x2945, 0x2945, 0x2945, 0x2945, 0x2945, 0x2945, 0x2945, 0x2945, 0x2945, 0x2945, 0x2945, 0x2945, 0x2945, 0x2945, 0x2945, 0x2945, 0x2945, 0x2945, 0x2945, 0x2945, 0x2945, 0x2945, 0x2945, 0x2945, 0x2945, 0x2945, 0x2945, 0x2945, 0x2945, 0x2945, 0x2945, 0x2945, 0x2945, 0x2945, 0x2945, 0x2945, 0x2945, 0x2945, 0x2945, 0x2945, 0x2945, 0x2945, 0x2945, 0x2945, 0x2945, 0x2945, 0x2945, 0x2945, 0x2945, 0x0000, 
    0x2945, 0x2945, 0x2945, 0x2945, 0x2945, 0x2945, 0x2945, 0x2945, 0x2945, 0x2945, 0x2945, 0x2945, 0x2945, 0x2945, 0x2945, 0x2945, 0x2945, 0x2945, 0x2945, 0x2945, 0x2945, 0x2945, 0x2945, 0x2945, 0x2945, 0x2945, 0x2945, 0x2945, 0x2945, 0x2945, 0x2945, 0x2945, 0x2945, 0x2945, 0x2945, 0x2945, 0x2945, 0x2945, 0x0000, 0x2945, 0x2945, 0x2945, 0x0000, 0x2945, 0x2945, 0x2945, 0x0000, 0x2945, 0x2945, 0x2945, 0x0000, 0x2945, 0x0000, 0x2945, 0x0000, 0x2945, 0x0000, 0x2945, 0x0000, 0x2945, 0x0000, 0x2945, 0x0000, 0x2945, 
    0x2945, 0x2945, 0x2945, 0x2945, 0x2945, 0x2945, 0x2945, 0x2945, 0x2945, 0x2945, 0x2945, 0x2945, 0x2945, 0x2945, 0x2945, 0x2945, 0x2945, 0x2945, 0x2945, 0x2945, 0x2945, 0x2945, 0x2945, 0x2945, 0x2945, 0x2945, 0x2945, 0x2945, 0x2945, 0x2945, 0x2945, 0x2945, 0x2945, 0x2945, 0x2945, 0x2945, 0x2945, 0x2945, 0x2945, 0x2945, 0x2945, 0x2945, 0x2945, 0x2945, 0x2945, 0x2945, 0x2945, 0x2945, 0x2945, 0x2945, 0x2945, 0x2945, 0x2945, 0x0000, 0x2945, 0x2945, 0x2945, 0x0000, 0x2945, 0x2945, 0x2945, 0x0000, 0x2945, 0x2945, 
    0x2945, 0x2945, 0x2945, 0x2945, 0x2945, 0x2945, 0x2945, 0x2945, 0x2945, 0x2945, 0x2945, 0x2945, 0x2945, 0x2945, 0x2945, 0x2945, 0x2945, 0x2945, 0x2945, 0x2945, 0x2945, 0x2945, 0x2945, 0x2945, 0x2945, 0x2945, 0x2945, 0x2945, 0x2945, 0x2945, 0x2945, 0x2945, 0x2945, 0x2945, 0x2945, 0x2945, 0x0000, 0x2945, 0x2945, 0x2945, 0x0000, 0x2945, 0x2945, 0x2945, 0x0000, 0x2945, 0x0000, 0x2945, 0x0000, 0x2945, 0x0000, 0x2945, 0x0000, 0x2945, 0x0000, 0x2945, 0x0000, 0x2945, 0x0000, 0x2945, 0x0000, 0x2945, 0x0000, 0x2945, 
    0x2945, 0x2945, 0x2945, 0x2945, 0x2945, 0x2945, 0x2945, 0x2945, 0x2945, 0x2945, 0x2945, 0x2945, 0x2945, 0x2945, 0x2945, 0x2945, 0x2945, 0x2945, 0x2945, 0x2945, 0x2945, 0x2945, 0x2945, 0x2945, 0x2945, 0x2945, 0x2945, 0x2945, 0x2945, 0x2945, 0x2945, 0x2945, 0x2945, 0x2945, 0x2945, 0x2945, 0x2945, 0x2945, 0x2945, 0x2945, 0x2945, 0x2945, 0x2945, 0x2945, 0x2945, 0x2945, 0x2945, 0x2945, 0x2945, 0x2945, 0x2945, 0x2945, 0x2945, 0x2945, 0x2945, 0x2945, 0x2945, 0x2945, 0x2945, 0x0000, 0x2945, 0x2945, 0x2945, 0x0000, 
    0x2945, 0x2945, 0x2945, 0x2945, 0x2945, 0x2945, 0x2945, 0x2945, 0xE280, 0xE280, 0xE280, 0xE280, 0xE280, 0xFFFF, 0x2945, 0x2945, 0x2945, 0xE280, 0xE280, 0xE280, 0xE280, 0xFFFF, 0x2945, 0x2945, 0x2945, 0x2945, 0xE280, 0xE280, 0xE280, 0xE280, 0x2945, 0x2945, 0x2945, 0xE280, 0xE280, 0xE280, 0xE280, 0xE280, 0x0000, 0x2945, 0x2945, 0x2945, 0x0000, 0x2945, 0x2945, 0x2945, 0x0000, 0x2945, 0x0000, 0x2945, 0x0000, 0x2945, 0x0000, 0x2945, 0x0000, 0x2945, 0x0000, 0x2945, 0x0000, 0x2945, 0x0000, 0x2945, 0x0000, 0x2945, 
    0x2945, 0x2945, 0x2945, 0x2945, 0x2945, 0x2945, 0x2945, 0x2945, 0xE280, 0xE280, 0xE280, 0xE280, 0xE280, 0xE280, 0x2945, 0x2945, 0x2945, 0xE280, 0xE280, 0xE280, 0xE280, 0xE280, 0x2945, 0x2945, 0x2945, 0xE280, 0xE280, 0xE280, 0xE280, 0xE280, 0xFFFF, 0x2945, 0x2945, 0xE280, 0xE280, 0xE280, 0xE280, 0xE280, 0xFFFF, 0x2945, 0x2945, 0x2945, 0x2945, 0x2945, 0x2945, 0x2945, 0x2945, 0x2945, 0x2945, 0x0000, 0x2945, 0x2945, 0x2945, 0x0000, 0x2945, 0x2945, 0x2945, 0x0000, 0x2945, 0x0000, 0x2945, 0x0000, 0x2945, 0x0000, 
    0x2945, 0x2945, 0x2945, 0x2945, 0x2945, 0x2945, 0x2945, 0x2945, 0xE280, 0xE280, 0xFFFF, 0x2945, 0xE280, 0xE280, 0xFFFF, 0x2945, 0xE280, 0xE280, 0xFFFF, 0x2945, 0xE280, 0xE280, 0xFFFF, 0x2945, 0x2945, 0xE280, 0xE280, 0x2945, 0x2945, 0xE280, 0xE280, 0x2945, 0x0000, 0xE280, 0xE280, 0x2945, 0x0000, 0xE280, 0xE280, 0x2945, 0x0000, 0x2945, 0x0000, 0x2945, 0x0000, 0x2945, 0x0000, 0x2945, 0x0000, 0x2945, 0x0000, 0x2945, 0x0000, 0x2945, 0x0000, 0x2945, 0x0000, 0x2945, 0x0000, 0x2945, 0x0000, 0x2945, 0x0000, 0x2945, 
    0x2945, 0x2945, 0x2945, 0x2945, 0x2945, 0x2945, 0x2945, 0x2945, 0xE280, 0xE280, 0xFFFF, 0x2945, 0xE280, 0xE280, 0xFFFF, 0x2945, 0xE280, 0xE280, 0xFFFF, 0x2945, 0xE280, 0xE280, 0xFFFF, 0x2945, 0x2945, 0xE280, 0xE280, 0x2945, 0x2945, 0xE280, 0xE280, 0x2945, 0x2945, 0xE280, 0xE280, 0x2945, 0x2945, 0xE280, 0xE280, 0x2945, 0x2945, 0x2945, 0x2945, 0x2945, 0x2945, 0x2945, 0x2945, 0x2945, 0x2945, 0x2945, 0x2945, 0x2945, 0x2945, 0x2945, 0x2945, 0x0000, 0x2945, 0x2945, 0x2945, 0x0000, 0x2945, 0x2945, 0x2945, 0x0000, 
    0x2945, 0x2945, 0x2945, 0x2945, 0x2945, 0x2945, 0x2945, 0x2945, 0xE280, 0xE280, 0xE280, 0xE280, 0xE280, 0xE280, 0x2945, 0x2945, 0xE280, 0xE280, 0xFFFF, 0x2945, 0xE280, 0xE280, 0xFFFF, 0x2945, 0x2945, 0xE280, 0xE280, 0xE280, 0xE280, 0xE280, 0xE280, 0x2945, 0x2945, 0xE280, 0xE280, 0x2945, 0x2945, 0xE280, 0xE280, 0x2945, 0x2945, 0x2945, 0x0000, 0x2945, 0x0000, 0x2945, 0x0000, 0x2945, 0x0000, 0x2945, 0x0000, 0x2945, 0x0000, 0x2945, 0x0000, 0x2945, 0x0000, 0x2945, 0x0000, 0x2945, 0x0000, 0x2945, 0x0000, 0x2945, 
    0x2945, 0x2945, 0x2945, 0x2945, 0x2945, 0x2945, 0x2945, 0x2945, 0xE280, 0xE280, 0xE280, 0xE280, 0xE280, 0xE280, 0x2945, 0x2945, 0xE280, 0xE280, 0xFFFF, 0x2945, 0xE280, 0xE280, 0xFFFF, 0x2945, 0x2945, 0xE280, 0xE280, 0xE280, 0xE280, 0xE280, 0xE280, 0x2945, 0x2945, 0xE280, 0xE280, 0x2945, 0x2945, 0xE280, 0xE280, 0x2945, 0x2945, 0x2945, 0x2945, 0x2945, 0x2945, 0x2945, 0x2945, 0x2945, 0x2945, 0x0000, 0x2945, 0x2945, 0x2945, 0x0000, 0x2945, 0x2945, 0x2945, 0x0000, 0x2945, 0x0000, 0x2945, 0x0000, 0x2945, 0x0000, 
    0x2945, 0x2945, 0x2945, 0x2945, 0x2945, 0x2945, 0x2945, 0x2945, 0xE280, 0xE280, 0xFFFF, 0xE280, 0xE280, 0x2945, 0x2945, 0x2945, 0xE280, 0xE280, 0xFFFF, 0x2945, 0xE280, 0xE280, 0xFFFF, 0x2945, 0x2945, 0xE280, 0xE280, 0x2945, 0x0000, 0xE280, 0xE280, 0x2945, 0x0000, 0xE280, 0xE280, 0x2945, 0x0000, 0xE280, 0xE280, 0x2945, 0x0000, 0x2945, 0x0000, 0x2945, 0x0000, 0x2945, 0x0000, 0x2945, 0x0000, 0x2945, 0x0000, 0x2945, 0x0000, 0x2945, 0x0000, 0x2945, 0x0000, 0x2945, 0x0000, 0x2945, 0x0000, 0x2945, 0x0000, 0x2945, 
    0x2945, 0x2945, 0x2945, 0x2945, 0x2945, 0x2945, 0x2945, 0x2945, 0xE280, 0xE280, 0xFFFF, 0x2945, 0xE280, 0xE280, 0x2945, 0x2945, 0xE280, 0xE280, 0xFFFF, 0x2945, 0xE280, 0xE280, 0xFFFF, 0x2945, 0x2945, 0xE280, 0xE280, 0x2945, 0x2945, 0xE280, 0xE280, 0x2945, 0x2945, 0xE280, 0xE280, 0x2945, 0x2945, 0xE280, 0xE280, 0x2945, 0x2945, 0x2945, 0x2945, 0x2945, 0x2945, 0x2945, 0x2945, 0x2945, 0x2945, 0x2945, 0x2945, 0x0000, 0x2945, 0x2945, 0x2945, 0x0000, 0x2945, 0x2945, 0x2945, 0x0000, 0x2945, 0x2945, 0x2945, 0x0000, 
    0x2945, 0x2945, 0x2945, 0x2945, 0x2945, 0x2945, 0x2945, 0x2945, 0xE280, 0xE280, 0xFFFF, 0x2945, 0xE280, 0xE280, 0xFFFF, 0x2945, 0x2945, 0xE280, 0xE280, 0xE280, 0xE280, 0xE280, 0x2945, 0x2945, 0x2945, 0xE280, 0xE280, 0x2945, 0x2945, 0xE280, 0xE280, 0x2945, 0x2945, 0xE280, 0xE280, 0xE280, 0xE280, 0xE280, 0xFFFF, 0x2945, 0x0000, 0x2945, 0x0000, 0x2945, 0x0000, 0x2945, 0x0000, 0x2945, 0x0000, 0x2945, 0x0000, 0x2945, 0x0000, 0x2945, 0x0000, 0x2945, 0x0000, 0x2945, 0x0000, 0x2945, 0x0000, 0x2945, 0x0000, 0x2945, 
    0x2945, 0x2945, 0x2945, 0x2945, 0x2945, 0x2945, 0x2945, 0x2945, 0xE280, 0xE280, 0xFFFF, 0x2945, 0xE280, 0xE280, 0xFFFF, 0x2945, 0x2945, 0xE280, 0xE280, 0xE280, 0xE280, 0xE280, 0x2945, 0x2945, 0x2945, 0xE280, 0xE280, 0x2945, 0x2945, 0xE280, 0xE280, 0x2945, 0x2945, 0xE280, 0xE280, 0xE280, 0xE280, 0xE280, 0x2945, 0x2945, 0x2945, 0x2945, 0x2945, 0x2945, 0x2945, 0x0000, 0x2945, 0x2945, 0x2945, 0x0000, 0x2945, 0x2945, 0x2945, 0x0000, 0x2945, 0x0000, 0x2945, 0x0000, 0x2945, 0x0000, 0x2945, 0x0000, 0x2945, 0x0000, 
    0x2945, 0x2945, 0x2945, 0x2945, 0x2945, 0x2945, 0x2945, 0x2945, 0x2945, 0x2945, 0x2945, 0x2945, 0x2945, 0x2945, 0x2945, 0x2945, 0x2945, 0x2945, 0x2945, 0x2945, 0x2945, 0x2945, 0x2945, 0x2945, 0x0000, 0x2945, 0x2945, 0x2945, 0x0000, 0x2945, 0x2945, 0x2945, 0x0000, 0x2945, 0x0000, 0x2945, 0x0000, 0x2945, 0x0000, 0x2945, 0x0000, 0x2945, 0x0000, 0x2945, 0x0000, 0x2945, 0x0000, 0x2945, 0x0000, 0x2945, 0x0000, 0x2945, 0x0000, 0x2945, 0x0000, 0x2945, 0x0000, 0x2945, 0x0000, 0x2945, 0x0000, 0x2945, 0x0000, 0x2945, 
    0x2945, 0x2945, 0x2945, 0x2945, 0x2945, 0x2945, 0x2945, 0x2945, 0x2945, 0x2945, 0x2945, 0x2945, 0x2945, 0x2945, 0x2945, 0x2945, 0x2945, 0x2945, 0x2945, 0x2945, 0x2945, 0x2945, 0x2945, 0x2945, 0x2945, 0x2945, 0x2945, 0x2945, 0x2945, 0x2945, 0x2945, 0x2945, 0x2945, 0x2945, 0x2945, 0x2945, 0x2945, 0x2945, 0x2945, 0x2945, 0x2945, 0x2945, 0x2945, 0x2945, 0x2945, 0x2945, 0x2945, 0x0000, 0x2945, 0x2945, 0x2945, 0x0000, 0x2945, 0x2945, 0x2945, 0x0000, 0x2945, 0x2945, 0x2945, 0x0000, 0x2945, 0x0000, 0x2945, 0x0000, 
    0x2945, 0x2945, 0x2945, 0x2945, 0x2945, 0x2945, 0x2945, 0x2945, 0xE280, 0xE280, 0xE280, 0xE280, 0xE280, 0xE280, 0x2945, 0x2945, 0xE280, 0xE280, 0xFFFF, 0x2945, 0x2945, 0x2945, 0xE280, 0xE280, 0xE280, 0x2945, 0x2945, 0x2945, 0xE280, 0xE280, 0xFFFF, 0x2945, 0xE280, 0xE280, 0xE280, 0x2945, 0x0000, 0xE280, 0xE280, 0xE280, 0xE280, 0xE280, 0xE280, 0x2945, 0x0000, 0xE280, 0xE280, 0xE280, 0xE280, 0xE280, 0xE280, 0x2945, 0x0000, 0xE280, 0xE280, 0xE280, 0xE280, 0xFFFF, 0x0000, 0x2945, 0x0000, 0x2945, 0x0000, 0x2945, 
    0x2945, 0x2945, 0x2945, 0x2945, 0x2945, 0x2945, 0x2945, 0x2945, 0xE280, 0xE280, 0xE280, 0xE280, 0xE280, 0xE280, 0x2945, 0x2945, 0xE280, 0xE280, 0xFFFF, 0x2945, 0x2945, 0xE280, 0xE280, 0xE280, 0xE280, 0xE280, 0x2945, 0x2945, 0xE280, 0xE280, 0xFFFF, 0x2945, 0xE280, 0xE280, 0xE280, 0x2945, 0x2945, 0xE280, 0xE280, 0xE280, 0xE280, 0xE280, 0xE280, 0x2945, 0x2945, 0xE280, 0xE280, 0xE280, 0xE280, 0xE280, 0xE280, 0x2945, 0x2945, 0xE280, 0xE280, 0xE280, 0xE280, 0xE280, 0xFFFF, 0x0000, 0x2945, 0x0000, 0x2945, 0x0000, 
    0x2945, 0x2945, 0x2945, 0x2945, 0x2945, 0x2945, 0x2945, 0x2945, 0xE280, 0xE280, 0x2945, 0x2945, 0x2945, 0x2945, 0x2945, 0x2945, 0xE280, 0xE280, 0xFFFF, 0x2945, 0xE280, 0xE280, 0xFFFF, 0x2945, 0xE280, 0xE280, 0x2945, 0x2945, 0xE280, 0xE280, 0xFFFF, 0x2945, 0xE280, 0xE280, 0xE280, 0x2945, 0x0000, 0x2945, 0x0000, 0xE280, 0xE280, 0x2945, 0x0000, 0x2945, 0x0000, 0xE280, 0xE280, 0x2945, 0x0000, 0x2945, 0x0000, 0x2945, 0x0000, 0xE280, 0xE280, 0x2945, 0x0000, 0xE280, 0xE280, 0x2945, 0x0000, 0x0000, 0x0000, 0x2945, 
    0x2945, 0x2945, 0x2945, 0x2945, 0x2945, 0x2945, 0x2945, 0x2945, 0xE280, 0xE280, 0x2945, 0x2945, 0x2945, 0x2945, 0x2945, 0x2945, 0xE280, 0xE280, 0xFFFF, 0x2945, 0xE280, 0xE280, 0xFFFF, 0x2945, 0x2945, 0x2945, 0x2945, 0x2945, 0xE280, 0xE280, 0xFFFF, 0x2945, 0xE280, 0xE280, 0xE280, 0x2945, 0x2945, 0x2945, 0x2945, 0xE280, 0xE280, 0x2945, 0x2945, 0x0000, 0x2945, 0xE280, 0xE280, 0x0000, 0x2945, 0x2945, 0x2945, 0x0000, 0x2945, 0xE280, 0xE280, 0x0000, 0x2945, 0xE280, 0xE280, 0x0000, 0x2945, 0x0000, 0x2945, 0x0000, 
    0x2945, 0x2945, 0x2945, 0x2945, 0x2945, 0x2945, 0x2945, 0x2945, 0xE280, 0xE280, 0xE280, 0xE280, 0x2945, 0x2945, 0x2945, 0x2945, 0xE280, 0xE280, 0xFFFF, 0x2945, 0xE280, 0xE280, 0xFFFF, 0xE280, 0xE280, 0xE280, 0xFFFF, 0x2945, 0xE280, 0xE280, 0xE280, 0xE280, 0xE280, 0xE280, 0xE280, 0x2945, 0x0000, 0x2945, 0x0000, 0xE280, 0xE280, 0x2945, 0x0000, 0x2945, 0x0000, 0xE280, 0xE280, 0xE280, 0xE280, 0xE280, 0xE280, 0x2945, 0x0000, 0xE280, 0xE280, 0xE280, 0xE280, 0xE280, 0xE280, 0x2945, 0x0000, 0x2945, 0x0000, 0x2945, 
    0x2945, 0x2945, 0x2945, 0x2945, 0x2945, 0x2945, 0x2945, 0x2945, 0xE280, 0xE280, 0xE280, 0xE280, 0x2945, 0x2945, 0x2945, 0x2945, 0xE280, 0xE280, 0xFFFF, 0x2945, 0xE280, 0xE280, 0xFFFF, 0xE280, 0xE280, 0xE280, 0xFFFF, 0x2945, 0xE280, 0xE280, 0xE280, 0xE280, 0xE280, 0xE280, 0xE280, 0x2945, 0x2945, 0x2945, 0x2945, 0xE280, 0xE280, 0x0000, 0x2945, 0x2945, 0x2945, 0xE280, 0xE280, 0xE280, 0xE280, 0xE280, 0xE280, 0x0000, 0x2945, 0xE280, 0xE280, 0xE280, 0xE280, 0xE280, 0xFFFF, 0x0000, 0x2945, 0x0000, 0x2945, 0x0000, 
    0x2945, 0x2945, 0x2945, 0x2945, 0x2945, 0x2945, 0x2945, 0x2945, 0xE280, 0xE280, 0x2945, 0x2945, 0x2945, 0x2945, 0x2945, 0x2945, 0xE280, 0xE280, 0xFFFF, 0x2945, 0xE280, 0xE280, 0xFFFF, 0x2945, 0xE280, 0xE280, 0xFFFF, 0x2945, 0xE280, 0xE280, 0xFFFF, 0x2945, 0xE280, 0xE280, 0xE280, 0x2945, 0x0000, 0x2945, 0x0000, 0xE280, 0xE280, 0x2945, 0x0000, 0x2945, 0x0000, 0xE280, 0xE280, 0x2945, 0x0000, 0x2945, 0x0000, 0x2945, 0x0000, 0xE280, 0xE280, 0xFFFF, 0xE280, 0xFFFF, 0x0000, 0x2945, 0x0000, 0x0000, 0x0000, 0x2945, 
    0x2945, 0x2945, 0x2945, 0x2945, 0x2945, 0x2945, 0x2945, 0x2945, 0xE280, 0xE280, 0x2945, 0x2945, 0x2945, 0x2945, 0x2945, 0x2945, 0xE280, 0xE280, 0xFFFF, 0x2945, 0xE280, 0xE280, 0xFFFF, 0x2945, 0xE280, 0xE280, 0xFFFF, 0x2945, 0xE280, 0xE280, 0xFFFF, 0x2945, 0xE280, 0xE280, 0xE280, 0x2945, 0x2945, 0x2945, 0x2945, 0xE280, 0xE280, 0x2945, 0x2945, 0x0000, 0x2945, 0xE280, 0xE280, 0x0000, 0x2945, 0x2945, 0x2945, 0x0000, 0x2945, 0xE280, 0xE280, 0x0000, 0x2945, 0xE280, 0xFFFF, 0x0000, 0x2945, 0x0000, 0x2945, 0x0000, 
    0x2945, 0x2945, 0x2945, 0x2945, 0x2945, 0x2945, 0x2945, 0x2945, 0xE280, 0xE280, 0x2945, 0x2945, 0x2945, 0x2945, 0x2945, 0x2945, 0xE280, 0xE280, 0xFFFF, 0x2945, 0xE280, 0xE280, 0xFFFF, 0x2945, 0xE280, 0xE280, 0xFFFF, 0x2945, 0xE280, 0xE280, 0xFFFF, 0x2945, 0xE280, 0xE280, 0xE280, 0x2945, 0x0000, 0x2945, 0x0000, 0xE280, 0xE280, 0x2945, 0x0000, 0x2945, 0x0000, 0xE280, 0xE280, 0x2945, 0x0000, 0x2945, 0x0000, 0x2945, 0x0000, 0xE280, 0xE280, 0x2945, 0x0000, 0xE280, 0xE280, 0x2945, 0x0000, 0x2945, 0x0000, 0x0000, 
    0x2945, 0x2945, 0x2945, 0x2945, 0x2945, 0x2945, 0x2945, 0x2945, 0xE280, 0xE280, 0x2945, 0x2945, 0x2945, 0x2945, 0x2945, 0x2945, 0xE280, 0xE280, 0xFFFF, 0x2945, 0x2945, 0xE280, 0xE280, 0xE280, 0xE280, 0xE280, 0xFFFF, 0x2945, 0xE280, 0xE280, 0xFFFF, 0x2945, 0xE280, 0xE280, 0xE280, 0x2945, 0x2945, 0x0000, 0x2945, 0xE280, 0xE280, 0x0000, 0x2945, 0x2945, 0x2945, 0xE280, 0xE280, 0xE280, 0xE280, 0xE280, 0xE280, 0x0000, 0x2945, 0xE280, 0xE280, 0x0000, 0x2945, 0xE280, 0xE280, 0x0000, 0x2945, 0x0000, 0x2945, 0x0000, 
    0x2945, 0x2945, 0x2945, 0x2945, 0x2945, 0x2945, 0x2945, 0x2945, 0xFFFF, 0xFFFF, 0x2945, 0x2945, 0x0000, 0x2945, 0x2945, 0x2945, 0xFFFF, 0xFFFF, 0xFFFF, 0x2945, 0x0000, 0x2945, 0xFFFF, 0xFFFF, 0xFFFF, 0xFFFF, 0xFFFF, 0x2945, 0xFFFF, 0xFFFF, 0xFFFF, 0x2945, 0xFFFF, 0xFFFF, 0xFFFF, 0x2945, 0x0000, 0x2945, 0x0000, 0xFFFF, 0xFFFF, 0x2945, 0x0000, 0x2945, 0x0000, 0xFFFF, 0xFFFF, 0xFFFF, 0xFFFF, 0xFFFF, 0xFFFF, 0x2945, 0x0000, 0xFFFF, 0xFFFF, 0x2945, 0x0000, 0xFFFF, 0xFFFF, 0x2945, 0x0000, 0x0000, 0x0000, 0x2945, 
    0x2945, 0x2945, 0x2945, 0x2945, 0x2945, 0x2945, 0x2945, 0x2945, 0x2945, 0x2945, 0x2945, 0x2945, 0x2945, 0x2945, 0x2945, 0x2945, 0x2945, 0x2945, 0x2945, 0x2945, 0x2945, 0x2945, 0x2945, 0x2945, 0x2945, 0x2945, 0x2945, 0x2945, 0x2945, 0x2945, 0x2945, 0x2945, 0x2945, 0x2945, 0x2945, 0x0000, 0x2945, 0x2945, 0x2945, 0x0000, 0x2945, 0x2945, 0x2945, 0x0000, 0x2945, 0x2945, 0x2945, 0x0000, 0x2945, 0x0000, 0x2945, 0x0000, 0x2945, 0x0000, 0x2945, 0x0000, 0x2945, 0x0000, 0x2945, 0x0000, 0x2945, 0x0000, 0x2945, 0x0000, 
    0x2945, 0x2945, 0x2945, 0x2945, 0x2945, 0x2945, 0x2945, 0x2945, 0x2945, 0x2945, 0x2945, 0x2945, 0x2945, 0x2945, 0x2945, 0x2945, 0x2945, 0x2945, 0x0000, 0x2945, 0x2945, 0x2945, 0x0000, 0x2945, 0x0000, 0x2945, 0x0000, 0x2945, 0x0000, 0x2945, 0x0000, 0x2945, 0x0000, 0x2945, 0x0000, 0x2945, 0x0000, 0x2945, 0x0000, 0x2945, 0x0000, 0x2945, 0x0000, 0x2945, 0x0000, 0x2945, 0x0000, 0x2945, 0x0000, 0x2945, 0x0000, 0x2945, 0x0000, 0x2945, 0x0000, 0x2945, 0x0000, 0x2945, 0x0000, 0x0000, 0x0000, 0x2945, 0x0000, 0x0000, 
    0x2945, 0x2945, 0x2945, 0x2945, 0x2945, 0x2945, 0x2945, 0x2945, 0x2945, 0x2945, 0x2945, 0x2945, 0x2945, 0x2945, 0x2945, 0x2945, 0x2945, 0x2945, 0x2945, 0x2945, 0x2945, 0x2945, 0x2945, 0x2945, 0x2945, 0x2945, 0x2945, 0x2945, 0x2945, 0x2945, 0x2945, 0x2945, 0x2945, 0x0000, 0x2945, 0x2945, 0x2945, 0x0000, 0x2945, 0x2945, 0x2945, 0x0000, 0x2945, 0x0000, 0x2945, 0x0000, 0x2945, 0x0000, 0x2945, 0x0000, 0x2945, 0x0000, 0x2945, 0x0000, 0x2945, 0x0000, 0x2945, 0x0000, 0x2945, 0x0000, 0x2945, 0x0000, 0x2945, 0x0000, 
    0x2945, 0x2945, 0x2945, 0x2945, 0x2945, 0x2945, 0x2945, 0x2945, 0x0000, 0x2945, 0x2945, 0x2945, 0x0000, 0x2945, 0x2945, 0x2945, 0x0000, 0x2945, 0x0000, 0x2945, 0x0000, 0x2945, 0x0000, 0x2945, 0x0000, 0x2945, 0x0000, 0x2945, 0x0000, 0x2945, 0x0000, 0x2945, 0x0000, 0x2945, 0x0000, 0x2945, 0x0000, 0x2945, 0x0000, 0x2945, 0x0000, 0x2945, 0x0000, 0x2945, 0x0000, 0x2945, 0x0000, 0x2945, 0x0000, 0x0000, 0x0000, 0x2945, 0x0000, 0x0000, 0x0000, 0x2945, 0x0000, 0x0000, 0x0000, 0x0000, 0x0000, 0x0000, 0x0000, 0x0000, 
    0x2945, 0x2945, 0x2945, 0x2945, 0x2945, 0x2945, 0x2945, 0x2945, 0x2945, 0x2945, 0x2945, 0x2945, 0x2945, 0x2945, 0x2945, 0xFFFF, 0x2945, 0x2945, 0x2945, 0x2945, 0x2945, 0xFFFF, 0xFFFF, 0xFFFF, 0x2945, 0x2945, 0xFFFF, 0x2945, 0x2945, 0x2945, 0x2945, 0xFFFF, 0xFFFF, 0x2945, 0x2945, 0xFFFF, 0xFFFF, 0x2945, 0xFFFF, 0xFFFF, 0x2945, 0x2945, 0xFFFF, 0xFFFF, 0x2945, 0xFFFF, 0xFFFF, 0xFFFF, 0x2945, 0x0000, 0x2945, 0x0000, 0x2945, 0x0000, 0x2945, 0x0000, 0x2945, 0x0000, 0x2945, 0x0000, 0x2945, 0x0000, 0x2945, 0x0000, 
    0x2945, 0x2945, 0x2945, 0x2945, 0x2945, 0x2945, 0x2945, 0x2945, 0x2945, 0x2945, 0x2945, 0x2945, 0x2945, 0x2945, 0xFFFF, 0xFFFF, 0x2945, 0x2945, 0x0000, 0x2945, 0x2945, 0xFFFF, 0x0000, 0x2945, 0xFFFF, 0x2945, 0xFFFF, 0x2945, 0x0000, 0x2945, 0xFFFF, 0x2945, 0x0000, 0xFFFF, 0x0000, 0x2945, 0xFFFF, 0x2945, 0xFFFF, 0x2945, 0x0000, 0xFFFF, 0x0000, 0x2945, 0x0000, 0xFFFF, 0x0000, 0x2945, 0xFFFF, 0x2945, 0x0000, 0x2945, 0x0000, 0x2945, 0x0000, 0x0000, 0x0000, 0x2945, 0x0000, 0x0000, 0x0000, 0x2945, 0x0000, 0x0000, 
    0x2945, 0x2945, 0x2945, 0x2945, 0x2945, 0x2945, 0x2945, 0x2945, 0x2945, 0x2945, 0x2945, 0x2945, 0x2945, 0xFFFF, 0x2945, 0xFFFF, 0x2945, 0x2945, 0x2945, 0x2945, 0x2945, 0xFFFF, 0x2945, 0x2945, 0xFFFF, 0x2945, 0xFFFF, 0x2945, 0x2945, 0x0000, 0xFFFF, 0x2945, 0x2945, 0xFFFF, 0x2945, 0x2945, 0xFFFF, 0x0000, 0xFFFF, 0x0000, 0x2945, 0xFFFF, 0x2945, 0x0000, 0x2945, 0xFFFF, 0x2945, 0x0000, 0xFFFF, 0x0000, 0x2945, 0x0000, 0x2945, 0x0000, 0x2945, 0x0000, 0x2945, 0x0000, 0x2945, 0x0000, 0x2945, 0x0000, 0x2945, 0x0000, 
    0x2945, 0x2945, 0x2945, 0x2945, 0x0000, 0x2945, 0x2945, 0x2945, 0x0000, 0x2945, 0x2945, 0x2945, 0x0000, 0x2945, 0x2945, 0xFFFF, 0x0000, 0x2945, 0x0000, 0x2945, 0x0000, 0xFFFF, 0xFFFF, 0xFFFF, 0x0000, 0x2945, 0xFFFF, 0x2945, 0x0000, 0x2945, 0xFFFF, 0xFFFF, 0xFFFF, 0xFFFF, 0x0000, 0x2945, 0x0000, 0xFFFF, 0x0000, 0x2945, 0x0000, 0xFFFF, 0xFFFF, 0xFFFF, 0x0000, 0xFFFF, 0xFFFF, 0xFFFF, 0x0000, 0x0000, 0x0000, 0x2945, 0x0000, 0x0000, 0x0000, 0x2945, 0x0000, 0x0000, 0x0000, 0x0000, 0x0000, 0x0000, 0x0000, 0x0000, 
    0x2945, 0x2945, 0x2945, 0x2945, 0x2945, 0x2945, 0x2945, 0x2945, 0x2945, 0x2945, 0x2945, 0x2945, 0x2945, 0x2945, 0x2945, 0xFFFF, 0x2945, 0x2945, 0x2945, 0x2945, 0x2945, 0xFFFF, 0x2945, 0x2945, 0x2945, 0x2945, 0xFFFF, 0x2945, 0x2945, 0x2945, 0xFFFF, 0x0000, 0x2945, 0xFFFF, 0x2945, 0x0000, 0x2945, 0xFFFF, 0x2945, 0x0000, 0x2945, 0xFFFF, 0x2945, 0x0000, 0x2945, 0xFFFF, 0x2945, 0xFFFF, 0x2945, 0x0000, 0x2945, 0x0000, 0x2945, 0x0000, 0x2945, 0x0000, 0x2945, 0x0000, 0x2945, 0x0000, 0x2945, 0x0000, 0x2945, 0x0000, 
    0x2945, 0x2945, 0x2945, 0x2945, 0x2945, 0x2945, 0x2945, 0x2945, 0x2945, 0x2945, 0x0000, 0x2945, 0x2945, 0x2945, 0x0000, 0xFFFF, 0x2945, 0x2945, 0x0000, 0x2945, 0x0000, 0xFFFF, 0x0000, 0x2945, 0x0000, 0x2945, 0xFFFF, 0x2945, 0x0000, 0x2945, 0xFFFF, 0x2945, 0x0000, 0xFFFF, 0x0000, 0x2945, 0x0000, 0xFFFF, 0x0000, 0x2945, 0x0000, 0xFFFF, 0x0000, 0x2945, 0x0000, 0xFFFF, 0x0000, 0x2945, 0xFFFF, 0x2945, 0x0000, 0x0000, 0x0000, 0x2945, 0x0000, 0x0000, 0x0000, 0x2945, 0x0000, 0x0000, 0x0000, 0x2945, 0x0000, 0x0000, 
    0x2945, 0x2945, 0x2945, 0x2945, 0x2945, 0x2945, 0x2945, 0x2945, 0x2945, 0x2945, 0x2945, 0x2945, 0x2945, 0xFFFF, 0xFFFF, 0xFFFF, 0xFFFF, 0xFFFF, 0x2945, 0x2945, 0x2945, 0xFFFF, 0x2945, 0x2945, 0x2945, 0x0000, 0xFFFF, 0xFFFF, 0xFFFF, 0x0000, 0xFFFF, 0x2945, 0x2945, 0xFFFF, 0x2945, 0x0000, 0x2945, 0xFFFF, 0x2945, 0x0000, 0x2945, 0x0000, 0xFFFF, 0xFFFF, 0x2945, 0xFFFF, 0x2945, 0x0000, 0xFFFF, 0x0000, 0x2945, 0x0000, 0x2945, 0x0000, 0x2945, 0x0000, 0x2945, 0x0000, 0x2945, 0x0000, 0x2945, 0x0000, 0x2945, 0x0000, 
    0x0000, 0x2945, 0x2945, 0x2945, 0x0000, 0x2945, 0x2945, 0x2945, 0x0000, 0x2945, 0x0000, 0x2945, 0x0000, 0x2945, 0x0000, 0x2945, 0x0000, 0x2945, 0x0000, 0x2945, 0x0000, 0x2945, 0x0000, 0x2945, 0x0000, 0x2945, 0x0000, 0x2945, 0x0000, 0x2945, 0x0000, 0x2945, 0x0000, 0x2945, 0x0000, 0x2945, 0x0000, 0x2945, 0x0000, 0x2945, 0x0000, 0x2945, 0x0000, 0x2945, 0x0000, 0x0000, 0x0000, 0x2945, 0x0000, 0x0000, 0x0000, 0x2945, 0x0000, 0x0000, 0x0000, 0x0000, 0x0000, 0x0000, 0x0000, 0x0000, 0x0000, 0x0000, 0x0000, 0x0000, 
    0x2945, 0x2945, 0x2945, 0x2945, 0x2945, 0x2945, 0x2945, 0x2945, 0x2945, 0x2945, 0x2945, 0x2945, 0x2945, 0x2945, 0x2945, 0x2945, 0x2945, 0x2945, 0x2945, 0x2945, 0x2945, 0x2945, 0x2945, 0x2945, 0x2945, 0x2945, 0x2945, 0x2945, 0x2945, 0x2945, 0x2945, 0x0000, 0x2945, 0x2945, 0x2945, 0x0000, 0x2945, 0x0000, 0x2945, 0x0000, 0x2945, 0x0000, 0x2945, 0x0000, 0x2945, 0x0000, 0x2945, 0x0000, 0x2945, 0x0000, 0x2945, 0x0000, 0x2945, 0x0000, 0x2945, 0x0000, 0x2945, 0x0000, 0x2945, 0x0000, 0x2945, 0x0000, 0x2945, 0x0000, 
    0x2945, 0x2945, 0x2945, 0x2945, 0x2945, 0x2945, 0x0000, 0x2945, 0x2945, 0x2945, 0x0000, 0x2945, 0x2945, 0x2945, 0xFFFF, 0xFFFF, 0xFFFF, 0x2945, 0x0000, 0x2945, 0x0000, 0xFFFF, 0xFFFF, 0xFFFF, 0x0000, 0x2945, 0xFFFF, 0x2945, 0x0000, 0x2945, 0x0000, 0xFFFF, 0xFFFF, 0x2945, 0x0000, 0xFFFF, 0xFFFF, 0x2945, 0xFFFF, 0xFFFF, 0x0000, 0x2945, 0xFFFF, 0xFFFF, 0x0000, 0xFFFF, 0xFFFF, 0xFFFF, 0x0000, 0x2945, 0x0000, 0x0000, 0x0000, 0x2945, 0x0000, 0x0000, 0x0000, 0x2945, 0x0000, 0x0000, 0x0000, 0x0000, 0x0000, 0x0000, 
    0x2945, 0x2945, 0x2945, 0x2945, 0x2945, 0x2945, 0x2945, 0x2945, 0x2945, 0x2945, 0x2945, 0x2945, 0x2945, 0xFFFF, 0x2945, 0x2945, 0x2945, 0xFFFF, 0x2945, 0x2945, 0x2945, 0xFFFF, 0x2945, 0x2945, 0xFFFF, 0x0000, 0xFFFF, 0x2945, 0x2945, 0x0000, 0xFFFF, 0x0000, 0x2945, 0xFFFF, 0x2945, 0x0000, 0xFFFF, 0x0000, 0xFFFF, 0x0000, 0x2945, 0xFFFF, 0x2945, 0x0000, 0x2945, 0xFFFF, 0x2945, 0x0000, 0xFFFF, 0x0000, 0x2945, 0x0000, 0x2945, 0x0000, 0x2945, 0x0000, 0x2945, 0x0000, 0x2945, 0x0000, 0x2945, 0x0000, 0x2945, 0x0000, 
    0x0000, 0x2945, 0x2945, 0x2945, 0x0000, 0x2945, 0x2945, 0x2945, 0x0000, 0x2945, 0x2945, 0x2945, 0x0000, 0x2945, 0x0000, 0x2945, 0x0000, 0xFFFF, 0x0000, 0x2945, 0x0000, 0xFFFF, 0x0000, 0x2945, 0xFFFF, 0x2945, 0xFFFF, 0x2945, 0x0000, 0x2945, 0xFFFF, 0x2945, 0x0000, 0xFFFF, 0x0000, 0x2945, 0xFFFF, 0x2945, 0xFFFF, 0x2945, 0x0000, 0xFFFF, 0x0000, 0x2945, 0x0000, 0xFFFF, 0x0000, 0x2945, 0xFFFF, 0x0000, 0x0000, 0x2945, 0x0000, 0x0000, 0x0000, 0x0000, 0x0000, 0x0000, 0x0000, 0x0000, 0x0000, 0x0000, 0x0000, 0x0000, 
    0x2945, 0x2945, 0x2945, 0x2945, 0x2945, 0x2945, 0x2945, 0x2945, 0x2945, 0x2945, 0x2945, 0x2945, 0x2945, 0x2945, 0x2945, 0x2945, 0xFFFF, 0x2945, 0x2945, 0x2945, 0x2945, 0xFFFF, 0xFFFF, 0xFFFF, 0x2945, 0x2945, 0xFFFF, 0x0000, 0x2945, 0x2945, 0xFFFF, 0xFFFF, 0xFFFF, 0xFFFF, 0x2945, 0x0000, 0x2945, 0xFFFF, 0x2945, 0x0000, 0x2945, 0xFFFF, 0xFFFF, 0xFFFF, 0x2945, 0xFFFF, 0xFFFF, 0xFFFF, 0x2945, 0x0000, 0x2945, 0x0000, 0x2945, 0x0000, 0x2945, 0x0000, 0x2945, 0x0000, 0x2945, 0x0000, 0x2945, 0x0000, 0x2945, 0x0000, 
    0x2945, 0x2945, 0x0000, 0x2945, 0x2945, 0x2945, 0x0000, 0x2945, 0x2945, 0x2945, 0x0000, 0x2945, 0x2945, 0x2945, 0xFFFF, 0xFFFF, 0x0000, 0x2945, 0x0000, 0x2945, 0x0000, 0xFFFF, 0x0000, 0x2945, 0x0000, 0x2945, 0xFFFF, 0x2945, 0x0000, 0x2945, 0xFFFF, 0x2945, 0x0000, 0xFFFF, 0x0000, 0x2945, 0x0000, 0xFFFF, 0x0000, 0x2945, 0x0000, 0xFFFF, 0x0000, 0x0000, 0x0000, 0xFFFF, 0x0000, 0xFFFF, 0x0000, 0x2945, 0x0000, 0x0000, 0x0000, 0x2945, 0x0000, 0x0000, 0x0000, 0x0000, 0x0000, 0x0000, 0x0000, 0x0000, 0x0000, 0x0000, 
    0x2945, 0x2945, 0x2945, 0x2945, 0x2945, 0x2945, 0x2945, 0x2945, 0x2945, 0x2945, 0x2945, 0x2945, 0x2945, 0xFFFF, 0x2945, 0x2945, 0x2945, 0x0000, 0x2945, 0x2945, 0x2945, 0xFFFF, 0x2945, 0x2945, 0x2945, 0x0000, 0xFFFF, 0x0000, 0x2945, 0x0000, 0xFFFF, 0x0000, 0x2945, 0xFFFF, 0x2945, 0x0000, 0x2945, 0xFFFF, 0x2945, 0x0000, 0x2945, 0xFFFF, 0x2945, 0x0000, 0x2945, 0xFFFF, 0x2945, 0x0000, 0xFFFF, 0x0000, 0x2945, 0x0000, 0x2945, 0x0000, 0x2945, 0x0000, 0x2945, 0x0000, 0x2945, 0x0000, 0x0000, 0x0000, 0x2945, 0x0000, 
    0x0000, 0x2945, 0x2945, 0x2945, 0x0000, 0x2945, 0x0000, 0x2945, 0x0000, 0x2945, 0x0000, 0x2945, 0x0000, 0xFFFF, 0xFFFF, 0xFFFF, 0xFFFF, 0xFFFF, 0x0000, 0x2945, 0x0000, 0xFFFF, 0x0000, 0x2945, 0x0000, 0x2945, 0xFFFF, 0xFFFF, 0xFFFF, 0x2945, 0xFFFF, 0x2945, 0x0000, 0xFFFF, 0x0000, 0x2945, 0x0000, 0xFFFF, 0x0000, 0x2945, 0x0000, 0x0000, 0xFFFF, 0xFFFF, 0x0000, 0xFFFF, 0x0000, 0x2945, 0xFFFF, 0x0000, 0x0000, 0x0000, 0x0000, 0x0000, 0x0000, 0x0000, 0x0000, 0x0000, 0x0000, 0x0000, 0x0000, 0x0000, 0x0000, 0x0000, 
    0x2945, 0x2945, 0x2945, 0x2945, 0x2945, 0x2945, 0x2945, 0x2945, 0x2945, 0x2945, 0x2945, 0x2945, 0x2945, 0x2945, 0x2945, 0x2945, 0x2945, 0x2945, 0x2945, 0x2945, 0x2945, 0x2945, 0x2945, 0x0000, 0x2945, 0x2945, 0x2945, 0x0000, 0x2945, 0x2945, 0x2945, 0x0000, 0x2945, 0x0000, 0x2945, 0x0000, 0x2945, 0x0000, 0x2945, 0x0000, 0x2945, 0x0000, 0x2945, 0x0000, 0x2945, 0x0000, 0x2945, 0x0000, 0x2945, 0x0000, 0x2945, 0x0000, 0x2945, 0x0000, 0x2945, 0x0000, 0x2945, 0x0000, 0x2945, 0x0000, 0x2945, 0x0000, 0x0000, 0x0000, 
    0x2945, 0x2945, 0x0000, 0x2945, 0x2945, 0x2945, 0x0000, 0x2945, 0x2945, 0x2945, 0x0000, 0x2945, 0x0000, 0x2945, 0x0000, 0x2945, 0x0000, 0x2945, 0x0000, 0x2945, 0x0000, 0x2945, 0x0000, 0x2945, 0x0000, 0x2945, 0x0000, 0x2945, 0x0000, 0x2945, 0x0000, 0x2945, 0x0000, 0x2945, 0x0000, 0x2945, 0x0000, 0x2945, 0x0000, 0x2945, 0x0000, 0x2945, 0x0000, 0x0000, 0x0000, 0x2945, 0x0000, 0x0000, 0x0000, 0x2945, 0x0000, 0x0000, 0x0000, 0x0000, 0x0000, 0x0000, 0x0000, 0x0000, 0x0000, 0x0000, 0x0000, 0x0000, 0x0000, 0x0000, 
    0x2945, 0x2945, 0x2945, 0x2945, 0x2945, 0x2945, 0x2945, 0x2945, 0x2945, 0x2945, 0x2945, 0x2945, 0x2945, 0x0000, 0x2945, 0x2945, 0x2945, 0x0000, 0x2945, 0x2945, 0x2945, 0x0000, 0x2945, 0x0000, 0x2945, 0x0000, 0x2945, 0x0000, 0x2945, 0x0000, 0x2945, 0x0000, 0x2945, 0x0000, 0x2945, 0x0000, 0x2945, 0x0000, 0x2945, 0x0000, 0x2945, 0x0000, 0x2945, 0x0000, 0x2945, 0x0000, 0x2945, 0x0000, 0x2945, 0x0000, 0x2945, 0x0000, 0x2945, 0x0000, 0x2945, 0x0000, 0x2945, 0x0000, 0x2945, 0x0000, 0x0000, 0x0000, 0x2945, 0x0000, 
    0x0000, 0x2945, 0x2945, 0x2945, 0x0000, 0x2945, 0x0000, 0x2945, 0x0000, 0x2945, 0x0000, 0x2945, 0x0000, 0x2945, 0x0000, 0x2945, 0x0000, 0x2945, 0x0000, 0x2945, 0x0000, 0x2945, 0x0000, 0x2945, 0x0000, 0x2945, 0x0000, 0x2945, 0x0000, 0x2945, 0x0000, 0x2945, 0x0000, 0x2945, 0x0000, 0x2945, 0x0000, 0x0000, 0x0000, 0x2945, 0x0000, 0x0000, 0x0000, 0x2945, 0x0000, 0x0000, 0x0000, 0x0000, 0x0000, 0x0000, 0x0000, 0x0000, 0x0000, 0x0000, 0x0000, 0x0000, 0x0000, 0x0000, 0x0000, 0x0000, 0x0000, 0x0000, 0x0000, 0x0000, 
    0x2945, 0x2945, 0x2945, 0x2945, 0x2945, 0x2945, 0x2945, 0x2945, 0x2945, 0x2945, 0x2945, 0x2945, 0x2945, 0x2945, 0x2945, 0x2945, 0x2945, 0x2945, 0x2945, 0x0000, 0x2945, 0x2945, 0x2945, 0x0000, 0x2945, 0x2945, 0x2945, 0x0000, 0x2945, 0x0000, 0x2945, 0x0000, 0x2945, 0x0000, 0x2945, 0x0000, 0x2945, 0x0000, 0x2945, 0x0000, 0x2945, 0x0000, 0x2945, 0x0000, 0x2945, 0x0000, 0x2945, 0x0000, 0x2945, 0x0000, 0x2945, 0x0000, 0x2945, 0x0000, 0x2945, 0x0000, 0x2945, 0x0000, 0x0000, 0x0000, 0x2945, 0x0000, 0x0000, 0x0000, 
    0x2945, 0x2945, 0x0000, 0x2945, 0x2945, 0x2945, 0x0000, 0x2945, 0x0000, 0x2945, 0x0000, 0x2945, 0x0000, 0x2945, 0x0000, 0x2945, 0x0000, 0x2945, 0x0000, 0x2945, 0x0000, 0x2945, 0x0000, 0x2945, 0x0000, 0x2945, 0x0000, 0x2945, 0x0000, 0x2945, 0x0000, 0x2945, 0x0000, 0x2945, 0x0000, 0x0000, 0x0000, 0x2945, 0x0000, 0x0000, 0x0000, 0x2945, 0x0000, 0x0000, 0x0000, 0x2945, 0x0000, 0x0000, 0x0000, 0x0000, 0x0000, 0x0000, 0x0000, 0x0000, 0x0000, 0x0000, 0x0000, 0x0000, 0x0000, 0x0000, 0x0000, 0x0000, 0x0000, 0x0000, 
    0x2945, 0x2945, 0x2945, 0x2945, 0x2945, 0x2945, 0x2945, 0x2945, 0x2945, 0x0000, 0x2945, 0x2945, 0x2945, 0x0000, 0x2945, 0x2945, 0x2945, 0x0000, 0x2945, 0x0000, 0x2945, 0x0000, 0x2945, 0x0000, 0x2945, 0x0000, 0x2945, 0x0000, 0x2945, 0x0000, 0x2945, 0x0000, 0x2945, 0x0000, 0x2945, 0x0000, 0x2945, 0x0000, 0x2945, 0x0000, 0x2945, 0x0000, 0x2945, 0x0000, 0x2945, 0x0000, 0x2945, 0x0000, 0x2945, 0x0000, 0x2945, 0x0000, 0x2945, 0x0000, 0x2945, 0x0000, 0x0000, 0x0000, 0x2945, 0x0000, 0x0000, 0x0000, 0x2945, 0x0000, 
    0x0000, 0x2945, 0x0000, 0x2945, 0x0000, 0x2945, 0x0000, 0x2945, 0x0000, 0x2945, 0x0000, 0x2945, 0x0000, 0x2945, 0x0000, 0x2945, 0x0000, 0x2945, 0x0000, 0x2945, 0x0000, 0x2945, 0x0000, 0x2945, 0x0000, 0x2945, 0x0000, 0x2945, 0x0000, 0x2945, 0x0000, 0x2945, 0x0000, 0x0000, 0x0000, 0x2945, 0x0000, 0x0000, 0x0000, 0x2945, 0x0000, 0x0000, 0x0000, 0x0000, 0x0000, 0x0000, 0x0000, 0x0000, 0x0000, 0x0000, 0x0000, 0x0000, 0x0000, 0x0000, 0x0000, 0x0000, 0xFFFF, 0xFFFF, 0xFFFF, 0xFFFF, 0xFFFF, 0x0000, 0x0000, 0x0000, 
    0x2945, 0x2945, 0x2945, 0x2945, 0x2945, 0x2945, 0x2945, 0x2945, 0x2945, 0x2945, 0x2945, 0x2945, 0x2945, 0x2945, 0x2945, 0x0000, 0x2945, 0x2945, 0x2945, 0x0000, 0x2945, 0x2945, 0x2945, 0x0000, 0x2945, 0x2945, 0x2945, 0x0000, 0x2945, 0x0000, 0x2945, 0x0000, 0x2945, 0x0000, 0x2945, 0x0000, 0x2945, 0x0000, 0x2945, 0x0000, 0x2945, 0x0000, 0x2945, 0x0000, 0x2945, 0x0000, 0x2945, 0x0000, 0x2945, 0x0000, 0x2945, 0x0000, 0x2945, 0x0000, 0x2945, 0xFFFF, 0xFFFF, 0xA1C7, 0xA1C7, 0xA1C7, 0xFFFF, 0xFFFF, 0x0000, 0x0000, 
    0x2945, 0x2945, 0x0000, 0x2945, 0x0000, 0x2945, 0x0000, 0x2945, 0x0000, 0x2945, 0x0000, 0x2945, 0x0000, 0x2945, 0x0000, 0x2945, 0x0000, 0x2945, 0x0000, 0x2945, 0x0000, 0x2945, 0x0000, 0x2945, 0x0000, 0x2945, 0x0000, 0x2945, 0x0000, 0x2945, 0x0000, 0x2945, 0x0000, 0x2945, 0x0000, 0x2945, 0x0000, 0x2945, 0x0000, 0x0000, 0x0000, 0x2945, 0x0000, 0x0000, 0x0000, 0x0000, 0x0000, 0x0000, 0x0000, 0x0000, 0x0000, 0x0000, 0x0000, 0x0000, 0x0000, 0xFFFF, 0xFFFF, 0xA1C7, 0xFFFF, 0xFFFF, 0xA1C7, 0xFFFF, 0x0000, 0x0000, 
    0x2945, 0x2945, 0x2945, 0x2945, 0x2945, 0x2945, 0x2945, 0x2945, 0x2945, 0x0000, 0x2945, 0x2945, 0x2945, 0x0000, 0x2945, 0x2945, 0x2945, 0x0000, 0x2945, 0x0000, 0x2945, 0x0000, 0x2945, 0x0000, 0x2945, 0x0000, 0x2945, 0x0000, 0x2945, 0x0000, 0x2945, 0x0000, 0x2945, 0x0000, 0x2945, 0x0000, 0x2945, 0x0000, 0x2945, 0x0000, 0x2945, 0x0000, 0x2945, 0x0000, 0x2945, 0x0000, 0x2945, 0x0000, 0x2945, 0x0000, 0x2945, 0x0000, 0x0000, 0x0000, 0x2945, 0xFFFF, 0xFFFF, 0xA1C7, 0xA1C7, 0xA1C7, 0xFFFF, 0xFFFF, 0x0000, 0x0000, 
    0x0000, 0x2945, 0x0000, 0x2945, 0x0000, 0x2945, 0x0000, 0x2945, 0x0000, 0x2945, 0x0000, 0x2945, 0x0000, 0x2945, 0x0000, 0x2945, 0x0000, 0x2945, 0x0000, 0x2945, 0x0000, 0x2945, 0x0000, 0x2945, 0x0000, 0x2945, 0x0000, 0x2945, 0x0000, 0x0000, 0x0000, 0x2945, 0x0000, 0x0000, 0x0000, 0x2945, 0x0000, 0x0000, 0x0000, 0x0000, 0x0000, 0x0000, 0x0000, 0x0000, 0x0000, 0x0000, 0x0000, 0x0000, 0x0000, 0x0000, 0x0000, 0x0000, 0x0000, 0x0000, 0x0000, 0xFFFF, 0xFFFF, 0xA1C7, 0xFFFF, 0xFFFF, 0xA1C7, 0xFFFF, 0x0000, 0x0000, 
    0x2945, 0x2945, 0x2945, 0x2945, 0x2945, 0x2945, 0x2945, 0x2945, 0x2945, 0x2945, 0x2945, 0x0000, 0x2945, 0x2945, 0x2945, 0x0000, 0x2945, 0x2945, 0x2945, 0x0000, 0x2945, 0x0000, 0x2945, 0x0000, 0x2945, 0x0000, 0x2945, 0x0000, 0x2945, 0x0000, 0x2945, 0x0000, 0x2945, 0x0000, 0x2945, 0x0000, 0x2945, 0x0000, 0x2945, 0x0000, 0x2945, 0x0000, 0x2945, 0x0000, 0x2945, 0x0000, 0x2945, 0x0000, 0x2945, 0x0000, 0x0000, 0x0000, 0x2945, 0x0000, 0x0000, 0xFFFF, 0xFFFF, 0xA1C7, 0xA1C7, 0xA1C7, 0xFFFF, 0xFFFF, 0x0000, 0x0000, 
    0x0000, 0x2945, 0x0000, 0x2945, 0x0000, 0x2945, 0x0000, 0x2945, 0x0000, 0x2945, 0x0000, 0x2945, 0x0000, 0x2945, 0x0000, 0x2945, 0x0000, 0x2945, 0x0000, 0x2945, 0x0000, 0x2945, 0x0000, 0x2945, 0x0000, 0x2945, 0x0000, 0x2945, 0x0000, 0x2945, 0x0000, 0x0000, 0x0000, 0x2945, 0x0000, 0x0000, 0x0000, 0x2945, 0x0000, 0x0000, 0x0000, 0x0000, 0x0000, 0x0000, 0x0000, 0x0000, 0x0000, 0x0000, 0x0000, 0x0000, 0x0000, 0x0000, 0x0000, 0x0000, 0x0000, 0x0000, 0xFFFF, 0xFFFF, 0xFFFF, 0xFFFF, 0xFFFF, 0x0000, 0x0000, 0x0000, 
    0x2945, 0x0000, 0x2945, 0x2945, 0x2945, 0x0000, 0x2945, 0x2945, 0x2945, 0x0000, 0x2945, 0x2945, 0x2945, 0x0000, 0x2945, 0x0000, 0x2945, 0x0000, 0x2945, 0x0000, 0x2945, 0x0000, 0x2945, 0x0000, 0x2945, 0x0000, 0x2945, 0x0000, 0x2945, 0x0000, 0x2945, 0x0000, 0x2945, 0x0000, 0x2945, 0x0000, 0x2945, 0x0000, 0x2945, 0x0000, 0x2945, 0x0000, 0x2945, 0x0000, 0x2945, 0x0000, 0x2945, 0x0000, 0x0000, 0x0000, 0x2945, 0x0000, 0x0000, 0x0000, 0x2945, 0x0000, 0x0000, 0x0000, 0x0000, 0x0000, 0x0000, 0x0000, 0x0000, 0x0000, 
    0x0000, 0x2945, 0x0000, 0x2945, 0x0000, 0x2945, 0x0000, 0x2945, 0x0000, 0x2945, 0x0000, 0x2945, 0x0000, 0x2945, 0x0000, 0x2945, 0x0000, 0x2945, 0x0000, 0x2945, 0x0000, 0x2945, 0x0000, 0x2945, 0x0000, 0x0000, 0x0000, 0x2945, 0x0000, 0x0000, 0x0000, 0x2945, 0x0000, 0x0000, 0x0000, 0x0000, 0x0000, 0x0000, 0x0000, 0x0000, 0x0000, 0x0000, 0x0000, 0x0000, 0x0000, 0x0000, 0x0000, 0x0000, 0x0000, 0x0000, 0x0000, 0x0000, 0x0000, 0x0000, 0x0000, 0x0000, 0x0000, 0x0000, 0x0000, 0x0000, 0x0000, 0x0000, 0x0000, 0x0000, 
};

const uint16_t pauseRoadFigtherr[4096] = {
    0x0000, 0x0000, 0x0000, 0x0000, 0x0000, 0x0000, 0x0000, 0xFFFF, 0xFFFF, 0x0000, 0x0000, 0x0000, 0x0000, 0x0000, 0x0000, 0x0000, 0x0000, 0x0000, 0x0000, 0x0000, 0x0000, 0x0000, 0x0000, 0x0000, 0x0000, 0x0000, 0x0000, 0x0000, 0x0000, 0x0000, 0x0000, 0x0000, 0x0000, 0x0000, 0x0000, 0x0000, 0x0000, 0x0000, 0x0000, 0x0000, 0x0000, 0x0000, 0x0000, 0x0000, 0x0000, 0x0000, 0x0000, 0x0000, 0x0000, 0x0000, 0x0000, 0x0000, 0x0000, 0x0000, 0x0000, 0x0000, 0x0000, 0x0000, 0x0000, 0x0000, 0x0000, 0x0000, 0x0000, 0x0000, 
    0x0000, 0x0000, 0x0000, 0x0000, 0x0000, 0x0000, 0x0000, 0xFFFF, 0xFFFF, 0x0000, 0x0000, 0x0000, 0x0000, 0x0000, 0x0000, 0x0000, 0x0000, 0x0000, 0x0000, 0x0000, 0x0000, 0x0000, 0x0000, 0x0000, 0x0000, 0x0000, 0x0000, 0x0000, 0x0000, 0x0000, 0x0000, 0x0000, 0x0000, 0x0000, 0x0000, 0x0000, 0x0000, 0x0000, 0x0000, 0x0000, 0x0000, 0x0000, 0x0000, 0x0000, 0x0000, 0x0000, 0x0000, 0x0000, 0x0000, 0x0000, 0x0000, 0x0000, 0x0000, 0x0000, 0x0000, 0x0000, 0x0000, 0x0000, 0x0000, 0x0000, 0x0000, 0x0000, 0x0000, 0x0000, 
    0x0000, 0x0000, 0x0000, 0x0000, 0x0000, 0xFFFF, 0xFFFF, 0x0000, 0x0000, 0x0000, 0x0000, 0x0000, 0x0000, 0x0000, 0x0000, 0x0000, 0x0000, 0x0000, 0x0000, 0x0000, 0x0000, 0x0000, 0x0000, 0x0000, 0x0000, 0x0000, 0x0000, 0x0000, 0x0000, 0x0000, 0x0000, 0x0000, 0x0000, 0x0000, 0x0000, 0x0000, 0x0000, 0x0000, 0x0000, 0x0000, 0x0000, 0x0000, 0x0000, 0x0000, 0x0000, 0x0000, 0x0000, 0x0000, 0x0000, 0x0000, 0x0000, 0x0000, 0x0000, 0x0000, 0x0000, 0x0000, 0x0000, 0x0000, 0x0000, 0x0000, 0x0000, 0x0000, 0x0000, 0x0000, 
    0x0000, 0x0000, 0x0000, 0x0000, 0x0000, 0xFFFF, 0xFFFF, 0x0000, 0x0000, 0x0000, 0x0000, 0x0000, 0x0000, 0x0000, 0x0000, 0x0000, 0x0000, 0x0000, 0x0000, 0x0000, 0x0000, 0x0000, 0x0000, 0x0000, 0x0000, 0x0000, 0x0000, 0x0000, 0x0000, 0x0000, 0x0000, 0x0000, 0x0000, 0x0000, 0x0000, 0x0000, 0x0000, 0x0000, 0x0000, 0x0000, 0x0000, 0x0000, 0x0000, 0x0000, 0x0000, 0x0000, 0x0000, 0x0000, 0x0000, 0x0000, 0x0000, 0x0000, 0x0000, 0x0000, 0x0000, 0x0000, 0x0000, 0x0000, 0x0000, 0x0000, 0x0000, 0x0000, 0x0000, 0x0000, 
    0x0000, 0x0000, 0x0000, 0x0000, 0x0000, 0x0000, 0x0000, 0xFFFF, 0xFFFF, 0x0000, 0x0000, 0x0000, 0x0000, 0x0000, 0x0000, 0x0000, 0x0000, 0x0000, 0x0000, 0x0000, 0x0000, 0x0000, 0x0000, 0x0000, 0x0000, 0x0000, 0x0000, 0x0000, 0x0000, 0x0000, 0x0000, 0x0000, 0x0000, 0x0000, 0x0000, 0x0000, 0x0000, 0x0000, 0x0000, 0x0000, 0x0000, 0x0000, 0x0000, 0x0000, 0x0000, 0x0000, 0x0000, 0x0000, 0x0000, 0x0000, 0x0000, 0x0000, 0x0000, 0x0000, 0x0000, 0x0000, 0x0000, 0x0000, 0x0000, 0x0000, 0x0000, 0x0000, 0x0000, 0x0000, 
    0x0000, 0x0000, 0x0000, 0x0000, 0x0000, 0x0000, 0x0000, 0xFFFF, 0xFFFF, 0x0000, 0x0000, 0x0000, 0x0000, 0x0000, 0x0000, 0x0000, 0x0000, 0x0000, 0x0000, 0x0000, 0x0000, 0x0000, 0x0000, 0x0000, 0x0000, 0x0000, 0x0000, 0x0000, 0x0000, 0x0000, 0x0000, 0x0000, 0x0000, 0x0000, 0x0000, 0x0000, 0x0000, 0x0000, 0x0000, 0x0000, 0x0000, 0x0000, 0x0000, 0x0000, 0x0000, 0x0000, 0x0000, 0x0000, 0x0000, 0x0000, 0x0000, 0x0000, 0x0000, 0x0000, 0x0000, 0x0000, 0x0000, 0x0000, 0x0000, 0x0000, 0x0000, 0x0000, 0x0000, 0x0000, 
    0x0000, 0x0000, 0x0000, 0x0000, 0x0000, 0xFFFF, 0xFFFF, 0x0000, 0x0000, 0x0000, 0x0000, 0x0000, 0x0000, 0x0000, 0x0000, 0x0000, 0x0000, 0x0000, 0x0000, 0x0000, 0x0000, 0x0000, 0x0000, 0x0000, 0x0000, 0x0000, 0x0000, 0x0000, 0x0000, 0x0000, 0x0000, 0x0000, 0x0000, 0x0000, 0x0000, 0x0000, 0x0000, 0x0000, 0x0000, 0x0000, 0x0000, 0x0000, 0x0000, 0x0000, 0x0000, 0x0000, 0x0000, 0x0000, 0x0000, 0x0000, 0x0000, 0x0000, 0x0000, 0x0000, 0x0000, 0x0000, 0x0000, 0x0000, 0x0000, 0x0000, 0x0000, 0x0000, 0x0000, 0x0000, 
    0x0000, 0x0000, 0x0000, 0x0000, 0x0000, 0xFFFF, 0xFFFF, 0x0000, 0x0000, 0x0000, 0x0000, 0x0000, 0x0000, 0x0000, 0x0000, 0x0000, 0x0000, 0x0000, 0x0000, 0x0000, 0x0000, 0x0000, 0x0000, 0x0000, 0x0000, 0x0000, 0x0000, 0x0000, 0x0000, 0x0000, 0x0000, 0x0000, 0x0000, 0x0000, 0x0000, 0x0000, 0x0000, 0x0000, 0x0000, 0x0000, 0x0000, 0x0000, 0x0000, 0x0000, 0x0000, 0x0000, 0x0000, 0x0000, 0x0000, 0x0000, 0x0000, 0x0000, 0x0000, 0x0000, 0x0000, 0x0000, 0x0000, 0x0000, 0x0000, 0x0000, 0x0000, 0x0000, 0x0000, 0x0000, 
    0x0000, 0x0000, 0x0000, 0x0000, 0x0000, 0x0000, 0x0000, 0xFFFF, 0xFFFF, 0x0000, 0x0000, 0x0000, 0x0000, 0x0000, 0x0000, 0x0000, 0x0000, 0x0000, 0x0000, 0x0000, 0x0000, 0x0000, 0x0000, 0x0000, 0x0000, 0x0000, 0x0000, 0x0000, 0x0000, 0x0000, 0x0000, 0x0000, 0x0000, 0x0000, 0x0000, 0x0000, 0x0000, 0x0000, 0x0000, 0x0000, 0x0000, 0x0000, 0x0000, 0x0000, 0x0000, 0x0000, 0x0000, 0x0000, 0x0000, 0x0000, 0x0000, 0x0000, 0x0000, 0x0000, 0x0000, 0x0000, 0x0000, 0x0000, 0x0000, 0x0000, 0x0000, 0x0000, 0x0000, 0x0000, 
    0x0000, 0x0000, 0x0000, 0x0000, 0x0000, 0x0000, 0x0000, 0xFFFF, 0xFFFF, 0x0000, 0x0000, 0x0000, 0x0000, 0x0000, 0x0000, 0x0000, 0x0000, 0x0000, 0x0000, 0x0000, 0x0000, 0x0000, 0x0000, 0x0000, 0x0000, 0x0000, 0x0000, 0x0000, 0x0000, 0x0000, 0x0000, 0x0000, 0x0000, 0x0000, 0x0000, 0x0000, 0x0000, 0x0000, 0x0000, 0x0000, 0x0000, 0x0000, 0x0000, 0x0000, 0x0000, 0x0000, 0x0000, 0x0000, 0x0000, 0x0000, 0x0000, 0x0000, 0x0000, 0x0000, 0x0000, 0x0000, 0x0000, 0x0000, 0x0000, 0x0000, 0x0000, 0x0000, 0x0000, 0x0000, 
    0x0000, 0x0000, 0x0000, 0x0000, 0x0000, 0xFFFF, 0xFFFF, 0x0000, 0x0000, 0x0000, 0x0000, 0x0000, 0x0000, 0x0000, 0x0000, 0x0000, 0x0000, 0x0000, 0x0000, 0x0000, 0x0000, 0x0000, 0x0000, 0x0000, 0x0000, 0x0000, 0x0000, 0x0000, 0x0000, 0x0000, 0x0000, 0x0000, 0x0000, 0x0000, 0x0000, 0x0000, 0x0000, 0x0000, 0x0000, 0x0000, 0x0000, 0x0000, 0x0000, 0x0000, 0x0000, 0x0000, 0x0000, 0x0000, 0x0000, 0x0000, 0x0000, 0x0000, 0x0000, 0x0000, 0x0000, 0x0000, 0x0000, 0x0000, 0x0000, 0x0000, 0x0000, 0x0000, 0x0000, 0x0000, 
    0x0000, 0x0000, 0x0000, 0x0000, 0x0000, 0xFFFF, 0xFFFF, 0x0000, 0x0000, 0x0000, 0x0000, 0x0000, 0x0000, 0x0000, 0x0000, 0x0000, 0x0000, 0x0000, 0x0000, 0x0000, 0x0000, 0x0000, 0x0000, 0x0000, 0x0000, 0x0000, 0x0000, 0x0000, 0x0000, 0x0000, 0x0000, 0x0000, 0x0000, 0x0000, 0x0000, 0x0000, 0x0000, 0x0000, 0x0000, 0x0000, 0x0000, 0x0000, 0x0000, 0x0000, 0x0000, 0x0000, 0x0000, 0x0000, 0x0000, 0x0000, 0x0000, 0x0000, 0x0000, 0x0000, 0x0000, 0x0000, 0x0000, 0x0000, 0x0000, 0x0000, 0x0000, 0x0000, 0x0000, 0x0000, 
    0x0000, 0x0000, 0x0000, 0x0000, 0x0000, 0x0000, 0x0000, 0xFFFF, 0xFFFF, 0x0000, 0x0000, 0x0000, 0x0000, 0x0000, 0x0000, 0x0000, 0x0000, 0x0000, 0x0000, 0x0000, 0x0000, 0x0000, 0x0000, 0x0000, 0x0000, 0x0000, 0x0000, 0x0000, 0x0000, 0x0000, 0x0000, 0x0000, 0x0000, 0x0000, 0x0000, 0x0000, 0x0000, 0x0000, 0x0000, 0x0000, 0x0000, 0x0000, 0x0000, 0x0000, 0x0000, 0x0000, 0x0000, 0x0000, 0x0000, 0x0000, 0x0000, 0x0000, 0x0000, 0x0000, 0x0000, 0x0000, 0x0000, 0x0000, 0x0000, 0x0000, 0x0000, 0x0000, 0x0000, 0x0000, 
    0x0000, 0x0000, 0x0000, 0x0000, 0x0000, 0x0000, 0x0000, 0xFFFF, 0xFFFF, 0x0000, 0x0000, 0x0000, 0x0000, 0x0000, 0x0000, 0x0000, 0x0000, 0x0000, 0x0000, 0x0000, 0x0000, 0x0000, 0x0000, 0x0000, 0x0000, 0x0000, 0x0000, 0x0000, 0x0000, 0x0000, 0x0000, 0x0000, 0x0000, 0x0000, 0x0000, 0x0000, 0x0000, 0x0000, 0x0000, 0x0000, 0x0000, 0x0000, 0x0000, 0x0000, 0x0000, 0x0000, 0x0000, 0x0000, 0x0000, 0x0000, 0x0000, 0x0000, 0x0000, 0x0000, 0x0000, 0x0000, 0x0000, 0x0000, 0x0000, 0x0000, 0x0000, 0x0000, 0x0000, 0x0000, 
    0x0000, 0x0000, 0x0000, 0x0000, 0x0000, 0xFFFF, 0xFFFF, 0x0000, 0x0000, 0x0000, 0x0000, 0x0000, 0x0000, 0x0000, 0x0000, 0x0000, 0x0000, 0x0000, 0x0000, 0x0000, 0x0000, 0x0000, 0x0000, 0x0000, 0x0000, 0x0000, 0x0000, 0x0000, 0x0000, 0x0000, 0x0000, 0x0000, 0x0000, 0x0000, 0x0000, 0x0000, 0x0000, 0x0000, 0x0000, 0x0000, 0x0000, 0x0000, 0x0000, 0x0000, 0x0000, 0x0000, 0x0000, 0x0000, 0x0000, 0x0000, 0x0000, 0x0000, 0x0000, 0x0000, 0x0000, 0x0000, 0x0000, 0x0000, 0x0000, 0x0000, 0x0000, 0x0000, 0x0000, 0x0000, 
    0x0000, 0x0000, 0x0000, 0x0000, 0x0000, 0xFFFF, 0xFFFF, 0x0000, 0x0000, 0x0000, 0x0000, 0x0000, 0x0000, 0x0000, 0x0000, 0xE280, 0xE280, 0xE280, 0xE280, 0xE280, 0xE280, 0xE280, 0x0000, 0x0000, 0xE280, 0xE280, 0xE280, 0xE280, 0x0000, 0x0000, 0xE280, 0xE280, 0xFFFF, 0x0000, 0xE280, 0xE280, 0x0000, 0xE280, 0xE280, 0xE280, 0xE280, 0xE280, 0xE280, 0x0000, 0xE280, 0xE280, 0xE280, 0xE280, 0xE280, 0xE280, 0x0000, 0x0000, 0x0000, 0x0000, 0x0000, 0x0000, 0x0000, 0x0000, 0x0000, 0x0000, 0x0000, 0x0000, 0x0000, 0x0000, 
    0x0000, 0x0000, 0x0000, 0x0000, 0x0000, 0x0000, 0x0000, 0xFFFF, 0xFFFF, 0x0000, 0x0000, 0x0000, 0x0000, 0x0000, 0x0000, 0xE280, 0xE280, 0xE280, 0xE280, 0xE280, 0xE280, 0xE280, 0x0000, 0xE280, 0xE280, 0xE280, 0xE280, 0xE280, 0xFFFF, 0x0000, 0xE280, 0xE280, 0xFFFF, 0x0000, 0xE280, 0xE280, 0x0000, 0xE280, 0xE280, 0xE280, 0xE280, 0xE280, 0xE280, 0x0000, 0xE280, 0xE280, 0xE280, 0xE280, 0xE280, 0xE280, 0x0000, 0x0000, 0x0000, 0x0000, 0x0000, 0x0000, 0x0000, 0x0000, 0x0000, 0x0000, 0x0000, 0x0000, 0x0000, 0x0000, 
    0x0000, 0x0000, 0x0000, 0x0000, 0x0000, 0x0000, 0x0000, 0xFFFF, 0xFFFF, 0x0000, 0x0000, 0x0000, 0x0000, 0x0000, 0x0000, 0xE280, 0xE280, 0xFFFF, 0x0000, 0x0000, 0xE280, 0xE280, 0x0000, 0xE280, 0xE280, 0xFFFF, 0x0000, 0xE280, 0xE280, 0x0000, 0xE280, 0xE280, 0xFFFF, 0x0000, 0xE280, 0xE280, 0x0000, 0xE280, 0xE280, 0xFFFF, 0x0000, 0x0000, 0x0000, 0x0000, 0xE280, 0xE280, 0xFFFF, 0x0000, 0x0000, 0x0000, 0x0000, 0x0000, 0x0000, 0x0000, 0x0000, 0x0000, 0x0000, 0x0000, 0x0000, 0x0000, 0x0000, 0x0000, 0x0000, 0x0000, 
    0x0000, 0x0000, 0x0000, 0x0000, 0x0000, 0xFFFF, 0xFFFF, 0x0000, 0x0000, 0x0000, 0x0000, 0x0000, 0x0000, 0x0000, 0x0000, 0xE280, 0xE280, 0xFFFF, 0x0000, 0x0000, 0xE280, 0xE280, 0x0000, 0xE280, 0xE280, 0xFFFF, 0x0000, 0xE280, 0xE280, 0x0000, 0xE280, 0xE280, 0xFFFF, 0x0000, 0xE280, 0xE280, 0x0000, 0xE280, 0xE280, 0xFFFF, 0x0000, 0x0000, 0x0000, 0x0000, 0xE280, 0xE280, 0xFFFF, 0x0000, 0x0000, 0x0000, 0x0000, 0x0000, 0x0000, 0x0000, 0x0000, 0x0000, 0x0000, 0x0000, 0x0000, 0x0000, 0x0000, 0x0000, 0x0000, 0x0000, 
    0x0000, 0x0000, 0x0000, 0x0000, 0x0000, 0xFFFF, 0xFFFF, 0x0000, 0x0000, 0x0000, 0x0000, 0x0000, 0x0000, 0x0000, 0x0000, 0xE280, 0xE280, 0xE280, 0xE280, 0xE280, 0xE280, 0xE280, 0x0000, 0xE280, 0xE280, 0xE280, 0xE280, 0xE280, 0xE280, 0x0000, 0xE280, 0xE280, 0xFFFF, 0x0000, 0xE280, 0xE280, 0x0000, 0xE280, 0xE280, 0xE280, 0xE280, 0xE280, 0xE280, 0x0000, 0xE280, 0xE280, 0xE280, 0xE280, 0xE280, 0xE280, 0x0000, 0x0000, 0x0000, 0x0000, 0x0000, 0x0000, 0x0000, 0x0000, 0x0000, 0x0000, 0x0000, 0x0000, 0x0000, 0x0000, 
    0x0000, 0x0000, 0x0000, 0x0000, 0x0000, 0x0000, 0x0000, 0xFFFF, 0xFFFF, 0x0000, 0x0000, 0x0000, 0x0000, 0x0000, 0x0000, 0xE280, 0xE280, 0xE280, 0xE280, 0xE280, 0xE280, 0xE280, 0x0000, 0xE280, 0xE280, 0xE280, 0xE280, 0xE280, 0xE280, 0x0000, 0xE280, 0xE280, 0xFFFF, 0x0000, 0xE280, 0xE280, 0x0000, 0xE280, 0xE280, 0xE280, 0xE280, 0xE280, 0xE280, 0x0000, 0xE280, 0xE280, 0xE280, 0xE280, 0xE280, 0xE280, 0x0000, 0x0000, 0x0000, 0x0000, 0x0000, 0x0000, 0x0000, 0x0000, 0x0000, 0x0000, 0x0000, 0x0000, 0x0000, 0x0000, 
    0x0000, 0x0000, 0x0000, 0x0000, 0x0000, 0x0000, 0x0000, 0xFFFF, 0xFFFF, 0x0000, 0x0000, 0x0000, 0x0000, 0x0000, 0x0000, 0xE280, 0xE280, 0xFFFF, 0x0000, 0x0000, 0x0000, 0x0000, 0x0000, 0xE280, 0xE280, 0xFFFF, 0x0000, 0xE280, 0xE280, 0x0000, 0xE280, 0xE280, 0xFFFF, 0x0000, 0xE280, 0xE280, 0x0000, 0x0000, 0x0000, 0x0000, 0x0000, 0xE280, 0xE280, 0x0000, 0xE280, 0xE280, 0xFFFF, 0x0000, 0x0000, 0x0000, 0x0000, 0x0000, 0x0000, 0x0000, 0x0000, 0x0000, 0x0000, 0x0000, 0x0000, 0x0000, 0x0000, 0x0000, 0x0000, 0x0000, 
    0x0000, 0x0000, 0x0000, 0x0000, 0x0000, 0xFFFF, 0xFFFF, 0x0000, 0x0000, 0x0000, 0x0000, 0x0000, 0x0000, 0x0000, 0x0000, 0xE280, 0xE280, 0xFFFF, 0x0000, 0x0000, 0x0000, 0x0000, 0x0000, 0xE280, 0xE280, 0xFFFF, 0x0000, 0xE280, 0xE280, 0x0000, 0xE280, 0xE280, 0xFFFF, 0x0000, 0xE280, 0xE280, 0x0000, 0x0000, 0x0000, 0x0000, 0x0000, 0xE280, 0xE280, 0x0000, 0xE280, 0xE280, 0xFFFF, 0x0000, 0x0000, 0x0000, 0x0000, 0x0000, 0x0000, 0x0000, 0x0000, 0x0000, 0x0000, 0x0000, 0x0000, 0x0000, 0x0000, 0x0000, 0x0000, 0x0000, 
    0x0000, 0x0000, 0x0000, 0x0000, 0x0000, 0xFFFF, 0xFFFF, 0x0000, 0x0000, 0x0000, 0x0000, 0x0000, 0x0000, 0x0000, 0x0000, 0xE280, 0xE280, 0xFFFF, 0x0000, 0x0000, 0x0000, 0x0000, 0x0000, 0xE280, 0xE280, 0xFFFF, 0x0000, 0xE280, 0xE280, 0x0000, 0xE280, 0xE280, 0xE280, 0xE280, 0xE280, 0xE280, 0x0000, 0xE280, 0xE280, 0xE280, 0xE280, 0xE280, 0xE280, 0x0000, 0xE280, 0xE280, 0xE280, 0xE280, 0xE280, 0xE280, 0x0000, 0x0000, 0x0000, 0x0000, 0x0000, 0x0000, 0x0000, 0x0000, 0x0000, 0x0000, 0x0000, 0x0000, 0x0000, 0x0000, 
    0x0000, 0x0000, 0x0000, 0x0000, 0x0000, 0x0000, 0x0000, 0xFFFF, 0xFFFF, 0x0000, 0x0000, 0x0000, 0x0000, 0x0000, 0x0000, 0xE280, 0xE280, 0xFFFF, 0x0000, 0x0000, 0x0000, 0x0000, 0x0000, 0xE280, 0xE280, 0xFFFF, 0x0000, 0xE280, 0xE280, 0x0000, 0xE280, 0xE280, 0xE280, 0xE280, 0xE280, 0xE280, 0x0000, 0xE280, 0xE280, 0xE280, 0xE280, 0xE280, 0xE280, 0x0000, 0xE280, 0xE280, 0xE280, 0xE280, 0xE280, 0xE280, 0x0000, 0x0000, 0x0000, 0x0000, 0x0000, 0x0000, 0x0000, 0x0000, 0x0000, 0x0000, 0x0000, 0x0000, 0x0000, 0x0000, 
    0x0000, 0x0000, 0x0000, 0x0000, 0x0000, 0x0000, 0x0000, 0xFFFF, 0xFFFF, 0x0000, 0x0000, 0x0000, 0x0000, 0x0000, 0x0000, 0x0000, 0x0000, 0x0000, 0x0000, 0x0000, 0x0000, 0x0000, 0x0000, 0x0000, 0x0000, 0x0000, 0x0000, 0x0000, 0x0000, 0x0000, 0x0000, 0x0000, 0x0000, 0x0000, 0x0000, 0x0000, 0x0000, 0x0000, 0x0000, 0x0000, 0x0000, 0x0000, 0x0000, 0x0000, 0x0000, 0x0000, 0x0000, 0x0000, 0x0000, 0x0000, 0x0000, 0x0000, 0x0000, 0x0000, 0x0000, 0x0000, 0x0000, 0x0000, 0x0000, 0x0000, 0x0000, 0x0000, 0x0000, 0x0000, 
    0x0000, 0x0000, 0x0000, 0x0000, 0x0000, 0xFFFF, 0xFFFF, 0x0000, 0x0000, 0x0000, 0x0000, 0x0000, 0x0000, 0x0000, 0x0000, 0x0000, 0x0000, 0x0000, 0x0000, 0x0000, 0x0000, 0x0000, 0x0000, 0x0000, 0x0000, 0x0000, 0x0000, 0x0000, 0x0000, 0x0000, 0x0000, 0x0000, 0x0000, 0x0000, 0x0000, 0x0000, 0x0000, 0x0000, 0x0000, 0x0000, 0x0000, 0x0000, 0x0000, 0x0000, 0x0000, 0x0000, 0x0000, 0x0000, 0x0000, 0x0000, 0x0000, 0x0000, 0x0000, 0x0000, 0x0000, 0x0000, 0x0000, 0x0000, 0x0000, 0x0000, 0x0000, 0x0000, 0x0000, 0x0000, 
    0x0000, 0x0000, 0x0000, 0x0000, 0x0000, 0xFFFF, 0xFFFF, 0x0000, 0x0000, 0x0000, 0x0000, 0x0000, 0x0000, 0x0000, 0x0000, 0x0000, 0x0000, 0x0000, 0x0000, 0x0000, 0x0000, 0x0000, 0x0000, 0x0000, 0x0000, 0x0000, 0x0000, 0x0000, 0x0000, 0x0000, 0x0000, 0x0000, 0x0000, 0x0000, 0x0000, 0x0000, 0x0000, 0x0000, 0x0000, 0x0000, 0x0000, 0x0000, 0x0000, 0x0000, 0x0000, 0x0000, 0x0000, 0x0000, 0x0000, 0x0000, 0x0000, 0x0000, 0x0000, 0x0000, 0x0000, 0x0000, 0x0000, 0x0000, 0x0000, 0x0000, 0x0000, 0x0000, 0x0000, 0x0000, 
    0x0000, 0x0000, 0x0000, 0x0000, 0x0000, 0x0000, 0x0000, 0xFFFF, 0xFFFF, 0x0000, 0x0000, 0x0000, 0x0000, 0x0000, 0x0000, 0x0000, 0x0000, 0x0000, 0x0000, 0x0000, 0x0000, 0x0000, 0x0000, 0x0000, 0x0000, 0x0000, 0x0000, 0x0000, 0x0000, 0x0000, 0x0000, 0x0000, 0x0000, 0x0000, 0x0000, 0x0000, 0x0000, 0x0000, 0x0000, 0x0000, 0x0000, 0x0000, 0x0000, 0x0000, 0x0000, 0x0000, 0x0000, 0x0000, 0x0000, 0x0000, 0x0000, 0x0000, 0x0000, 0x0000, 0x0000, 0x0000, 0x0000, 0x0000, 0x0000, 0x0000, 0x0000, 0x0000, 0x0000, 0x0000, 
    0x0000, 0x0000, 0x0000, 0x0000, 0x0000, 0x0000, 0x0000, 0xFFFF, 0xFFFF, 0x0000, 0x0000, 0x0000, 0x0000, 0x0000, 0x0000, 0xFFFF, 0xFFFF, 0xFFFF, 0xFFFF, 0xFFFF, 0x0000, 0x0000, 0x0000, 0x0000, 0x0000, 0xFFFF, 0xFFFF, 0xFFFF, 0x0000, 0x0000, 0xFFFF, 0xFFFF, 0xFFFF, 0x0000, 0xFFFF, 0xFFFF, 0xFFFF, 0x0000, 0xFFFF, 0x0000, 0xFFFF, 0x0000, 0xFFFF, 0x0000, 0x0000, 0x0000, 0xFFFF, 0x0000, 0xFFFF, 0xFFFF, 0xFFFF, 0x0000, 0x0000, 0x0000, 0x0000, 0x0000, 0x0000, 0x0000, 0x0000, 0x0000, 0x0000, 0x0000, 0x0000, 0x0000, 
    0x0000, 0x0000, 0x0000, 0x0000, 0x0000, 0xFFFF, 0xFFFF, 0x0000, 0x0000, 0x0000, 0x0000, 0x0000, 0x0000, 0x0000, 0xFFFF, 0xFFFF, 0xA1C7, 0xA1C7, 0xA1C7, 0xFFFF, 0xFFFF, 0x0000, 0x0000, 0x0000, 0x0000, 0xFFFF, 0x0000, 0x0000, 0xFFFF, 0x0000, 0xFFFF, 0x0000, 0x0000, 0x0000, 0xFFFF, 0x0000, 0x0000, 0x0000, 0xFFFF, 0x0000, 0xFFFF, 0x0000, 0xFFFF, 0xFFFF, 0x0000, 0xFFFF, 0xFFFF, 0x0000, 0xFFFF, 0x0000, 0x0000, 0x0000, 0x0000, 0x0000, 0x0000, 0x0000, 0x0000, 0x0000, 0x0000, 0x0000, 0x0000, 0x0000, 0x0000, 0x0000, 
    0x0000, 0x0000, 0x0000, 0x0000, 0x0000, 0xFFFF, 0xFFFF, 0x0000, 0x0000, 0x0000, 0x0000, 0x0000, 0x0000, 0x0000, 0xFFFF, 0xFFFF, 0xA1C7, 0xFFFF, 0xA1C7, 0xFFFF, 0xFFFF, 0x0000, 0x0000, 0x0000, 0x0000, 0xFFFF, 0x0000, 0x0000, 0xFFFF, 0x0000, 0xFFFF, 0x0000, 0x0000, 0x0000, 0xFFFF, 0x0000, 0x0000, 0x0000, 0xFFFF, 0x0000, 0xFFFF, 0x0000, 0xFFFF, 0x0000, 0xFFFF, 0x0000, 0xFFFF, 0x0000, 0xFFFF, 0x0000, 0x0000, 0x0000, 0x0000, 0x0000, 0x0000, 0x0000, 0x0000, 0x0000, 0x0000, 0x0000, 0x0000, 0x0000, 0x0000, 0x0000, 
    0x0000, 0x0000, 0x0000, 0x0000, 0x0000, 0x0000, 0x0000, 0xFFFF, 0xFFFF, 0x0000, 0x0000, 0x0000, 0x0000, 0x0000, 0xFFFF, 0xFFFF, 0xA1C7, 0xA1C7, 0xA1C7, 0xFFFF, 0xFFFF, 0x0000, 0x0000, 0x0000, 0x0000, 0xFFFF, 0xFFFF, 0xFFFF, 0x0000, 0x0000, 0xFFFF, 0xFFFF, 0xFFFF, 0x0000, 0xFFFF, 0xFFFF, 0xFFFF, 0x0000, 0xFFFF, 0x0000, 0xFFFF, 0x0000, 0xFFFF, 0x0000, 0x0000, 0x0000, 0xFFFF, 0x0000, 0xFFFF, 0xFFFF, 0xFFFF, 0x0000, 0x0000, 0x0000, 0x0000, 0x0000, 0x0000, 0x0000, 0x0000, 0x0000, 0x0000, 0x0000, 0x0000, 0x0000, 
    0x0000, 0x0000, 0x0000, 0x0000, 0x0000, 0x0000, 0x0000, 0xFFFF, 0xFFFF, 0x0000, 0x0000, 0x0000, 0x0000, 0x0000, 0xFFFF, 0xFFFF, 0xA1C7, 0xFFFF, 0xA1C7, 0xFFFF, 0xFFFF, 0x0000, 0x0000, 0x0000, 0x0000, 0xFFFF, 0x0000, 0x0000, 0xFFFF, 0x0000, 0xFFFF, 0x0000, 0x0000, 0x0000, 0x0000, 0x0000, 0xFFFF, 0x0000, 0xFFFF, 0x0000, 0xFFFF, 0x0000, 0xFFFF, 0x0000, 0x0000, 0x0000, 0xFFFF, 0x0000, 0xFFFF, 0x0000, 0x0000, 0x0000, 0x0000, 0x0000, 0x0000, 0x0000, 0x0000, 0x0000, 0x0000, 0x0000, 0x0000, 0x0000, 0x0000, 0x0000, 
    0x0000, 0x0000, 0x0000, 0x0000, 0x0000, 0xFFFF, 0xFFFF, 0x0000, 0x0000, 0x0000, 0x0000, 0x0000, 0x0000, 0x0000, 0xFFFF, 0xFFFF, 0xA1C7, 0xFFFF, 0xA1C7, 0xFFFF, 0xFFFF, 0x0000, 0x0000, 0x0000, 0x0000, 0xFFFF, 0x0000, 0x0000, 0xFFFF, 0x0000, 0xFFFF, 0x0000, 0x0000, 0x0000, 0x0000, 0x0000, 0xFFFF, 0x0000, 0xFFFF, 0x0000, 0xFFFF, 0x0000, 0xFFFF, 0x0000, 0x0000, 0x0000, 0xFFFF, 0x0000, 0xFFFF, 0x0000, 0x0000, 0x0000, 0x0000, 0x0000, 0x0000, 0x0000, 0x0000, 0x0000, 0x0000, 0x0000, 0x0000, 0x0000, 0x0000, 0x0000, 
    0x0000, 0x0000, 0x0000, 0x0000, 0x0000, 0xFFFF, 0xFFFF, 0x0000, 0x0000, 0x0000, 0x0000, 0x0000, 0x0000, 0x0000, 0x0000, 0xFFFF, 0xFFFF, 0xFFFF, 0xFFFF, 0xFFFF, 0x0000, 0x0000, 0x0000, 0x0000, 0x0000, 0xFFFF, 0x0000, 0x0000, 0xFFFF, 0x0000, 0xFFFF, 0xFFFF, 0xFFFF, 0x0000, 0xFFFF, 0xFFFF, 0xFFFF, 0x0000, 0xFFFF, 0xFFFF, 0xFFFF, 0x0000, 0xFFFF, 0x0000, 0x0000, 0x0000, 0xFFFF, 0x0000, 0xFFFF, 0xFFFF, 0xFFFF, 0x0000, 0x0000, 0x0000, 0x0000, 0x0000, 0x0000, 0x0000, 0x0000, 0x0000, 0x0000, 0x0000, 0x0000, 0x0000, 
    0x0000, 0x0000, 0x0000, 0x0000, 0x0000, 0x0000, 0x0000, 0xFFFF, 0xFFFF, 0x0000, 0x0000, 0x0000, 0x0000, 0x0000, 0x0000, 0x0000, 0x0000, 0x0000, 0x0000, 0x0000, 0x0000, 0x0000, 0x0000, 0x0000, 0x0000, 0x0000, 0x0000, 0x0000, 0x0000, 0x0000, 0x0000, 0x0000, 0x0000, 0x0000, 0x0000, 0x0000, 0x0000, 0x0000, 0x0000, 0x0000, 0x0000, 0x0000, 0x0000, 0x0000, 0x0000, 0x0000, 0x0000, 0x0000, 0x0000, 0x0000, 0x0000, 0x0000, 0x0000, 0x0000, 0x0000, 0x0000, 0x0000, 0x0000, 0x0000, 0x0000, 0x0000, 0x0000, 0x0000, 0x0000, 
    0x0000, 0x0000, 0x0000, 0x0000, 0x0000, 0x0000, 0x0000, 0xFFFF, 0xFFFF, 0x0000, 0x0000, 0x0000, 0x0000, 0x0000, 0x0000, 0x0000, 0x0000, 0x0000, 0x0000, 0x0000, 0x0000, 0x0000, 0x0000, 0x0000, 0x0000, 0x0000, 0x0000, 0x0000, 0x0000, 0x0000, 0x0000, 0x0000, 0x0000, 0x0000, 0x0000, 0x0000, 0x0000, 0x0000, 0x0000, 0x0000, 0x0000, 0x0000, 0x0000, 0x0000, 0x0000, 0x0000, 0x0000, 0x0000, 0x0000, 0x0000, 0x0000, 0x0000, 0x0000, 0x0000, 0x0000, 0x0000, 0x0000, 0x0000, 0x0000, 0x0000, 0x0000, 0x0000, 0x0000, 0x0000, 
    0x0000, 0x0000, 0x0000, 0x0000, 0x0000, 0xFFFF, 0xFFFF, 0x0000, 0x0000, 0x0000, 0x0000, 0x0000, 0x0000, 0x0000, 0x0000, 0x0000, 0x0000, 0x0000, 0x0000, 0x0000, 0x0000, 0x0000, 0x0000, 0x0000, 0x0000, 0x0000, 0x0000, 0x0000, 0x0000, 0x0000, 0x0000, 0x0000, 0x0000, 0x0000, 0x0000, 0x0000, 0x0000, 0x0000, 0x0000, 0x0000, 0x0000, 0x0000, 0x0000, 0x0000, 0x0000, 0x0000, 0x0000, 0x0000, 0x0000, 0x0000, 0x0000, 0x0000, 0x0000, 0x0000, 0x0000, 0x0000, 0x0000, 0x0000, 0x0000, 0x0000, 0x0000, 0x0000, 0x0000, 0x0000, 
    0x0000, 0x0000, 0x0000, 0x0000, 0x0000, 0xFFFF, 0xFFFF, 0x0000, 0x0000, 0x0000, 0x0000, 0x0000, 0x0000, 0x0000, 0x0000, 0xFFFF, 0xFFFF, 0xFFFF, 0xFFFF, 0xFFFF, 0x0000, 0x0000, 0x0000, 0x0000, 0x0000, 0xFFFF, 0xFFFF, 0xFFFF, 0xFFFF, 0x0000, 0xFFFF, 0x0000, 0xFFFF, 0x0000, 0xFFFF, 0x0000, 0xFFFF, 0xFFFF, 0xFFFF, 0x0000, 0x0000, 0x0000, 0x0000, 0x0000, 0x0000, 0x0000, 0x0000, 0x0000, 0x0000, 0x0000, 0x0000, 0x0000, 0x0000, 0x0000, 0x0000, 0x0000, 0x0000, 0x0000, 0x0000, 0x0000, 0x0000, 0x0000, 0x0000, 0x0000, 
    0x0000, 0x0000, 0x0000, 0x0000, 0x0000, 0x0000, 0x0000, 0xFFFF, 0xFFFF, 0x0000, 0x0000, 0x0000, 0x0000, 0x0000, 0xFFFF, 0xFFFF, 0xA1C7, 0xA1C7, 0xA1C7, 0xFFFF, 0xFFFF, 0x0000, 0x0000, 0x0000, 0x0000, 0xFFFF, 0x0000, 0x0000, 0xFFFF, 0x0000, 0xFFFF, 0x0000, 0xFFFF, 0x0000, 0xFFFF, 0x0000, 0x0000, 0xFFFF, 0x0000, 0x0000, 0x0000, 0x0000, 0x0000, 0x0000, 0x0000, 0x0000, 0x0000, 0x0000, 0x0000, 0x0000, 0x0000, 0x0000, 0x0000, 0x0000, 0x0000, 0x0000, 0x0000, 0x0000, 0x0000, 0x0000, 0x0000, 0x0000, 0x0000, 0x0000, 
    0x0000, 0x0000, 0x0000, 0x0000, 0x0000, 0x0000, 0x0000, 0xFFFF, 0xFFFF, 0x0000, 0x0000, 0x0000, 0x0000, 0x0000, 0xFFFF, 0xFFFF, 0xA1C7, 0xFFFF, 0xFFFF, 0xA1C7, 0xFFFF, 0x0000, 0x0000, 0x0000, 0x0000, 0xFFFF, 0x0000, 0x0000, 0xFFFF, 0x0000, 0xFFFF, 0x0000, 0xFFFF, 0x0000, 0xFFFF, 0x0000, 0x0000, 0xFFFF, 0x0000, 0x0000, 0x0000, 0x0000, 0x0000, 0x0000, 0x0000, 0x0000, 0x0000, 0x0000, 0x0000, 0x0000, 0x0000, 0x0000, 0x0000, 0x0000, 0x0000, 0x0000, 0x0000, 0x0000, 0x0000, 0x0000, 0x0000, 0x0000, 0x0000, 0x0000, 
    0x0000, 0x0000, 0x0000, 0x0000, 0x0000, 0xFFFF, 0xFFFF, 0x0000, 0x0000, 0x0000, 0x0000, 0x0000, 0x0000, 0x0000, 0xFFFF, 0xFFFF, 0xA1C7, 0xA1C7, 0xA1C7, 0xFFFF, 0xFFFF, 0x0000, 0x0000, 0x0000, 0x0000, 0xFFFF, 0x0000, 0x0000, 0xFFFF, 0x0000, 0xFFFF, 0x0000, 0xFFFF, 0x0000, 0xFFFF, 0x0000, 0x0000, 0xFFFF, 0x0000, 0x0000, 0x0000, 0x0000, 0x0000, 0x0000, 0x0000, 0x0000, 0x0000, 0x0000, 0x0000, 0x0000, 0x0000, 0x0000, 0x0000, 0x0000, 0x0000, 0x0000, 0x0000, 0x0000, 0x0000, 0x0000, 0x0000, 0x0000, 0x0000, 0x0000, 
    0x0000, 0x0000, 0x0000, 0x0000, 0x0000, 0xFFFF, 0xFFFF, 0x0000, 0x0000, 0x0000, 0x0000, 0x0000, 0x0000, 0x0000, 0xFFFF, 0xFFFF, 0xA1C7, 0xFFFF, 0xFFFF, 0xA1C7, 0xFFFF, 0x0000, 0x0000, 0x0000, 0x0000, 0xFFFF, 0x0000, 0xFFFF, 0xFFFF, 0x0000, 0xFFFF, 0x0000, 0xFFFF, 0x0000, 0xFFFF, 0x0000, 0x0000, 0xFFFF, 0x0000, 0x0000, 0x0000, 0x0000, 0x0000, 0x0000, 0x0000, 0x0000, 0x0000, 0x0000, 0x0000, 0x0000, 0x0000, 0x0000, 0x0000, 0x0000, 0x0000, 0x0000, 0x0000, 0x0000, 0x0000, 0x0000, 0x0000, 0x0000, 0x0000, 0x0000, 
    0x0000, 0x0000, 0x0000, 0x0000, 0x0000, 0x0000, 0x0000, 0xFFFF, 0xFFFF, 0x0000, 0x0000, 0x0000, 0x0000, 0x0000, 0xFFFF, 0xFFFF, 0xA1C7, 0xA1C7, 0xA1C7, 0xFFFF, 0xFFFF, 0x0000, 0x0000, 0x0000, 0x0000, 0xFFFF, 0xFFFF, 0xFFFF, 0xFFFF, 0x0000, 0xFFFF, 0xFFFF, 0xFFFF, 0x0000, 0xFFFF, 0x0000, 0x0000, 0xFFFF, 0x0000, 0x0000, 0x0000, 0x0000, 0x0000, 0x0000, 0x0000, 0x0000, 0x0000, 0x0000, 0x0000, 0x0000, 0x0000, 0x0000, 0x0000, 0x0000, 0x0000, 0x0000, 0x0000, 0x0000, 0x0000, 0x0000, 0x0000, 0x0000, 0x0000, 0x0000, 
    0x0000, 0x0000, 0x0000, 0x0000, 0x0000, 0x0000, 0x0000, 0xFFFF, 0xFFFF, 0x0000, 0x0000, 0x0000, 0x0000, 0x0000, 0x0000, 0xFFFF, 0xFFFF, 0xFFFF, 0xFFFF, 0xFFFF, 0x0000, 0x0000, 0x0000, 0x0000, 0x0000, 0x0000, 0x0000, 0x0000, 0x0000, 0xFFFF, 0x0000, 0x0000, 0x0000, 0x0000, 0x0000, 0x0000, 0x0000, 0x0000, 0x0000, 0x0000, 0x0000, 0x0000, 0x0000, 0x0000, 0x0000, 0x0000, 0x0000, 0x0000, 0x0000, 0x0000, 0x0000, 0x0000, 0x0000, 0x0000, 0x0000, 0x0000, 0x0000, 0x0000, 0x0000, 0x0000, 0x0000, 0x0000, 0x0000, 0x0000, 
    0x0000, 0x0000, 0x0000, 0x0000, 0x0000, 0xFFFF, 0xFFFF, 0x0000, 0x0000, 0x0000, 0x0000, 0x0000, 0x0000, 0x0000, 0x0000, 0x0000, 0x0000, 0x0000, 0x0000, 0x0000, 0x0000, 0x0000, 0x0000, 0x0000, 0x0000, 0x0000, 0x0000, 0x0000, 0x0000, 0x0000, 0x0000, 0x0000, 0x0000, 0x0000, 0x0000, 0x0000, 0x0000, 0x0000, 0x0000, 0x0000, 0x0000, 0x0000, 0x0000, 0x0000, 0x0000, 0x0000, 0x0000, 0x0000, 0x0000, 0x0000, 0x0000, 0x0000, 0x0000, 0x0000, 0x0000, 0x0000, 0x0000, 0x0000, 0x0000, 0x0000, 0x0000, 0x0000, 0x0000, 0x0000, 
    0x0000, 0x0000, 0x0000, 0x0000, 0x0000, 0xFFFF, 0xFFFF, 0x0000, 0x0000, 0x0000, 0x0000, 0x0000, 0x0000, 0x0000, 0x0000, 0x0000, 0x0000, 0x0000, 0x0000, 0x0000, 0x0000, 0x0000, 0x0000, 0x0000, 0x0000, 0x0000, 0x0000, 0x0000, 0x0000, 0x0000, 0x0000, 0x0000, 0x0000, 0x0000, 0x0000, 0x0000, 0x0000, 0x0000, 0x0000, 0x0000, 0x0000, 0x0000, 0x0000, 0x0000, 0x0000, 0x0000, 0x0000, 0x0000, 0x0000, 0x0000, 0x0000, 0x0000, 0x0000, 0x0000, 0x0000, 0x0000, 0x0000, 0x0000, 0x0000, 0x0000, 0x0000, 0x0000, 0x0000, 0x0000, 
    0x0000, 0x0000, 0x0000, 0x0000, 0x0000, 0x0000, 0x0000, 0xFFFF, 0xFFFF, 0x0000, 0x0000, 0x0000, 0x0000, 0x0000, 0x0000, 0x0000, 0x0000, 0x0000, 0x0000, 0x0000, 0x0000, 0x0000, 0x0000, 0x0000, 0x0000, 0x0000, 0x0000, 0x0000, 0x0000, 0x0000, 0x0000, 0x0000, 0x0000, 0x0000, 0x0000, 0x0000, 0x0000, 0x0000, 0x0000, 0x0000, 0x0000, 0x0000, 0x0000, 0x0000, 0x0000, 0x0000, 0x0000, 0x0000, 0x0000, 0x0000, 0x0000, 0x0000, 0x0000, 0x0000, 0x0000, 0x0000, 0x0000, 0x0000, 0x0000, 0x0000, 0x0000, 0x0000, 0x0000, 0x0000, 
    0x0000, 0x0000, 0x0000, 0x0000, 0x0000, 0x0000, 0x0000, 0xFFFF, 0xFFFF, 0x0000, 0x0000, 0x0000, 0x0000, 0x0000, 0x0000, 0x0000, 0x0000, 0x0000, 0x0000, 0x0000, 0x0000, 0x0000, 0x0000, 0x0000, 0x0000, 0x0000, 0x0000, 0x0000, 0x0000, 0x0000, 0x0000, 0x0000, 0x0000, 0x0000, 0x0000, 0x0000, 0x0000, 0x0000, 0x0000, 0x0000, 0x0000, 0x0000, 0x0000, 0x0000, 0x0000, 0x0000, 0x0000, 0x0000, 0x0000, 0x0000, 0x0000, 0x0000, 0x0000, 0x0000, 0x0000, 0x0000, 0x0000, 0x0000, 0x0000, 0x0000, 0x0000, 0x0000, 0x0000, 0x0000, 
    0x0000, 0x0000, 0x0000, 0x0000, 0x0000, 0xFFFF, 0xFFFF, 0x0000, 0x0000, 0x0000, 0x0000, 0x0000, 0x0000, 0x0000, 0x0000, 0x0000, 0x0000, 0x0000, 0x0000, 0x0000, 0x0000, 0x0000, 0x0000, 0x0000, 0x0000, 0x0000, 0x0000, 0x0000, 0x0000, 0x0000, 0x0000, 0x0000, 0x0000, 0x0000, 0x0000, 0x0000, 0x0000, 0x0000, 0x0000, 0x0000, 0x0000, 0x0000, 0x0000, 0x0000, 0x0000, 0x0000, 0x0000, 0x0000, 0x0000, 0x0000, 0x0000, 0x0000, 0x0000, 0x0000, 0x0000, 0x0000, 0x0000, 0x0000, 0x0000, 0x0000, 0x0000, 0x0000, 0x0000, 0x0000, 
    0x0000, 0x0000, 0x0000, 0x0000, 0x0000, 0xFFFF, 0xFFFF, 0x0000, 0x0000, 0x0000, 0x0000, 0x0000, 0x0000, 0x0000, 0x0000, 0x0000, 0x0000, 0x0000, 0x0000, 0x0000, 0x0000, 0x0000, 0x0000, 0x0000, 0x0000, 0x0000, 0x0000, 0x0000, 0x0000, 0x0000, 0x0000, 0x0000, 0x0000, 0x0000, 0x0000, 0x0000, 0x0000, 0x0000, 0x0000, 0x0000, 0x0000, 0x0000, 0x0000, 0x0000, 0x0000, 0x0000, 0x0000, 0x0000, 0x0000, 0x0000, 0x0000, 0x0000, 0x0000, 0x0000, 0x0000, 0x0000, 0x0000, 0x0000, 0x0000, 0x0000, 0x0000, 0x0000, 0x0000, 0x0000, 
    0x0000, 0x0000, 0x0000, 0x0000, 0x0000, 0x0000, 0x0000, 0xFFFF, 0xFFFF, 0x0000, 0x0000, 0x0000, 0x0000, 0x0000, 0x0000, 0x0000, 0x0000, 0x0000, 0x0000, 0x0000, 0x0000, 0x0000, 0x0000, 0x0000, 0x0000, 0x0000, 0x0000, 0x0000, 0x0000, 0x0000, 0x0000, 0x0000, 0x0000, 0x0000, 0x0000, 0x0000, 0x0000, 0x0000, 0x0000, 0x0000, 0x0000, 0x0000, 0x0000, 0x0000, 0x0000, 0x0000, 0x0000, 0x0000, 0x0000, 0x0000, 0x0000, 0x0000, 0x0000, 0x0000, 0x0000, 0x0000, 0x0000, 0x0000, 0x0000, 0x0000, 0x0000, 0x0000, 0x0000, 0x0000, 
    0x0000, 0x0000, 0x0000, 0x0000, 0x0000, 0x0000, 0x0000, 0xFFFF, 0xFFFF, 0x0000, 0x0000, 0x0000, 0x0000, 0x0000, 0x0000, 0x0000, 0x0000, 0x0000, 0x0000, 0x0000, 0x0000, 0x0000, 0x0000, 0x0000, 0x0000, 0x0000, 0x0000, 0x0000, 0x0000, 0x0000, 0x0000, 0x0000, 0x0000, 0x0000, 0x0000, 0x0000, 0x0000, 0x0000, 0x0000, 0x0000, 0x0000, 0x0000, 0x0000, 0x0000, 0x0000, 0x0000, 0x0000, 0x0000, 0x0000, 0x0000, 0x0000, 0x0000, 0x0000, 0x0000, 0x0000, 0x0000, 0x0000, 0x0000, 0x0000, 0x0000, 0x0000, 0x0000, 0x0000, 0x0000, 
    0x0000, 0x0000, 0x0000, 0x0000, 0x0000, 0xFFFF, 0xFFFF, 0x0000, 0x0000, 0x0000, 0x0000, 0x0000, 0x0000, 0x0000, 0x0000, 0x0000, 0x0000, 0x0000, 0x0000, 0x0000, 0x0000, 0x0000, 0x0000, 0x0000, 0x0000, 0x0000, 0x0000, 0x0000, 0x0000, 0x0000, 0x0000, 0x0000, 0x0000, 0x0000, 0x0000, 0x0000, 0x0000, 0x0000, 0x0000, 0x0000, 0x0000, 0x0000, 0x0000, 0x0000, 0x0000, 0x0000, 0x0000, 0x0000, 0x0000, 0x0000, 0x0000, 0x0000, 0x0000, 0x0000, 0x0000, 0x0000, 0x0000, 0x0000, 0x0000, 0x0000, 0x0000, 0x0000, 0x0000, 0x0000, 
    0x0000, 0x0000, 0x0000, 0x0000, 0x0000, 0xFFFF, 0xFFFF, 0x0000, 0x0000, 0x0000, 0x0000, 0x0000, 0x0000, 0x0000, 0x0000, 0x0000, 0x0000, 0x0000, 0x0000, 0x0000, 0x0000, 0x0000, 0x0000, 0x0000, 0x0000, 0x0000, 0x0000, 0x0000, 0x0000, 0x0000, 0x0000, 0x0000, 0x0000, 0x0000, 0x0000, 0x0000, 0x0000, 0x0000, 0x0000, 0x0000, 0x0000, 0x0000, 0x0000, 0x0000, 0x0000, 0x0000, 0x0000, 0x0000, 0x0000, 0x0000, 0x0000, 0x0000, 0x0000, 0x0000, 0x0000, 0x0000, 0x0000, 0x0000, 0x0000, 0x0000, 0x0000, 0x0000, 0x0000, 0x0000, 
    0x0000, 0x0000, 0x0000, 0x0000, 0x0000, 0x0000, 0x0000, 0xFFFF, 0xFFFF, 0x0000, 0x0000, 0x0000, 0x0000, 0x0000, 0x0000, 0x0000, 0x0000, 0x0000, 0x0000, 0x0000, 0x0000, 0x0000, 0x0000, 0x0000, 0x0000, 0x0000, 0x0000, 0x0000, 0x0000, 0x0000, 0x0000, 0x0000, 0x0000, 0x0000, 0x0000, 0x0000, 0x0000, 0x0000, 0x0000, 0x0000, 0x0000, 0x0000, 0x0000, 0x0000, 0x0000, 0x0000, 0x0000, 0x0000, 0x0000, 0x0000, 0x0000, 0x0000, 0x0000, 0x0000, 0x0000, 0x0000, 0x0000, 0x0000, 0x0000, 0x0000, 0x0000, 0x0000, 0x0000, 0x0000, 
    0x0000, 0x0000, 0x0000, 0x0000, 0x0000, 0x0000, 0x0000, 0xFFFF, 0xFFFF, 0x0000, 0x0000, 0x0000, 0x0000, 0x0000, 0x0000, 0x0000, 0x0000, 0x0000, 0x0000, 0x0000, 0x0000, 0x0000, 0x0000, 0x0000, 0x0000, 0x0000, 0x0000, 0x0000, 0x0000, 0x0000, 0x0000, 0x0000, 0x0000, 0x0000, 0x0000, 0x0000, 0x0000, 0x0000, 0x0000, 0x0000, 0x0000, 0x0000, 0x0000, 0x0000, 0x0000, 0x0000, 0x0000, 0x0000, 0x0000, 0x0000, 0x0000, 0x0000, 0x0000, 0x0000, 0x0000, 0x0000, 0x0000, 0x0000, 0x0000, 0x0000, 0x0000, 0x0000, 0x0000, 0x0000, 
    0x0000, 0x0000, 0x0000, 0x0000, 0x0000, 0xFFFF, 0xFFFF, 0x0000, 0x0000, 0x0000, 0x0000, 0x0000, 0x0000, 0x0000, 0x0000, 0x0000, 0x0000, 0x0000, 0x0000, 0x0000, 0x0000, 0x0000, 0x0000, 0x0000, 0x0000, 0x0000, 0x0000, 0x0000, 0x0000, 0x0000, 0x0000, 0x0000, 0x0000, 0x0000, 0x0000, 0x0000, 0x0000, 0x0000, 0x0000, 0x0000, 0x0000, 0x0000, 0x0000, 0x0000, 0x0000, 0x0000, 0x0000, 0x0000, 0x0000, 0x0000, 0x0000, 0x0000, 0x0000, 0x0000, 0x0000, 0x0000, 0x0000, 0x0000, 0x0000, 0x0000, 0x0000, 0x0000, 0x0000, 0x0000, 
    0x0000, 0x0000, 0x0000, 0x0000, 0x0000, 0xFFFF, 0xFFFF, 0x0000, 0x0000, 0x0000, 0x0000, 0x0000, 0x0000, 0x0000, 0x0000, 0x0000, 0x0000, 0x0000, 0x0000, 0x0000, 0x0000, 0x0000, 0x0000, 0x0000, 0x0000, 0x0000, 0x0000, 0x0000, 0x0000, 0x0000, 0x0000, 0x0000, 0x0000, 0x0000, 0x0000, 0x0000, 0x0000, 0x0000, 0x0000, 0x0000, 0x0000, 0x0000, 0x0000, 0x0000, 0x0000, 0x0000, 0x0000, 0x0000, 0x0000, 0x0000, 0x0000, 0x0000, 0x0000, 0x0000, 0x0000, 0x0000, 0x0000, 0x0000, 0x0000, 0x0000, 0x0000, 0x0000, 0x0000, 0x0000, 
    0x0000, 0x0000, 0x0000, 0x0000, 0x0000, 0x0000, 0x0000, 0xFFFF, 0xFFFF, 0x0000, 0x0000, 0x0000, 0x0000, 0x0000, 0x0000, 0x0000, 0x0000, 0x0000, 0x0000, 0x0000, 0x0000, 0x0000, 0x0000, 0x0000, 0x0000, 0x0000, 0x0000, 0x0000, 0x0000, 0x0000, 0x0000, 0x0000, 0x0000, 0x0000, 0x0000, 0x0000, 0x0000, 0x0000, 0x0000, 0x0000, 0x0000, 0x0000, 0x0000, 0x0000, 0x0000, 0x0000, 0x0000, 0x0000, 0x0000, 0x0000, 0x0000, 0x0000, 0x0000, 0x0000, 0x0000, 0x0000, 0x0000, 0x0000, 0x0000, 0x0000, 0x0000, 0x0000, 0x0000, 0x0000, 
    0x0000, 0x0000, 0x0000, 0x0000, 0x0000, 0x0000, 0x0000, 0xFFFF, 0xFFFF, 0x0000, 0x0000, 0x0000, 0x0000, 0x0000, 0x0000, 0x0000, 0x0000, 0x0000, 0x0000, 0x0000, 0x0000, 0x0000, 0x0000, 0x0000, 0x0000, 0x0000, 0x0000, 0x0000, 0x0000, 0x0000, 0x0000, 0x0000, 0x0000, 0x0000, 0x0000, 0x0000, 0x0000, 0x0000, 0x0000, 0x0000, 0x0000, 0x0000, 0x0000, 0x0000, 0x0000, 0x0000, 0x0000, 0x0000, 0x0000, 0x0000, 0x0000, 0x0000, 0x0000, 0x0000, 0x0000, 0x0000, 0x0000, 0x0000, 0x0000, 0x0000, 0x0000, 0x0000, 0x0000, 0x0000, 
    0x0000, 0x0000, 0x0000, 0x0000, 0x0000, 0xFFFF, 0xFFFF, 0x0000, 0x0000, 0x0000, 0x0000, 0x0000, 0x0000, 0x0000, 0x0000, 0x0000, 0x0000, 0x0000, 0x0000, 0x0000, 0x0000, 0x0000, 0x0000, 0x0000, 0x0000, 0x0000, 0x0000, 0x0000, 0x0000, 0x0000, 0x0000, 0x0000, 0x0000, 0x0000, 0x0000, 0x0000, 0x0000, 0x0000, 0x0000, 0x0000, 0x0000, 0x0000, 0x0000, 0x0000, 0x0000, 0x0000, 0x0000, 0x0000, 0x0000, 0x0000, 0x0000, 0x0000, 0x0000, 0x0000, 0x0000, 0x0000, 0x0000, 0x0000, 0x0000, 0x0000, 0x0000, 0x0000, 0x0000, 0x0000, 
    0x0000, 0x0000, 0x0000, 0x0000, 0x0000, 0xFFFF, 0xFFFF, 0x0000, 0x0000, 0x0000, 0x0000, 0x0000, 0x0000, 0x0000, 0x0000, 0x0000, 0x0000, 0x0000, 0x0000, 0x0000, 0x0000, 0x0000, 0x0000, 0x0000, 0x0000, 0x0000, 0x0000, 0x0000, 0x0000, 0x0000, 0x0000, 0x0000, 0x0000, 0x0000, 0x0000, 0x0000, 0x0000, 0x0000, 0x0000, 0x0000, 0x0000, 0x0000, 0x0000, 0x0000, 0x0000, 0x0000, 0x0000, 0x0000, 0x0000, 0x0000, 0x0000, 0x0000, 0x0000, 0x0000, 0x0000, 0x0000, 0x0000, 0x0000, 0x0000, 0x0000, 0x0000, 0x0000, 0x0000, 0x0000, 
};

const uint16_t roadLines[4096] = {
    0x0843, 0x0843, 0x0843, 0x0843, 0x0843, 0x0843, 0x0843, 0x0843, 0x0843, 0x0843, 0x0843, 0x0843, 0x0843, 0x0843, 0x0843, 0x0843, 0x0843, 0x0843, 0x0843, 0x0843, 0x0843, 0x0843, 0x0843, 0x0843, 0x0843, 0x0843, 0x0843, 0x0843, 0x0843, 0x0843, 0x0843, 0x0843, 0xFFFF, 0x0843, 0x0843, 0x0843, 0x0843, 0x0843, 0x0843, 0x0843, 0x0843, 0x0843, 0x0843, 0x0843, 0x0843, 0x0843, 0x0843, 0x0843, 0x0843, 0x0843, 0x0843, 0x0843, 0x0843, 0x0843, 0x0843, 0x0843, 0x0843, 0x0843, 0x0843, 0x0843, 0x0843, 0x0843, 0x0843, 0x0843, 
    0x0843, 0x0843, 0x0843, 0x0843, 0x0843, 0x0843, 0x0843, 0x0843, 0x0843, 0x0843, 0x0843, 0x0843, 0x0843, 0x0843, 0x0843, 0x0843, 0x0843, 0x0843, 0x0843, 0x0843, 0x0843, 0x0843, 0x0843, 0x0843, 0x0843, 0x0843, 0x0843, 0x0843, 0x0843, 0x0843, 0x0843, 0x0843, 0xFFFF, 0x0843, 0x0843, 0x0843, 0x0843, 0x0843, 0x0843, 0x0843, 0x0843, 0x0843, 0x0843, 0x0843, 0x0843, 0x0843, 0x0843, 0x0843, 0x0843, 0x0843, 0x0843, 0x0843, 0x0843, 0x0843, 0x0843, 0x0843, 0x0843, 0x0843, 0x0843, 0x0843, 0x0843, 0x0843, 0x0843, 0x0843, 
    0x0843, 0x0843, 0x0843, 0x0843, 0x0843, 0x0843, 0x0843, 0x0843, 0x0843, 0x0843, 0x0843, 0x0843, 0x0843, 0x0843, 0x0843, 0x0843, 0x0843, 0x0843, 0x0843, 0x0843, 0x0843, 0x0843, 0x0843, 0x0843, 0x0843, 0x0843, 0x0843, 0x0843, 0x0843, 0x0843, 0x0843, 0x0843, 0xFFFF, 0x0843, 0x0843, 0x0843, 0x0843, 0x0843, 0x0843, 0x0843, 0x0843, 0x0843, 0x0843, 0x0843, 0x0843, 0x0843, 0x0843, 0x0843, 0x0843, 0x0843, 0x0843, 0x0843, 0x0843, 0x0843, 0x0843, 0x0843, 0x0843, 0x0843, 0x0843, 0x0843, 0x0843, 0x0843, 0x0843, 0x0843, 
    0x0843, 0x0843, 0x0843, 0x0843, 0x0843, 0x0843, 0x0843, 0x0843, 0x0843, 0x0843, 0x0843, 0x0843, 0x0843, 0x0843, 0x0843, 0x0843, 0x0843, 0x0843, 0x0843, 0x0843, 0x0843, 0x0843, 0x0843, 0x0843, 0x0843, 0x0843, 0x0843, 0x0843, 0x0843, 0x0843, 0x0843, 0x0843, 0xFFFF, 0x0843, 0x0843, 0x0843, 0x0843, 0x0843, 0x0843, 0x0843, 0x0843, 0x0843, 0x0843, 0x0843, 0x0843, 0x0843, 0x0843, 0x0843, 0x0843, 0x0843, 0x0843, 0x0843, 0x0843, 0x0843, 0x0843, 0x0843, 0x0843, 0x0843, 0x0843, 0x0843, 0x0843, 0x0843, 0x0843, 0x0843, 
    0x0843, 0x0843, 0x0843, 0x0843, 0x0843, 0x0843, 0x0843, 0x0843, 0x0843, 0x0843, 0x0843, 0x0843, 0x0843, 0x0843, 0x0843, 0x0843, 0x0843, 0x0843, 0x0843, 0x0843, 0x0843, 0x0843, 0x0843, 0x0843, 0x0843, 0x0843, 0x0843, 0x0843, 0x0843, 0x0843, 0x0843, 0x0843, 0xFFFF, 0x0843, 0x0843, 0x0843, 0x0843, 0x0843, 0x0843, 0x0843, 0x0843, 0x0843, 0x0843, 0x0843, 0x0843, 0x0843, 0x0843, 0x0843, 0x0843, 0x0843, 0x0843, 0x0843, 0x0843, 0x0843, 0x0843, 0x0843, 0x0843, 0x0843, 0x0843, 0x0843, 0x0843, 0x0843, 0x0843, 0x0843, 
    0x0843, 0x0843, 0x0843, 0x0843, 0x0843, 0x0843, 0x0843, 0x0843, 0x0843, 0x0843, 0x0843, 0x0843, 0x0843, 0x0843, 0x0843, 0x0843, 0x0843, 0x0843, 0x0843, 0x0843, 0x0843, 0x0843, 0x0843, 0x0843, 0x0843, 0x0843, 0x0843, 0x0843, 0x0843, 0x0843, 0x0843, 0x0843, 0xFFFF, 0x0843, 0x0843, 0x0843, 0x0843, 0x0843, 0x0843, 0x0843, 0x0843, 0x0843, 0x0843, 0x0843, 0x0843, 0x0843, 0x0843, 0x0843, 0x0843, 0x0843, 0x0843, 0x0843, 0x0843, 0x0843, 0x0843, 0x0843, 0x0843, 0x0843, 0x0843, 0x0843, 0x0843, 0x0843, 0x0843, 0x0843, 
    0x0843, 0x0843, 0x0843, 0x0843, 0x0843, 0x0843, 0x0843, 0x0843, 0x0843, 0x0843, 0x0843, 0x0843, 0x0843, 0x0843, 0x0843, 0x0843, 0x0843, 0x0843, 0x0843, 0x0843, 0x0843, 0x0843, 0x0843, 0x0843, 0x0843, 0x0843, 0x0843, 0x0843, 0x0843, 0x0843, 0x0843, 0x0843, 0xFFFF, 0x0843, 0x0843, 0x0843, 0x0843, 0x0843, 0x0843, 0x0843, 0x0843, 0x0843, 0x0843, 0x0843, 0x0843, 0x0843, 0x0843, 0x0843, 0x0843, 0x0843, 0x0843, 0x0843, 0x0843, 0x0843, 0x0843, 0x0843, 0x0843, 0x0843, 0x0843, 0x0843, 0x0843, 0x0843, 0x0843, 0x0843, 
    0x0843, 0x0843, 0x0843, 0x0843, 0x0843, 0x0843, 0x0843, 0x0843, 0x0843, 0x0843, 0x0843, 0x0843, 0x0843, 0x0843, 0x0843, 0x0843, 0x0843, 0x0843, 0x0843, 0x0843, 0x0843, 0x0843, 0x0843, 0x0843, 0x0843, 0x0843, 0x0843, 0x0843, 0x0843, 0x0843, 0x0843, 0x0843, 0xFFFF, 0x0843, 0x0843, 0x0843, 0x0843, 0x0843, 0x0843, 0x0843, 0x0843, 0x0843, 0x0843, 0x0843, 0x0843, 0x0843, 0x0843, 0x0843, 0x0843, 0x0843, 0x0843, 0x0843, 0x0843, 0x0843, 0x0843, 0x0843, 0x0843, 0x0843, 0x0843, 0x0843, 0x0843, 0x0843, 0x0843, 0x0843, 
    0x0843, 0x0843, 0x0843, 0x0843, 0x0843, 0x0843, 0x0843, 0x0843, 0x0843, 0x0843, 0x0843, 0x0843, 0x0843, 0x0843, 0x0843, 0x0843, 0x0843, 0x0843, 0x0843, 0x0843, 0x0843, 0x0843, 0x0843, 0x0843, 0x0843, 0x0843, 0x0843, 0x0843, 0x0843, 0x0843, 0x0843, 0x0843, 0x0843, 0x0843, 0x0843, 0x0843, 0x0843, 0x0843, 0x0843, 0x0843, 0x0843, 0x0843, 0x0843, 0x0843, 0x0843, 0x0843, 0x0843, 0x0843, 0x0843, 0x0843, 0x0843, 0x0843, 0x0843, 0x0843, 0x0843, 0x0843, 0x0843, 0x0843, 0x0843, 0x0843, 0x0843, 0x0843, 0x0843, 0x0843, 
    0x0843, 0x0843, 0x0843, 0x0843, 0x0843, 0x0843, 0x0843, 0x0843, 0x0843, 0x0843, 0x0843, 0x0843, 0x0843, 0x0843, 0x0843, 0x0843, 0x0843, 0x0843, 0x0843, 0x0843, 0x0843, 0x0843, 0x0843, 0x0843, 0x0843, 0x0843, 0x0843, 0x0843, 0x0843, 0x0843, 0x0843, 0x0843, 0x0843, 0x0843, 0x0843, 0x0843, 0x0843, 0x0843, 0x0843, 0x0843, 0x0843, 0x0843, 0x0843, 0x0843, 0x0843, 0x0843, 0x0843, 0x0843, 0x0843, 0x0843, 0x0843, 0x0843, 0x0843, 0x0843, 0x0843, 0x0843, 0x0843, 0x0843, 0x0843, 0x0843, 0x0843, 0x0843, 0x0843, 0x0843, 
    0x0843, 0x0843, 0x0843, 0x0843, 0x0843, 0x0843, 0x0843, 0x0843, 0x0843, 0x0843, 0x0843, 0x0843, 0x0843, 0x0843, 0x0843, 0x0843, 0x0843, 0x0843, 0x0843, 0x0843, 0x0843, 0x0843, 0x0843, 0x0843, 0x0843, 0x0843, 0x0843, 0x0843, 0x0843, 0x0843, 0x0843, 0x0843, 0x0843, 0x0843, 0x0843, 0x0843, 0x0843, 0x0843, 0x0843, 0x0843, 0x0843, 0x0843, 0x0843, 0x0843, 0x0843, 0x0843, 0x0843, 0x0843, 0x0843, 0x0843, 0x0843, 0x0843, 0x0843, 0x0843, 0x0843, 0x0843, 0x0843, 0x0843, 0x0843, 0x0843, 0x0843, 0x0843, 0x0843, 0x0843, 
    0x0843, 0x0843, 0x0843, 0x0843, 0x0843, 0x0843, 0x0843, 0x0843, 0x0843, 0x0843, 0x0843, 0x0843, 0x0843, 0x0843, 0x0843, 0x0843, 0x0843, 0x0843, 0x0843, 0x0843, 0x0843, 0x0843, 0x0843, 0x0843, 0x0843, 0x0843, 0x0843, 0x0843, 0x0843, 0x0843, 0x0843, 0x0843, 0x0843, 0x0843, 0x0843, 0x0843, 0x0843, 0x0843, 0x0843, 0x0843, 0x0843, 0x0843, 0x0843, 0x0843, 0x0843, 0x0843, 0x0843, 0x0843, 0x0843, 0x0843, 0x0843, 0x0843, 0x0843, 0x0843, 0x0843, 0x0843, 0x0843, 0x0843, 0x0843, 0x0843, 0x0843, 0x0843, 0x0843, 0x0843, 
    0x0843, 0x0843, 0x0843, 0x0843, 0x0843, 0x0843, 0x0843, 0x0843, 0x0843, 0x0843, 0x0843, 0x0843, 0x0843, 0x0843, 0x0843, 0x0843, 0x0843, 0x0843, 0x0843, 0x0843, 0x0843, 0x0843, 0x0843, 0x0843, 0x0843, 0x0843, 0x0843, 0x0843, 0x0843, 0x0843, 0x0843, 0x0843, 0x0843, 0x0843, 0x0843, 0x0843, 0x0843, 0x0843, 0x0843, 0x0843, 0x0843, 0x0843, 0x0843, 0x0843, 0x0843, 0x0843, 0x0843, 0x0843, 0x0843, 0x0843, 0x0843, 0x0843, 0x0843, 0x0843, 0x0843, 0x0843, 0x0843, 0x0843, 0x0843, 0x0843, 0x0843, 0x0843, 0x0843, 0x0843, 
    0x0843, 0x0843, 0x0843, 0x0843, 0x0843, 0x0843, 0x0843, 0x0843, 0x0843, 0x0843, 0x0843, 0x0843, 0x0843, 0x0843, 0x0843, 0x0843, 0x0843, 0x0843, 0x0843, 0x0843, 0x0843, 0x0843, 0x0843, 0x0843, 0x0843, 0x0843, 0x0843, 0x0843, 0x0843, 0x0843, 0x0843, 0x0843, 0x0843, 0x0843, 0x0843, 0x0843, 0x0843, 0x0843, 0x0843, 0x0843, 0x0843, 0x0843, 0x0843, 0x0843, 0x0843, 0x0843, 0x0843, 0x0843, 0x0843, 0x0843, 0x0843, 0x0843, 0x0843, 0x0843, 0x0843, 0x0843, 0x0843, 0x0843, 0x0843, 0x0843, 0x0843, 0x0843, 0x0843, 0x0843, 
    0x0843, 0x0843, 0x0843, 0x0843, 0x0843, 0x0843, 0x0843, 0x0843, 0x0843, 0x0843, 0x0843, 0x0843, 0x0843, 0x0843, 0x0843, 0x0843, 0x0843, 0x0843, 0x0843, 0x0843, 0x0843, 0x0843, 0x0843, 0x0843, 0x0843, 0x0843, 0x0843, 0x0843, 0x0843, 0x0843, 0x0843, 0x0843, 0x0843, 0x0843, 0x0843, 0x0843, 0x0843, 0x0843, 0x0843, 0x0843, 0x0843, 0x0843, 0x0843, 0x0843, 0x0843, 0x0843, 0x0843, 0x0843, 0x0843, 0x0843, 0x0843, 0x0843, 0x0843, 0x0843, 0x0843, 0x0843, 0x0843, 0x0843, 0x0843, 0x0843, 0x0843, 0x0843, 0x0843, 0x0843, 
    0x0843, 0x0843, 0x0843, 0x0843, 0x0843, 0x0843, 0x0843, 0x0843, 0x0843, 0x0843, 0x0843, 0x0843, 0x0843, 0x0843, 0x0843, 0x0843, 0x0843, 0x0843, 0x0843, 0x0843, 0x0843, 0x0843, 0x0843, 0x0843, 0x0843, 0x0843, 0x0843, 0x0843, 0x0843, 0x0843, 0x0843, 0x0843, 0x0843, 0x0843, 0x0843, 0x0843, 0x0843, 0x0843, 0x0843, 0x0843, 0x0843, 0x0843, 0x0843, 0x0843, 0x0843, 0x0843, 0x0843, 0x0843, 0x0843, 0x0843, 0x0843, 0x0843, 0x0843, 0x0843, 0x0843, 0x0843, 0x0843, 0x0843, 0x0843, 0x0843, 0x0843, 0x0843, 0x0843, 0x0843, 
    0x0843, 0x0843, 0x0843, 0x0843, 0x0843, 0x0843, 0x0843, 0x0843, 0x0843, 0x0843, 0x0843, 0x0843, 0x0843, 0x0843, 0x0843, 0x0843, 0x0843, 0x0843, 0x0843, 0x0843, 0x0843, 0x0843, 0x0843, 0x0843, 0x0843, 0x0843, 0x0843, 0x0843, 0x0843, 0x0843, 0x0843, 0x0843, 0xFFFF, 0x0843, 0x0843, 0x0843, 0x0843, 0x0843, 0x0843, 0x0843, 0x0843, 0x0843, 0x0843, 0x0843, 0x0843, 0x0843, 0x0843, 0x0843, 0x0843, 0x0843, 0x0843, 0x0843, 0x0843, 0x0843, 0x0843, 0x0843, 0x0843, 0x0843, 0x0843, 0x0843, 0x0843, 0x0843, 0x0843, 0x0843, 
    0x0843, 0x0843, 0x0843, 0x0843, 0x0843, 0x0843, 0x0843, 0x0843, 0x0843, 0x0843, 0x0843, 0x0843, 0x0843, 0x0843, 0x0843, 0x0843, 0x0843, 0x0843, 0x0843, 0x0843, 0x0843, 0x0843, 0x0843, 0x0843, 0x0843, 0x0843, 0x0843, 0x0843, 0x0843, 0x0843, 0x0843, 0x0843, 0xFFFF, 0x0843, 0x0843, 0x0843, 0x0843, 0x0843, 0x0843, 0x0843, 0x0843, 0x0843, 0x0843, 0x0843, 0x0843, 0x0843, 0x0843, 0x0843, 0x0843, 0x0843, 0x0843, 0x0843, 0x0843, 0x0843, 0x0843, 0x0843, 0x0843, 0x0843, 0x0843, 0x0843, 0x0843, 0x0843, 0x0843, 0x0843, 
    0x0843, 0x0843, 0x0843, 0x0843, 0x0843, 0x0843, 0x0843, 0x0843, 0x0843, 0x0843, 0x0843, 0x0843, 0x0843, 0x0843, 0x0843, 0x0843, 0x0843, 0x0843, 0x0843, 0x0843, 0x0843, 0x0843, 0x0843, 0x0843, 0x0843, 0x0843, 0x0843, 0x0843, 0x0843, 0x0843, 0x0843, 0x0843, 0xFFFF, 0x0843, 0x0843, 0x0843, 0x0843, 0x0843, 0x0843, 0x0843, 0x0843, 0x0843, 0x0843, 0x0843, 0x0843, 0x0843, 0x0843, 0x0843, 0x0843, 0x0843, 0x0843, 0x0843, 0x0843, 0x0843, 0x0843, 0x0843, 0x0843, 0x0843, 0x0843, 0x0843, 0x0843, 0x0843, 0x0843, 0x0843, 
    0x0843, 0x0843, 0x0843, 0x0843, 0x0843, 0x0843, 0x0843, 0x0843, 0x0843, 0x0843, 0x0843, 0x0843, 0x0843, 0x0843, 0x0843, 0x0843, 0x0843, 0x0843, 0x0843, 0x0843, 0x0843, 0x0843, 0x0843, 0x0843, 0x0843, 0x0843, 0x0843, 0x0843, 0x0843, 0x0843, 0x0843, 0x0843, 0xFFFF, 0x0843, 0x0843, 0x0843, 0x0843, 0x0843, 0x0843, 0x0843, 0x0843, 0x0843, 0x0843, 0x0843, 0x0843, 0x0843, 0x0843, 0x0843, 0x0843, 0x0843, 0x0843, 0x0843, 0x0843, 0x0843, 0x0843, 0x0843, 0x0843, 0x0843, 0x0843, 0x0843, 0x0843, 0x0843, 0x0843, 0x0843, 
    0x0843, 0x0843, 0x0843, 0x0843, 0x0843, 0x0843, 0x0843, 0x0843, 0x0843, 0x0843, 0x0843, 0x0843, 0x0843, 0x0843, 0x0843, 0x0843, 0x0843, 0x0843, 0x0843, 0x0843, 0x0843, 0x0843, 0x0843, 0x0843, 0x0843, 0x0843, 0x0843, 0x0843, 0x0843, 0x0843, 0x0843, 0x0843, 0xFFFF, 0x0843, 0x0843, 0x0843, 0x0843, 0x0843, 0x0843, 0x0843, 0x0843, 0x0843, 0x0843, 0x0843, 0x0843, 0x0843, 0x0843, 0x0843, 0x0843, 0x0843, 0x0843, 0x0843, 0x0843, 0x0843, 0x0843, 0x0843, 0x0843, 0x0843, 0x0843, 0x0843, 0x0843, 0x0843, 0x0843, 0x0843, 
    0x0843, 0x0843, 0x0843, 0x0843, 0x0843, 0x0843, 0x0843, 0x0843, 0x0843, 0x0843, 0x0843, 0x0843, 0x0843, 0x0843, 0x0843, 0x0843, 0x0843, 0x0843, 0x0843, 0x0843, 0x0843, 0x0843, 0x0843, 0x0843, 0x0843, 0x0843, 0x0843, 0x0843, 0x0843, 0x0843, 0x0843, 0x0843, 0xFFFF, 0x0843, 0x0843, 0x0843, 0x0843, 0x0843, 0x0843, 0x0843, 0x0843, 0x0843, 0x0843, 0x0843, 0x0843, 0x0843, 0x0843, 0x0843, 0x0843, 0x0843, 0x0843, 0x0843, 0x0843, 0x0843, 0x0843, 0x0843, 0x0843, 0x0843, 0x0843, 0x0843, 0x0843, 0x0843, 0x0843, 0x0843, 
    0x0843, 0x0843, 0x0843, 0x0843, 0x0843, 0x0843, 0x0843, 0x0843, 0x0843, 0x0843, 0x0843, 0x0843, 0x0843, 0x0843, 0x0843, 0x0843, 0x0843, 0x0843, 0x0843, 0x0843, 0x0843, 0x0843, 0x0843, 0x0843, 0x0843, 0x0843, 0x0843, 0x0843, 0x0843, 0x0843, 0x0843, 0x0843, 0xFFFF, 0x0843, 0x0843, 0x0843, 0x0843, 0x0843, 0x0843, 0x0843, 0x0843, 0x0843, 0x0843, 0x0843, 0x0843, 0x0843, 0x0843, 0x0843, 0x0843, 0x0843, 0x0843, 0x0843, 0x0843, 0x0843, 0x0843, 0x0843, 0x0843, 0x0843, 0x0843, 0x0843, 0x0843, 0x0843, 0x0843, 0x0843, 
    0x0843, 0x0843, 0x0843, 0x0843, 0x0843, 0x0843, 0x0843, 0x0843, 0x0843, 0x0843, 0x0843, 0x0843, 0x0843, 0x0843, 0x0843, 0x0843, 0x0843, 0x0843, 0x0843, 0x0843, 0x0843, 0x0843, 0x0843, 0x0843, 0x0843, 0x0843, 0x0843, 0x0843, 0x0843, 0x0843, 0x0843, 0x0843, 0xFFFF, 0x0843, 0x0843, 0x0843, 0x0843, 0x0843, 0x0843, 0x0843, 0x0843, 0x0843, 0x0843, 0x0843, 0x0843, 0x0843, 0x0843, 0x0843, 0x0843, 0x0843, 0x0843, 0x0843, 0x0843, 0x0843, 0x0843, 0x0843, 0x0843, 0x0843, 0x0843, 0x0843, 0x0843, 0x0843, 0x0843, 0x0843, 
    0x0843, 0x0843, 0x0843, 0x0843, 0x0843, 0x0843, 0x0843, 0x0843, 0x0843, 0x0843, 0x0843, 0x0843, 0x0843, 0x0843, 0x0843, 0x0843, 0x0843, 0x0843, 0x0843, 0x0843, 0x0843, 0x0843, 0x0843, 0x0843, 0x0843, 0x0843, 0x0843, 0x0843, 0x0843, 0x0843, 0x0843, 0x0843, 0xFFFF, 0x0843, 0x0843, 0x0843, 0x0843, 0x0843, 0x0843, 0x0843, 0x0843, 0x0843, 0x0843, 0x0843, 0x0843, 0x0843, 0x0843, 0x0843, 0x0843, 0x0843, 0x0843, 0x0843, 0x0843, 0x0843, 0x0843, 0x0843, 0x0843, 0x0843, 0x0843, 0x0843, 0x0843, 0x0843, 0x0843, 0x0843, 
    0x0843, 0x0843, 0x0843, 0x0843, 0x0843, 0x0843, 0x0843, 0x0843, 0x0843, 0x0843, 0x0843, 0x0843, 0x0843, 0x0843, 0x0843, 0x0843, 0x0843, 0x0843, 0x0843, 0x0843, 0x0843, 0x0843, 0x0843, 0x0843, 0x0843, 0x0843, 0x0843, 0x0843, 0x0843, 0x0843, 0x0843, 0x0843, 0xFFFF, 0x0843, 0x0843, 0x0843, 0x0843, 0x0843, 0x0843, 0x0843, 0x0843, 0x0843, 0x0843, 0x0843, 0x0843, 0x0843, 0x0843, 0x0843, 0x0843, 0x0843, 0x0843, 0x0843, 0x0843, 0x0843, 0x0843, 0x0843, 0x0843, 0x0843, 0x0843, 0x0843, 0x0843, 0x0843, 0x0843, 0x0843, 
    0x0843, 0x0843, 0x0843, 0x0843, 0x0843, 0x0843, 0x0843, 0x0843, 0x0843, 0x0843, 0x0843, 0x0843, 0x0843, 0x0843, 0x0843, 0x0843, 0x0843, 0x0843, 0x0843, 0x0843, 0x0843, 0x0843, 0x0843, 0x0843, 0x0843, 0x0843, 0x0843, 0x0843, 0x0843, 0x0843, 0x0843, 0x0843, 0x0843, 0x0843, 0x0843, 0x0843, 0x0843, 0x0843, 0x0843, 0x0843, 0x0843, 0x0843, 0x0843, 0x0843, 0x0843, 0x0843, 0x0843, 0x0843, 0x0843, 0x0843, 0x0843, 0x0843, 0x0843, 0x0843, 0x0843, 0x0843, 0x0843, 0x0843, 0x0843, 0x0843, 0x0843, 0x0843, 0x0843, 0x0843, 
    0x0843, 0x0843, 0x0843, 0x0843, 0x0843, 0x0843, 0x0843, 0x0843, 0x0843, 0x0843, 0x0843, 0x0843, 0x0843, 0x0843, 0x0843, 0x0843, 0x0843, 0x0843, 0x0843, 0x0843, 0x0843, 0x0843, 0x0843, 0x0843, 0x0843, 0x0843, 0x0843, 0x0843, 0x0843, 0x0843, 0x0843, 0x0843, 0x0843, 0x0843, 0x0843, 0x0843, 0x0843, 0x0843, 0x0843, 0x0843, 0x0843, 0x0843, 0x0843, 0x0843, 0x0843, 0x0843, 0x0843, 0x0843, 0x0843, 0x0843, 0x0843, 0x0843, 0x0843, 0x0843, 0x0843, 0x0843, 0x0843, 0x0843, 0x0843, 0x0843, 0x0843, 0x0843, 0x0843, 0x0843, 
    0x0843, 0x0843, 0x0843, 0x0843, 0x0843, 0x0843, 0x0843, 0x0843, 0x0843, 0x0843, 0x0843, 0x0843, 0x0843, 0x0843, 0x0843, 0x0843, 0x0843, 0x0843, 0x0843, 0x0843, 0x0843, 0x0843, 0x0843, 0x0843, 0x0843, 0x0843, 0x0843, 0x0843, 0x0843, 0x0843, 0x0843, 0x0843, 0x0843, 0x0843, 0x0843, 0x0843, 0x0843, 0x0843, 0x0843, 0x0843, 0x0843, 0x0843, 0x0843, 0x0843, 0x0843, 0x0843, 0x0843, 0x0843, 0x0843, 0x0843, 0x0843, 0x0843, 0x0843, 0x0843, 0x0843, 0x0843, 0x0843, 0x0843, 0x0843, 0x0843, 0x0843, 0x0843, 0x0843, 0x0843, 
    0x0843, 0x0843, 0x0843, 0x0843, 0x0843, 0x0843, 0x0843, 0x0843, 0x0843, 0x0843, 0x0843, 0x0843, 0x0843, 0x0843, 0x0843, 0x0843, 0x0843, 0x0843, 0x0843, 0x0843, 0x0843, 0x0843, 0x0843, 0x0843, 0x0843, 0x0843, 0x0843, 0x0843, 0x0843, 0x0843, 0x0843, 0x0843, 0x0843, 0x0843, 0x0843, 0x0843, 0x0843, 0x0843, 0x0843, 0x0843, 0x0843, 0x0843, 0x0843, 0x0843, 0x0843, 0x0843, 0x0843, 0x0843, 0x0843, 0x0843, 0x0843, 0x0843, 0x0843, 0x0843, 0x0843, 0x0843, 0x0843, 0x0843, 0x0843, 0x0843, 0x0843, 0x0843, 0x0843, 0x0843, 
    0x0843, 0x0843, 0x0843, 0x0843, 0x0843, 0x0843, 0x0843, 0x0843, 0x0843, 0x0843, 0x0843, 0x0843, 0x0843, 0x0843, 0x0843, 0x0843, 0x0843, 0x0843, 0x0843, 0x0843, 0x0843, 0x0843, 0x0843, 0x0843, 0x0843, 0x0843, 0x0843, 0x0843, 0x0843, 0x0843, 0x0843, 0x0843, 0x0843, 0x0843, 0x0843, 0x0843, 0x0843, 0x0843, 0x0843, 0x0843, 0x0843, 0x0843, 0x0843, 0x0843, 0x0843, 0x0843, 0x0843, 0x0843, 0x0843, 0x0843, 0x0843, 0x0843, 0x0843, 0x0843, 0x0843, 0x0843, 0x0843, 0x0843, 0x0843, 0x0843, 0x0843, 0x0843, 0x0843, 0x0843, 
    0x0843, 0x0843, 0x0843, 0x0843, 0x0843, 0x0843, 0x0843, 0x0843, 0x0843, 0x0843, 0x0843, 0x0843, 0x0843, 0x0843, 0x0843, 0x0843, 0x0843, 0x0843, 0x0843, 0x0843, 0x0843, 0x0843, 0x0843, 0x0843, 0x0843, 0x0843, 0x0843, 0x0843, 0x0843, 0x0843, 0x0843, 0x0843, 0x0843, 0x0843, 0x0843, 0x0843, 0x0843, 0x0843, 0x0843, 0x0843, 0x0843, 0x0843, 0x0843, 0x0843, 0x0843, 0x0843, 0x0843, 0x0843, 0x0843, 0x0843, 0x0843, 0x0843, 0x0843, 0x0843, 0x0843, 0x0843, 0x0843, 0x0843, 0x0843, 0x0843, 0x0843, 0x0843, 0x0843, 0x0843, 
    0x0843, 0x0843, 0x0843, 0x0843, 0x0843, 0x0843, 0x0843, 0x0843, 0x0843, 0x0843, 0x0843, 0x0843, 0x0843, 0x0843, 0x0843, 0x0843, 0x0843, 0x0843, 0x0843, 0x0843, 0x0843, 0x0843, 0x0843, 0x0843, 0x0843, 0x0843, 0x0843, 0x0843, 0x0843, 0x0843, 0x0843, 0x0843, 0x0843, 0x0843, 0x0843, 0x0843, 0x0843, 0x0843, 0x0843, 0x0843, 0x0843, 0x0843, 0x0843, 0x0843, 0x0843, 0x0843, 0x0843, 0x0843, 0x0843, 0x0843, 0x0843, 0x0843, 0x0843, 0x0843, 0x0843, 0x0843, 0x0843, 0x0843, 0x0843, 0x0843, 0x0843, 0x0843, 0x0843, 0x0843, 
    0x0843, 0x0843, 0x0843, 0x0843, 0x0843, 0x0843, 0x0843, 0x0843, 0x0843, 0x0843, 0x0843, 0x0843, 0x0843, 0x0843, 0x0843, 0x0843, 0x0843, 0x0843, 0x0843, 0x0843, 0x0843, 0x0843, 0x0843, 0x0843, 0x0843, 0x0843, 0x0843, 0x0843, 0x0843, 0x0843, 0x0843, 0x0843, 0x0843, 0x0843, 0x0843, 0x0843, 0x0843, 0x0843, 0x0843, 0x0843, 0x0843, 0x0843, 0x0843, 0x0843, 0x0843, 0x0843, 0x0843, 0x0843, 0x0843, 0x0843, 0x0843, 0x0843, 0x0843, 0x0843, 0x0843, 0x0843, 0x0843, 0x0843, 0x0843, 0x0843, 0x0843, 0x0843, 0x0843, 0x0843, 
    0x0843, 0x0843, 0x0843, 0x0843, 0x0843, 0x0843, 0x0843, 0x0843, 0x0843, 0x0843, 0x0843, 0x0843, 0x0843, 0x0843, 0x0843, 0x0843, 0x0843, 0x0843, 0x0843, 0x0843, 0x0843, 0x0843, 0x0843, 0x0843, 0x0843, 0x0843, 0x0843, 0x0843, 0x0843, 0x0843, 0x0843, 0x0843, 0x0843, 0x0843, 0x0843, 0x0843, 0x0843, 0x0843, 0x0843, 0x0843, 0x0843, 0x0843, 0x0843, 0x0843, 0x0843, 0x0843, 0x0843, 0x0843, 0x0843, 0x0843, 0x0843, 0x0843, 0x0843, 0x0843, 0x0843, 0x0843, 0x0843, 0x0843, 0x0843, 0x0843, 0x0843, 0x0843, 0x0843, 0x0843, 
    0x0843, 0x0843, 0x0843, 0x0843, 0x0843, 0x0843, 0x0843, 0x0843, 0x0843, 0x0843, 0x0843, 0x0843, 0x0843, 0x0843, 0x0843, 0x0843, 0x0843, 0x0843, 0x0843, 0x0843, 0x0843, 0x0843, 0x0843, 0x0843, 0x0843, 0x0843, 0x0843, 0x0843, 0x0843, 0x0843, 0x0843, 0x0843, 0x0843, 0x0843, 0x0843, 0x0843, 0x0843, 0x0843, 0x0843, 0x0843, 0x0843, 0x0843, 0x0843, 0x0843, 0x0843, 0x0843, 0x0843, 0x0843, 0x0843, 0x0843, 0x0843, 0x0843, 0x0843, 0x0843, 0x0843, 0x0843, 0x0843, 0x0843, 0x0843, 0x0843, 0x0843, 0x0843, 0x0843, 0x0843, 
    0x0843, 0x0843, 0x0843, 0x0843, 0x0843, 0x0843, 0x0843, 0x0843, 0x0843, 0x0843, 0x0843, 0x0843, 0x0843, 0x0843, 0x0843, 0x0843, 0x0843, 0x0843, 0x0843, 0x0843, 0x0843, 0x0843, 0x0843, 0x0843, 0x0843, 0x0843, 0x0843, 0x0843, 0x0843, 0x0843, 0x0843, 0x0843, 0xFFFF, 0x0843, 0x0843, 0x0843, 0x0843, 0x0843, 0x0843, 0x0843, 0x0843, 0x0843, 0x0843, 0x0843, 0x0843, 0x0843, 0x0843, 0x0843, 0x0843, 0x0843, 0x0843, 0x0843, 0x0843, 0x0843, 0x0843, 0x0843, 0x0843, 0x0843, 0x0843, 0x0843, 0x0843, 0x0843, 0x0843, 0x0843, 
    0x0843, 0x0843, 0x0843, 0x0843, 0x0843, 0x0843, 0x0843, 0x0843, 0x0843, 0x0843, 0x0843, 0x0843, 0x0843, 0x0843, 0x0843, 0x0843, 0x0843, 0x0843, 0x0843, 0x0843, 0x0843, 0x0843, 0x0843, 0x0843, 0x0843, 0x0843, 0x0843, 0x0843, 0x0843, 0x0843, 0x0843, 0x0843, 0xFFFF, 0x0843, 0x0843, 0x0843, 0x0843, 0x0843, 0x0843, 0x0843, 0x0843, 0x0843, 0x0843, 0x0843, 0x0843, 0x0843, 0x0843, 0x0843, 0x0843, 0x0843, 0x0843, 0x0843, 0x0843, 0x0843, 0x0843, 0x0843, 0x0843, 0x0843, 0x0843, 0x0843, 0x0843, 0x0843, 0x0843, 0x0843, 
    0x0843, 0x0843, 0x0843, 0x0843, 0x0843, 0x0843, 0x0843, 0x0843, 0x0843, 0x0843, 0x0843, 0x0843, 0x0843, 0x0843, 0x0843, 0x0843, 0x0843, 0x0843, 0x0843, 0x0843, 0x0843, 0x0843, 0x0843, 0x0843, 0x0843, 0x0843, 0x0843, 0x0843, 0x0843, 0x0843, 0x0843, 0x0843, 0xFFFF, 0x0843, 0x0843, 0x0843, 0x0843, 0x0843, 0x0843, 0x0843, 0x0843, 0x0843, 0x0843, 0x0843, 0x0843, 0x0843, 0x0843, 0x0843, 0x0843, 0x0843, 0x0843, 0x0843, 0x0843, 0x0843, 0x0843, 0x0843, 0x0843, 0x0843, 0x0843, 0x0843, 0x0843, 0x0843, 0x0843, 0x0843, 
    0x0843, 0x0843, 0x0843, 0x0843, 0x0843, 0x0843, 0x0843, 0x0843, 0x0843, 0x0843, 0x0843, 0x0843, 0x0843, 0x0843, 0x0843, 0x0843, 0x0843, 0x0843, 0x0843, 0x0843, 0x0843, 0x0843, 0x0843, 0x0843, 0x0843, 0x0843, 0x0843, 0x0843, 0x0843, 0x0843, 0x0843, 0x0843, 0xFFFF, 0x0843, 0x0843, 0x0843, 0x0843, 0x0843, 0x0843, 0x0843, 0x0843, 0x0843, 0x0843, 0x0843, 0x0843, 0x0843, 0x0843, 0x0843, 0x0843, 0x0843, 0x0843, 0x0843, 0x0843, 0x0843, 0x0843, 0x0843, 0x0843, 0x0843, 0x0843, 0x0843, 0x0843, 0x0843, 0x0843, 0x0843, 
    0x0843, 0x0843, 0x0843, 0x0843, 0x0843, 0x0843, 0x0843, 0x0843, 0x0843, 0x0843, 0x0843, 0x0843, 0x0843, 0x0843, 0x0843, 0x0843, 0x0843, 0x0843, 0x0843, 0x0843, 0x0843, 0x0843, 0x0843, 0x0843, 0x0843, 0x0843, 0x0843, 0x0843, 0x0843, 0x0843, 0x0843, 0x0843, 0xFFFF, 0x0843, 0x0843, 0x0843, 0x0843, 0x0843, 0x0843, 0x0843, 0x0843, 0x0843, 0x0843, 0x0843, 0x0843, 0x0843, 0x0843, 0x0843, 0x0843, 0x0843, 0x0843, 0x0843, 0x0843, 0x0843, 0x0843, 0x0843, 0x0843, 0x0843, 0x0843, 0x0843, 0x0843, 0x0843, 0x0843, 0x0843, 
    0x0843, 0x0843, 0x0843, 0x0843, 0x0843, 0x0843, 0x0843, 0x0843, 0x0843, 0x0843, 0x0843, 0x0843, 0x0843, 0x0843, 0x0843, 0x0843, 0x0843, 0x0843, 0x0843, 0x0843, 0x0843, 0x0843, 0x0843, 0x0843, 0x0843, 0x0843, 0x0843, 0x0843, 0x0843, 0x0843, 0x0843, 0x0843, 0xFFFF, 0x0843, 0x0843, 0x0843, 0x0843, 0x0843, 0x0843, 0x0843, 0x0843, 0x0843, 0x0843, 0x0843, 0x0843, 0x0843, 0x0843, 0x0843, 0x0843, 0x0843, 0x0843, 0x0843, 0x0843, 0x0843, 0x0843, 0x0843, 0x0843, 0x0843, 0x0843, 0x0843, 0x0843, 0x0843, 0x0843, 0x0843, 
    0x0843, 0x0843, 0x0843, 0x0843, 0x0843, 0x0843, 0x0843, 0x0843, 0x0843, 0x0843, 0x0843, 0x0843, 0x0843, 0x0843, 0x0843, 0x0843, 0x0843, 0x0843, 0x0843, 0x0843, 0x0843, 0x0843, 0x0843, 0x0843, 0x0843, 0x0843, 0x0843, 0x0843, 0x0843, 0x0843, 0x0843, 0x0843, 0xFFFF, 0x0843, 0x0843, 0x0843, 0x0843, 0x0843, 0x0843, 0x0843, 0x0843, 0x0843, 0x0843, 0x0843, 0x0843, 0x0843, 0x0843, 0x0843, 0x0843, 0x0843, 0x0843, 0x0843, 0x0843, 0x0843, 0x0843, 0x0843, 0x0843, 0x0843, 0x0843, 0x0843, 0x0843, 0x0843, 0x0843, 0x0843, 
    0x0843, 0x0843, 0x0843, 0x0843, 0x0843, 0x0843, 0x0843, 0x0843, 0x0843, 0x0843, 0x0843, 0x0843, 0x0843, 0x0843, 0x0843, 0x0843, 0x0843, 0x0843, 0x0843, 0x0843, 0x0843, 0x0843, 0x0843, 0x0843, 0x0843, 0x0843, 0x0843, 0x0843, 0x0843, 0x0843, 0x0843, 0x0843, 0xFFFF, 0x0843, 0x0843, 0x0843, 0x0843, 0x0843, 0x0843, 0x0843, 0x0843, 0x0843, 0x0843, 0x0843, 0x0843, 0x0843, 0x0843, 0x0843, 0x0843, 0x0843, 0x0843, 0x0843, 0x0843, 0x0843, 0x0843, 0x0843, 0x0843, 0x0843, 0x0843, 0x0843, 0x0843, 0x0843, 0x0843, 0x0843, 
    0x0843, 0x0843, 0x0843, 0x0843, 0x0843, 0x0843, 0x0843, 0x0843, 0x0843, 0x0843, 0x0843, 0x0843, 0x0843, 0x0843, 0x0843, 0x0843, 0x0843, 0x0843, 0x0843, 0x0843, 0x0843, 0x0843, 0x0843, 0x0843, 0x0843, 0x0843, 0x0843, 0x0843, 0x0843, 0x0843, 0x0843, 0x0843, 0xFFFF, 0x0843, 0x0843, 0x0843, 0x0843, 0x0843, 0x0843, 0x0843, 0x0843, 0x0843, 0x0843, 0x0843, 0x0843, 0x0843, 0x0843, 0x0843, 0x0843, 0x0843, 0x0843, 0x0843, 0x0843, 0x0843, 0x0843, 0x0843, 0x0843, 0x0843, 0x0843, 0x0843, 0x0843, 0x0843, 0x0843, 0x0843, 
    0x0843, 0x0843, 0x0843, 0x0843, 0x0843, 0x0843, 0x0843, 0x0843, 0x0843, 0x0843, 0x0843, 0x0843, 0x0843, 0x0843, 0x0843, 0x0843, 0x0843, 0x0843, 0x0843, 0x0843, 0x0843, 0x0843, 0x0843, 0x0843, 0x0843, 0x0843, 0x0843, 0x0843, 0x0843, 0x0843, 0x0843, 0x0843, 0xFFFF, 0x0843, 0x0843, 0x0843, 0x0843, 0x0843, 0x0843, 0x0843, 0x0843, 0x0843, 0x0843, 0x0843, 0x0843, 0x0843, 0x0843, 0x0843, 0x0843, 0x0843, 0x0843, 0x0843, 0x0843, 0x0843, 0x0843, 0x0843, 0x0843, 0x0843, 0x0843, 0x0843, 0x0843, 0x0843, 0x0843, 0x0843, 
    0x0843, 0x0843, 0x0843, 0x0843, 0x0843, 0x0843, 0x0843, 0x0843, 0x0843, 0x0843, 0x0843, 0x0843, 0x0843, 0x0843, 0x0843, 0x0843, 0x0843, 0x0843, 0x0843, 0x0843, 0x0843, 0x0843, 0x0843, 0x0843, 0x0843, 0x0843, 0x0843, 0x0843, 0x0843, 0x0843, 0x0843, 0x0843, 0xFFFF, 0x0843, 0x0843, 0x0843, 0x0843, 0x0843, 0x0843, 0x0843, 0x0843, 0x0843, 0x0843, 0x0843, 0x0843, 0x0843, 0x0843, 0x0843, 0x0843, 0x0843, 0x0843, 0x0843, 0x0843, 0x0843, 0x0843, 0x0843, 0x0843, 0x0843, 0x0843, 0x0843, 0x0843, 0x0843, 0x0843, 0x0843, 
    0x0843, 0x0843, 0x0843, 0x0843, 0x0843, 0x0843, 0x0843, 0x0843, 0x0843, 0x0843, 0x0843, 0x0843, 0x0843, 0x0843, 0x0843, 0x0843, 0x0843, 0x0843, 0x0843, 0x0843, 0x0843, 0x0843, 0x0843, 0x0843, 0x0843, 0x0843, 0x0843, 0x0843, 0x0843, 0x0843, 0x0843, 0x0843, 0x0843, 0x0843, 0x0843, 0x0843, 0x0843, 0x0843, 0x0843, 0x0843, 0x0843, 0x0843, 0x0843, 0x0843, 0x0843, 0x0843, 0x0843, 0x0843, 0x0843, 0x0843, 0x0843, 0x0843, 0x0843, 0x0843, 0x0843, 0x0843, 0x0843, 0x0843, 0x0843, 0x0843, 0x0843, 0x0843, 0x0843, 0x0843, 
    0x0843, 0x0843, 0x0843, 0x0843, 0x0843, 0x0843, 0x0843, 0x0843, 0x0843, 0x0843, 0x0843, 0x0843, 0x0843, 0x0843, 0x0843, 0x0843, 0x0843, 0x0843, 0x0843, 0x0843, 0x0843, 0x0843, 0x0843, 0x0843, 0x0843, 0x0843, 0x0843, 0x0843, 0x0843, 0x0843, 0x0843, 0x0843, 0x0843, 0x0843, 0x0843, 0x0843, 0x0843, 0x0843, 0x0843, 0x0843, 0x0843, 0x0843, 0x0843, 0x0843, 0x0843, 0x0843, 0x0843, 0x0843, 0x0843, 0x0843, 0x0843, 0x0843, 0x0843, 0x0843, 0x0843, 0x0843, 0x0843, 0x0843, 0x0843, 0x0843, 0x0843, 0x0843, 0x0843, 0x0843, 
    0x0843, 0x0843, 0x0843, 0x0843, 0x0843, 0x0843, 0x0843, 0x0843, 0x0843, 0x0843, 0x0843, 0x0843, 0x0843, 0x0843, 0x0843, 0x0843, 0x0843, 0x0843, 0x0843, 0x0843, 0x0843, 0x0843, 0x0843, 0x0843, 0x0843, 0x0843, 0x0843, 0x0843, 0x0843, 0x0843, 0x0843, 0x0843, 0x0843, 0x0843, 0x0843, 0x0843, 0x0843, 0x0843, 0x0843, 0x0843, 0x0843, 0x0843, 0x0843, 0x0843, 0x0843, 0x0843, 0x0843, 0x0843, 0x0843, 0x0843, 0x0843, 0x0843, 0x0843, 0x0843, 0x0843, 0x0843, 0x0843, 0x0843, 0x0843, 0x0843, 0x0843, 0x0843, 0x0843, 0x0843, 
    0x0843, 0x0843, 0x0843, 0x0843, 0x0843, 0x0843, 0x0843, 0x0843, 0x0843, 0x0843, 0x0843, 0x0843, 0x0843, 0x0843, 0x0843, 0x0843, 0x0843, 0x0843, 0x0843, 0x0843, 0x0843, 0x0843, 0x0843, 0x0843, 0x0843, 0x0843, 0x0843, 0x0843, 0x0843, 0x0843, 0x0843, 0x0843, 0x0843, 0x0843, 0x0843, 0x0843, 0x0843, 0x0843, 0x0843, 0x0843, 0x0843, 0x0843, 0x0843, 0x0843, 0x0843, 0x0843, 0x0843, 0x0843, 0x0843, 0x0843, 0x0843, 0x0843, 0x0843, 0x0843, 0x0843, 0x0843, 0x0843, 0x0843, 0x0843, 0x0843, 0x0843, 0x0843, 0x0843, 0x0843, 
    0x0843, 0x0843, 0x0843, 0x0843, 0x0843, 0x0843, 0x0843, 0x0843, 0x0843, 0x0843, 0x0843, 0x0843, 0x0843, 0x0843, 0x0843, 0x0843, 0x0843, 0x0843, 0x0843, 0x0843, 0x0843, 0x0843, 0x0843, 0x0843, 0x0843, 0x0843, 0x0843, 0x0843, 0x0843, 0x0843, 0x0843, 0x0843, 0x0843, 0x0843, 0x0843, 0x0843, 0x0843, 0x0843, 0x0843, 0x0843, 0x0843, 0x0843, 0x0843, 0x0843, 0x0843, 0x0843, 0x0843, 0x0843, 0x0843, 0x0843, 0x0843, 0x0843, 0x0843, 0x0843, 0x0843, 0x0843, 0x0843, 0x0843, 0x0843, 0x0843, 0x0843, 0x0843, 0x0843, 0x0843, 
    0x0843, 0x0843, 0x0843, 0x0843, 0x0843, 0x0843, 0x0843, 0x0843, 0x0843, 0x0843, 0x0843, 0x0843, 0x0843, 0x0843, 0x0843, 0x0843, 0x0843, 0x0843, 0x0843, 0x0843, 0x0843, 0x0843, 0x0843, 0x0843, 0x0843, 0x0843, 0x0843, 0x0843, 0x0843, 0x0843, 0x0843, 0x0843, 0x0843, 0x0843, 0x0843, 0x0843, 0x0843, 0x0843, 0x0843, 0x0843, 0x0843, 0x0843, 0x0843, 0x0843, 0x0843, 0x0843, 0x0843, 0x0843, 0x0843, 0x0843, 0x0843, 0x0843, 0x0843, 0x0843, 0x0843, 0x0843, 0x0843, 0x0843, 0x0843, 0x0843, 0x0843, 0x0843, 0x0843, 0x0843, 
    0x0843, 0x0843, 0x0843, 0x0843, 0x0843, 0x0843, 0x0843, 0x0843, 0x0843, 0x0843, 0x0843, 0x0843, 0x0843, 0x0843, 0x0843, 0x0843, 0x0843, 0x0843, 0x0843, 0x0843, 0x0843, 0x0843, 0x0843, 0x0843, 0x0843, 0x0843, 0x0843, 0x0843, 0x0843, 0x0843, 0x0843, 0x0843, 0x0843, 0x0843, 0x0843, 0x0843, 0x0843, 0x0843, 0x0843, 0x0843, 0x0843, 0x0843, 0x0843, 0x0843, 0x0843, 0x0843, 0x0843, 0x0843, 0x0843, 0x0843, 0x0843, 0x0843, 0x0843, 0x0843, 0x0843, 0x0843, 0x0843, 0x0843, 0x0843, 0x0843, 0x0843, 0x0843, 0x0843, 0x0843, 
    0x0843, 0x0843, 0x0843, 0x0843, 0x0843, 0x0843, 0x0843, 0x0843, 0x0843, 0x0843, 0x0843, 0x0843, 0x0843, 0x0843, 0x0843, 0x0843, 0x0843, 0x0843, 0x0843, 0x0843, 0x0843, 0x0843, 0x0843, 0x0843, 0x0843, 0x0843, 0x0843, 0x0843, 0x0843, 0x0843, 0x0843, 0x0843, 0x0843, 0x0843, 0x0843, 0x0843, 0x0843, 0x0843, 0x0843, 0x0843, 0x0843, 0x0843, 0x0843, 0x0843, 0x0843, 0x0843, 0x0843, 0x0843, 0x0843, 0x0843, 0x0843, 0x0843, 0x0843, 0x0843, 0x0843, 0x0843, 0x0843, 0x0843, 0x0843, 0x0843, 0x0843, 0x0843, 0x0843, 0x0843, 
    0x0843, 0x0843, 0x0843, 0x0843, 0x0843, 0x0843, 0x0843, 0x0843, 0x0843, 0x0843, 0x0843, 0x0843, 0x0843, 0x0843, 0x0843, 0x0843, 0x0843, 0x0843, 0x0843, 0x0843, 0x0843, 0x0843, 0x0843, 0x0843, 0x0843, 0x0843, 0x0843, 0x0843, 0x0843, 0x0843, 0x0843, 0x0843, 0x0843, 0x0843, 0x0843, 0x0843, 0x0843, 0x0843, 0x0843, 0x0843, 0x0843, 0x0843, 0x0843, 0x0843, 0x0843, 0x0843, 0x0843, 0x0843, 0x0843, 0x0843, 0x0843, 0x0843, 0x0843, 0x0843, 0x0843, 0x0843, 0x0843, 0x0843, 0x0843, 0x0843, 0x0843, 0x0843, 0x0843, 0x0843, 
    0x0843, 0x0843, 0x0843, 0x0843, 0x0843, 0x0843, 0x0843, 0x0843, 0x0843, 0x0843, 0x0843, 0x0843, 0x0843, 0x0843, 0x0843, 0x0843, 0x0843, 0x0843, 0x0843, 0x0843, 0x0843, 0x0843, 0x0843, 0x0843, 0x0843, 0x0843, 0x0843, 0x0843, 0x0843, 0x0843, 0x0843, 0x0843, 0xFFFF, 0x0843, 0x0843, 0x0843, 0x0843, 0x0843, 0x0843, 0x0843, 0x0843, 0x0843, 0x0843, 0x0843, 0x0843, 0x0843, 0x0843, 0x0843, 0x0843, 0x0843, 0x0843, 0x0843, 0x0843, 0x0843, 0x0843, 0x0843, 0x0843, 0x0843, 0x0843, 0x0843, 0x0843, 0x0843, 0x0843, 0x0843, 
    0x0843, 0x0843, 0x0843, 0x0843, 0x0843, 0x0843, 0x0843, 0x0843, 0x0843, 0x0843, 0x0843, 0x0843, 0x0843, 0x0843, 0x0843, 0x0843, 0x0843, 0x0843, 0x0843, 0x0843, 0x0843, 0x0843, 0x0843, 0x0843, 0x0843, 0x0843, 0x0843, 0x0843, 0x0843, 0x0843, 0x0843, 0x0843, 0xFFFF, 0x0843, 0x0843, 0x0843, 0x0843, 0x0843, 0x0843, 0x0843, 0x0843, 0x0843, 0x0843, 0x0843, 0x0843, 0x0843, 0x0843, 0x0843, 0x0843, 0x0843, 0x0843, 0x0843, 0x0843, 0x0843, 0x0843, 0x0843, 0x0843, 0x0843, 0x0843, 0x0843, 0x0843, 0x0843, 0x0843, 0x0843, 
    0x0843, 0x0843, 0x0843, 0x0843, 0x0843, 0x0843, 0x0843, 0x0843, 0x0843, 0x0843, 0x0843, 0x0843, 0x0843, 0x0843, 0x0843, 0x0843, 0x0843, 0x0843, 0x0843, 0x0843, 0x0843, 0x0843, 0x0843, 0x0843, 0x0843, 0x0843, 0x0843, 0x0843, 0x0843, 0x0843, 0x0843, 0x0843, 0xFFFF, 0x0843, 0x0843, 0x0843, 0x0843, 0x0843, 0x0843, 0x0843, 0x0843, 0x0843, 0x0843, 0x0843, 0x0843, 0x0843, 0x0843, 0x0843, 0x0843, 0x0843, 0x0843, 0x0843, 0x0843, 0x0843, 0x0843, 0x0843, 0x0843, 0x0843, 0x0843, 0x0843, 0x0843, 0x0843, 0x0843, 0x0843, 
    0x0843, 0x0843, 0x0843, 0x0843, 0x0843, 0x0843, 0x0843, 0x0843, 0x0843, 0x0843, 0x0843, 0x0843, 0x0843, 0x0843, 0x0843, 0x0843, 0x0843, 0x0843, 0x0843, 0x0843, 0x0843, 0x0843, 0x0843, 0x0843, 0x0843, 0x0843, 0x0843, 0x0843, 0x0843, 0x0843, 0x0843, 0x0843, 0xFFFF, 0x0843, 0x0843, 0x0843, 0x0843, 0x0843, 0x0843, 0x0843, 0x0843, 0x0843, 0x0843, 0x0843, 0x0843, 0x0843, 0x0843, 0x0843, 0x0843, 0x0843, 0x0843, 0x0843, 0x0843, 0x0843, 0x0843, 0x0843, 0x0843, 0x0843, 0x0843, 0x0843, 0x0843, 0x0843, 0x0843, 0x0843, 
    0x0843, 0x0843, 0x0843, 0x0843, 0x0843, 0x0843, 0x0843, 0x0843, 0x0843, 0x0843, 0x0843, 0x0843, 0x0843, 0x0843, 0x0843, 0x0843, 0x0843, 0x0843, 0x0843, 0x0843, 0x0843, 0x0843, 0x0843, 0x0843, 0x0843, 0x0843, 0x0843, 0x0843, 0x0843, 0x0843, 0x0843, 0x0843, 0xFFFF, 0x0843, 0x0843, 0x0843, 0x0843, 0x0843, 0x0843, 0x0843, 0x0843, 0x0843, 0x0843, 0x0843, 0x0843, 0x0843, 0x0843, 0x0843, 0x0843, 0x0843, 0x0843, 0x0843, 0x0843, 0x0843, 0x0843, 0x0843, 0x0843, 0x0843, 0x0843, 0x0843, 0x0843, 0x0843, 0x0843, 0x0843, 
    0x0843, 0x0843, 0x0843, 0x0843, 0x0843, 0x0843, 0x0843, 0x0843, 0x0843, 0x0843, 0x0843, 0x0843, 0x0843, 0x0843, 0x0843, 0x0843, 0x0843, 0x0843, 0x0843, 0x0843, 0x0843, 0x0843, 0x0843, 0x0843, 0x0843, 0x0843, 0x0843, 0x0843, 0x0843, 0x0843, 0x0843, 0x0843, 0xFFFF, 0x0843, 0x0843, 0x0843, 0x0843, 0x0843, 0x0843, 0x0843, 0x0843, 0x0843, 0x0843, 0x0843, 0x0843, 0x0843, 0x0843, 0x0843, 0x0843, 0x0843, 0x0843, 0x0843, 0x0843, 0x0843, 0x0843, 0x0843, 0x0843, 0x0843, 0x0843, 0x0843, 0x0843, 0x0843, 0x0843, 0x0843, 
    0x0843, 0x0843, 0x0843, 0x0843, 0x0843, 0x0843, 0x0843, 0x0843, 0x0843, 0x0843, 0x0843, 0x0843, 0x0843, 0x0843, 0x0843, 0x0843, 0x0843, 0x0843, 0x0843, 0x0843, 0x0843, 0x0843, 0x0843, 0x0843, 0x0843, 0x0843, 0x0843, 0x0843, 0x0843, 0x0843, 0x0843, 0x0843, 0xFFFF, 0x0843, 0x0843, 0x0843, 0x0843, 0x0843, 0x0843, 0x0843, 0x0843, 0x0843, 0x0843, 0x0843, 0x0843, 0x0843, 0x0843, 0x0843, 0x0843, 0x0843, 0x0843, 0x0843, 0x0843, 0x0843, 0x0843, 0x0843, 0x0843, 0x0843, 0x0843, 0x0843, 0x0843, 0x0843, 0x0843, 0x0843, 
    0x0843, 0x0843, 0x0843, 0x0843, 0x0843, 0x0843, 0x0843, 0x0843, 0x0843, 0x0843, 0x0843, 0x0843, 0x0843, 0x0843, 0x0843, 0x0843, 0x0843, 0x0843, 0x0843, 0x0843, 0x0843, 0x0843, 0x0843, 0x0843, 0x0843, 0x0843, 0x0843, 0x0843, 0x0843, 0x0843, 0x0843, 0x0843, 0xFFFF, 0x0843, 0x0843, 0x0843, 0x0843, 0x0843, 0x0843, 0x0843, 0x0843, 0x0843, 0x0843, 0x0843, 0x0843, 0x0843, 0x0843, 0x0843, 0x0843, 0x0843, 0x0843, 0x0843, 0x0843, 0x0843, 0x0843, 0x0843, 0x0843, 0x0843, 0x0843, 0x0843, 0x0843, 0x0843, 0x0843, 0x0843, 
};

